{"type":"FeatureCollection","features":[{"type":"Feature","id":153066,"geometry":{"type":"Polygon","coordinates":[[[-69.066116607000026,-12.405270437000013],[-69.075316987000008,-12.405268141000022],[-69.075319593000017,-12.414311451999993],[-69.075322200000016,-12.423354758000016],[-69.084523213000011,-12.423352147000003],[-69.084526138999991,-12.432395443000019],[-69.075324808000005,-12.432398055000021],[-69.075332641999978,-12.459527911999999],[-69.093737213999987,-12.459522359999994],[-69.093740466999975,-12.468565626999975],[-69.084537864000026,-12.468568563000019],[-69.084540799000024,-12.477611828000022],[-69.093743721999999,-12.477608889999999],[-69.093756758999973,-12.513781873000028],[-69.093760022000026,-12.522825102000013],[-69.112169059999985,-12.522818260000008],[-69.112172967999982,-12.531861477000007],[-69.121377800000005,-12.531857580000008],[-69.121382030999996,-12.540900786999998],[-69.130587182999989,-12.540896571000019],[-69.130596294999975,-12.558982963000005],[-69.149007869999991,-12.558973567999999],[-69.149002670000016,-12.549930383000003],[-69.139797206000026,-12.549935235000021],[-69.139772857000025,-12.504719194000018],[-69.148976714000014,-12.504714361000026],[-69.148950849000016,-12.459498175000022],[-69.167355358000009,-12.459487604999993],[-69.167361163999999,-12.468530844999975],[-69.188345248000019,-12.468510272000003],[-69.189132174999997,-12.483723402999999],[-69.189059967999981,-12.484337416000017],[-69.188950105000004,-12.485271613000009],[-69.189426747000027,-12.485465757999975],[-69.193588949000002,-12.488100331999988],[-69.195768181999995,-12.489039194999975],[-69.19854667200002,-12.489748900999984],[-69.199982088000013,-12.489817397000024],[-69.202130129000011,-12.490125552999984],[-69.203391463000003,-12.490135108000004],[-69.208228328000018,-12.490374459999998],[-69.211674877999997,-12.490774600000009],[-69.212308365000013,-12.490793098999973],[-69.21509334000001,-12.491588992999993],[-69.218605457000024,-12.493868642999985],[-69.21893251900002,-12.494158941000023],[-69.220200261000002,-12.496278213999972],[-69.220848266000019,-12.498419415000001],[-69.221141806999981,-12.499974624000004],[-69.221075564999978,-12.500871319999987],[-69.220659436000005,-12.502358282999978],[-69.220504661000007,-12.504460161999987],[-69.220871476000013,-12.505914569000026],[-69.221950495999977,-12.507574674000011],[-69.222628100999998,-12.508225870999979],[-69.223524311000006,-12.508988482000007],[-69.224226267999995,-12.509477506999986],[-69.224918386000013,-12.509866891000001],[-69.224917483000013,-12.508824301000004],[-69.224916726999993,-12.507950431999973],[-69.225015810000002,-12.505454403999977],[-69.225096038999993,-12.502442921000011],[-69.226604926999983,-12.495617870999979],[-69.241006642999992,-12.495605527000009],[-69.241023410000025,-12.513691870000002],[-69.226928827999984,-12.513653103000024],[-69.226975455999991,-12.522737602999996],[-69.250236239999992,-12.522726722000016],[-69.250227526999993,-12.513683565000008],[-69.256875636000018,-12.513677115999997],[-69.257991351999976,-12.568804167999986],[-69.244754477000015,-12.574622372000022],[-69.27650930499999,-12.60052953600001],[-69.276471807000007,-12.564745690999985],[-69.276461358000006,-12.554758435999986],[-69.276402503999975,-12.498342916000013],[-69.268618297999978,-12.498487780999994],[-69.268618300000014,-12.498486451000019],[-69.268617050999978,-12.495579706000001],[-69.287023950999981,-12.495560920000003],[-69.287083940999992,-12.549819671000023],[-69.287093964000007,-12.558862773999977],[-69.287100069000019,-12.564367633000018],[-69.287824299000022,-12.564177683000025],[-69.288407489999997,-12.562569720999988],[-69.288443159999986,-12.560959054000023],[-69.289086456000007,-12.560567698],[-69.289530241000023,-12.556355049999979],[-69.29580832900001,-12.555084728999987],[-69.305496009000024,-12.550947423000025],[-69.305494656000008,-12.549799534999977],[-69.296289301999991,-12.549809761999995],[-69.296268634,-12.531723549999981],[-69.30252237000002,-12.531716648999975],[-69.302533132000008,-12.532055452999998],[-69.302473038000016,-12.532495301999973],[-69.302250963000006,-12.532904695000013],[-69.302144877999979,-12.533352567999998],[-69.302129234999995,-12.533802365999975],[-69.302061126000012,-12.534242043999996],[-69.301983856999982,-12.534681526999975],[-69.301862133999975,-12.535111058999973],[-69.301839226000027,-12.535578708000003],[-69.30177091500002,-12.536027381999986],[-69.301564466999992,-12.536455111999999],[-69.301290114999972,-12.536845385999982],[-69.301000330000022,-12.537208322000026],[-69.300695307000012,-12.53753492200002],[-69.300374608000027,-12.537897197999996],[-69.300061723999988,-12.538268641999991],[-69.30006877400001,-12.538727922000021],[-69.300115147999975,-12.539170035999973],[-69.300168196000016,-12.539621294000028],[-69.300183061999974,-12.540089743999999],[-69.300054063000005,-12.540537126000004],[-69.299908473000016,-12.542307531000006],[-69.300015131000009,-12.54276893399998],[-69.300107453999999,-12.543257039000025],[-69.300145812999972,-12.543698983000013],[-69.30024425900001,-12.544169215000011],[-69.300404376000017,-12.544595747000017],[-69.300611288000027,-12.544978264999997],[-69.300847770000018,-12.545370413000001],[-69.301175894999972,-12.545710499999984],[-69.301556781999977,-12.545943680999983],[-69.301983667000002,-12.546168838000028],[-69.302434140000003,-12.546259457000019],[-69.302922689000013,-12.546233852],[-69.303357318999986,-12.546108070999992],[-69.303792740999995,-12.545946296000011],[-69.304036296999982,-12.546329592999996],[-69.304219520999993,-12.546747615000015],[-69.304433859000028,-12.547157298000002],[-69.304624350999973,-12.547557469000026],[-69.304936654000016,-12.54788821599999],[-69.305272254999977,-12.54820145399998],[-69.305692279000027,-12.548426459999973],[-69.306104287999972,-12.548651296999992],[-69.306493400000022,-12.548875646999988],[-69.306882115000008,-12.549117990000013],[-69.307264311999973,-12.549396206999972],[-69.307638144999999,-12.549638236000021],[-69.30804254200001,-12.549844902000018],[-69.308469441999989,-12.550070055999981],[-69.308866572999989,-12.550294571999984],[-69.309255095000026,-12.550545913999997],[-69.309659495999995,-12.550752579999994],[-69.310056628999973,-12.550977096999986],[-69.310445748999996,-12.551201443000025],[-69.310903678999978,-12.551526282999987],[-69.310979653000004,-12.551041753999982],[-69.315916394999988,-12.55226309599999],[-69.315557237000007,-12.557387052000024],[-69.316274033000013,-12.556934151000007],[-69.31599180500001,-12.556432993999977],[-69.317816221999976,-12.555310424000027],[-69.318029485000011,-12.555666067000004],[-69.319333586000027,-12.554865527000004],[-69.319669395999995,-12.555430839999985],[-69.321248630000014,-12.554465079000011],[-69.321935344999986,-12.555587021000008],[-69.323461310000027,-12.554647117999991],[-69.32406457899998,-12.555605234999973],[-69.327879075999988,-12.553273417000014],[-69.328108389000022,-12.553629397999998],[-69.330809170999999,-12.55193109999999],[-69.330229525999982,-12.55099149900002],[-69.331831061000003,-12.549999112000023],[-69.331541927999979,-12.549497815999985],[-69.333631868999987,-12.548173647999988],[-69.332197339999993,-12.548134245000028],[-69.332266544999982,-12.54487661600001],[-69.33260922300002,-12.544712818999983],[-69.332990511999981,-12.54445980700001],[-69.333372591999989,-12.544170801000007],[-69.333754278000015,-12.54389979299998],[-69.334105638999972,-12.543601129000024],[-69.334425925000005,-12.543256793000012],[-69.33473057499998,-12.542894118999982],[-69.334943860999999,-12.542466487000013],[-69.335325935000014,-12.542177476000006],[-69.335699797000018,-12.541897294000023],[-69.335753566999983,-12.541430272000014],[-69.335921046999999,-12.541001667999979],[-69.336074037000003,-12.540554751999991],[-69.336142097999982,-12.540115043000014],[-69.336126967999974,-12.539655566000022],[-69.336294443999975,-12.539226960999997],[-69.336507919999974,-12.538790328000005],[-69.336554223999997,-12.538350155999979],[-69.336775118999981,-12.537940687999992],[-69.336836700999982,-12.537482834000002],[-69.336882054,-12.537033639000015],[-69.337081192000028,-12.536623709000025],[-69.337309903000005,-12.536223408000012],[-69.337355847000026,-12.535747216999994],[-69.337340155999982,-12.535260714999993],[-69.337271405000024,-12.534791100999996],[-69.337301871000022,-12.534341589999997],[-69.337408852999999,-12.533902700999988],[-69.337575926,-12.533492093000007],[-69.337919288000023,-12.533139229000028],[-69.338316584999973,-12.532886542000028],[-69.338736584999992,-12.532643333999999],[-69.339179012999978,-12.532526646000008],[-69.339651296999989,-12.532563639999978],[-69.340117068999973,-12.532636507999996],[-69.340574987000025,-12.532754225000019],[-69.341055445999984,-12.532836406000001],[-69.341543441999988,-12.532783696000024],[-69.342001704999973,-12.532676340000023],[-69.342451756999992,-12.53257781100001],[-69.342924708999988,-12.532479765999994],[-69.343351806999976,-12.532173678999982],[-69.343589108000003,-12.531746538999982],[-69.343924608000009,-12.531438514000001],[-69.344229781000024,-12.531102837999981],[-69.344503879999991,-12.530721488999973],[-69.344809678999979,-12.530304797999975],[-69.345114294999973,-12.529942097999992],[-69.345244555000022,-12.529485684000008],[-69.345313572999999,-12.529000967000002],[-69.345404900000005,-12.528543732000003],[-69.345503294000025,-12.528077642000028],[-69.345320938999976,-12.527668647999974],[-69.344939646,-12.527399505000005],[-69.344527011000025,-12.527201724999998],[-69.344046590000005,-12.527065536999999],[-69.343580556000006,-12.527109715999984],[-69.343122805000007,-12.527037026000016],[-69.342726399000014,-12.526830585000027],[-69.342261065000002,-12.526685708999992],[-69.341864498999996,-12.526434246000008],[-69.341468329999998,-12.526164785999981],[-69.341062963000013,-12.52594915100002],[-69.340636005000022,-12.525778073000026],[-69.340209050999988,-12.525606997000011],[-69.33981173799998,-12.525337512000021],[-69.339422996999986,-12.525095217000001],[-69.339011124000024,-12.524915453999995],[-69.338568499000019,-12.524780057999976],[-69.338126268999986,-12.524626661000013],[-69.337759124999991,-12.52433980699999],[-69.337476938999998,-12.523991722999995],[-69.337225310999997,-12.523608275000015],[-69.337011662999998,-12.523216628],[-69.336843650999981,-12.522780926999985],[-69.336806005000028,-12.522302966999973],[-69.336813560999985,-12.521852971999976],[-69.336897274000023,-12.52137757700001],[-69.336859785000001,-12.520944637000014],[-69.336774994999985,-12.520474684000021],[-69.336638096000001,-12.520030640000016],[-69.336417383000025,-12.519647845000009],[-69.336164613999983,-12.519264376000024],[-69.335981719000017,-12.518828360999976],[-69.336035073000005,-12.51837933600001],[-69.33625688699999,-12.517978884000001],[-69.33661526100002,-12.517671346999975],[-69.336898110999982,-12.517308194999998],[-69.337347254999997,-12.517092606000006],[-69.337790638999991,-12.516930914],[-69.338201839000021,-12.516669506000028],[-69.338575847000016,-12.516380301000027],[-69.338857940000025,-12.515999125000008],[-69.339193609999995,-12.515682102000028],[-69.339560192000022,-12.515365728000006],[-69.339872801000013,-12.515003200000024],[-69.340223907999984,-12.514713508],[-69.340628788999993,-12.514478968999981],[-69.341040501000009,-12.514298592999978],[-69.341513415999998,-12.514200537000022],[-69.341971050999973,-12.514120164000019],[-69.34245230099998,-12.514112311000019],[-69.342917261000025,-12.514221157999998],[-69.343382612000028,-12.514312003999976],[-69.343825459000016,-12.514384369000027],[-69.34428318800002,-12.514457047000008],[-69.344732674999989,-12.514592574000005],[-69.345229335999989,-12.51466607399999],[-69.345648822999976,-12.514863987000012],[-69.346083233000002,-12.515008196999986],[-69.346557193000024,-12.515072211000017],[-69.347014799000021,-12.51504584700001],[-69.347471653000014,-12.515001460000008],[-69.347960302999979,-12.515074785000024],[-69.348410939000019,-12.515210330999992],[-69.348853005000024,-12.515318686000001],[-69.349333249999972,-12.515409836999993],[-69.349822490999998,-12.515456159999985],[-69.350295309999979,-12.515520144999982],[-69.35075304999998,-12.515592813000012],[-69.351210791000028,-12.515665481999974],[-69.35169162599999,-12.515729631999989],[-69.352164316000028,-12.515694575999987],[-69.352615125,-12.51556001900002],[-69.353057557,-12.515389271999993],[-69.353484942000023,-12.515173188999995],[-69.353858187000014,-12.514865934999989],[-69.354156095000008,-12.514494069000023],[-69.354423087999976,-12.514121547999991],[-69.354628289000004,-12.513693708999995],[-69.354766719999986,-12.513228448000007],[-69.354819840000005,-12.512788402000012],[-69.354819147000001,-12.512347224999985],[-69.354736215999992,-12.511895310999989],[-69.354598690999978,-12.511478263000015],[-69.354399897000008,-12.511086933000001],[-69.354163516000028,-12.510685808999995],[-69.353896191999979,-12.510338054999977],[-69.353598905000013,-12.50999867500002],[-69.353293604999976,-12.509659123999995],[-69.352973255999984,-12.509274241000014],[-69.352614702999972,-12.508960575999993],[-69.352179999999976,-12.508672321999995],[-69.351797766000004,-12.508394173999989],[-69.351416874999984,-12.508107051000025],[-69.35108083199998,-12.507811867999976],[-69.350653328000021,-12.507613796999976],[-69.350257327000008,-12.507389378000028],[-69.349906599000008,-12.507084882000015],[-69.349585278999996,-12.506744993999973],[-69.349227094000014,-12.506467352000016],[-69.348815428000023,-12.506278614999985],[-69.348417894000022,-12.506072168999992],[-69.347968056000013,-12.505900634],[-69.347510956999997,-12.505746951999981],[-69.347029324999994,-12.505772816999979],[-69.346571701000016,-12.505853204999994],[-69.346099229999993,-12.505879262999997],[-69.345632973000022,-12.505725384000016],[-69.345183107000025,-12.505607865000002],[-69.344680313000026,-12.505606269999987],[-69.344229531999986,-12.505425706999972],[-69.343962622999982,-12.505059951000021],[-69.34390106699999,-12.504626501000018],[-69.344168088000004,-12.504199975000006],[-69.344550443000003,-12.503946942000027],[-69.344993047999992,-12.503767203999985],[-69.345427248000021,-12.503605293000021],[-69.345884897000019,-12.503470882999977],[-69.346327501000019,-12.503291143000013],[-69.346763204000013,-12.503165272999979],[-69.347205219999978,-12.503012527999999],[-69.347632546,-12.502850465999984],[-69.348060069999974,-12.502679404999981],[-69.348471237000012,-12.502417967999975],[-69.348799810999992,-12.502109772999972],[-69.349120565000021,-12.501792409000018],[-69.349471644000005,-12.501502694999999],[-69.349837013000013,-12.501240289000009],[-69.350295410999991,-12.50112389200001],[-69.350760486000013,-12.501016638999999],[-69.351218689000007,-12.500909240999988],[-69.351722128999995,-12.500775783999984],[-69.352141635999999,-12.500604544999987],[-69.352538697999989,-12.500306787999989],[-69.352805866999972,-12.499925266999981],[-69.353011604000017,-12.499524443999974],[-69.353194832999975,-12.499105143000008],[-69.353453591999994,-12.498741449000022],[-69.353797235000002,-12.498424559],[-69.354025669999999,-12.498033217],[-69.354277587000013,-12.497615356999972],[-69.354475696000009,-12.497196366000026],[-69.354743639999981,-12.496778843000016],[-69.355032943000026,-12.496379776000026],[-69.355308115000014,-12.49599841700001],[-69.355513842999983,-12.495597590999978],[-69.355896009999981,-12.495299510999985],[-69.356353481999975,-12.495120056000019],[-69.356810395000025,-12.494913576999977],[-69.357184712999981,-12.494660346999979],[-69.357535215999974,-12.494343590000028],[-69.357856145000028,-12.494017207000013],[-69.358161633999998,-12.493663491000007],[-69.35846653599998,-12.493336768999995],[-69.358832473000007,-12.49304734399999],[-69.359199359999991,-12.492766942000003],[-69.359534806999989,-12.492404847999978],[-69.359908591000021,-12.492070567999974],[-69.360275084000023,-12.491808161999984],[-69.360641408999982,-12.491500733000009],[-69.360976825000023,-12.491192656999999],[-69.361342953000019,-12.490894226000023],[-69.361732145000019,-12.490641295999978],[-69.362113323000017,-12.49038819499998],[-69.362509966000005,-12.490108409000015],[-69.362922780000019,-12.48992800100001],[-69.363387891000002,-12.489712675000021],[-69.363784506999991,-12.489486907000014],[-69.364158254000017,-12.489206636000006],[-69.364554869000017,-12.488980867999999],[-69.364967120000017,-12.488773432000016],[-69.365371747999973,-12.48854782799998],[-69.365775621000012,-12.488304200000016],[-69.366188093000005,-12.488033742000027],[-69.366607602999977,-12.48780844800001],[-69.367004604999977,-12.487564673000008],[-69.36739283899999,-12.487302707000026],[-69.367798047000008,-12.487050098999987],[-69.368194657999993,-12.486824322000018],[-69.368606150999994,-12.486598855000011],[-69.369049307000012,-12.486392056],[-69.369484032999992,-12.486257109000007],[-69.369942019000007,-12.486158665000005],[-69.370399420000012,-12.486087216999977],[-69.370872483000028,-12.48598008099998],[-69.371322624000015,-12.485926484000004],[-69.371796194000012,-12.485954413000002],[-69.372276075000002,-12.485955459000024],[-69.372703022999985,-12.48612646700002],[-69.373138568000002,-12.486270640999976],[-69.373565712000016,-12.486432649999983],[-69.373969736999982,-12.48665719600001],[-69.374366896000026,-12.486881598000025],[-69.374709832999997,-12.487176895999994],[-69.374985197000001,-12.487524800000017],[-69.375229065999974,-12.487899054000025],[-69.375495639999997,-12.488282788999982],[-69.375770810999995,-12.488639692999982],[-69.37596849900001,-12.489030985999989],[-69.380585210999982,-12.485667267999986],[-69.380440866000015,-12.485360169999979],[-69.379868029000022,-12.484516699999972],[-69.378893839999989,-12.483538231000011],[-69.377243175999979,-12.482073542000023],[-69.376834873000007,-12.481753049000019],[-69.385453034000022,-12.475489609000022],[-69.386269388000017,-12.481278084999985],[-69.388239748999979,-12.481016318000002],[-69.388247764000027,-12.486392034999994],[-69.397450772000013,-12.48637871699998],[-69.39747840299998,-12.504464799000004],[-69.388274751999973,-12.504478135999989],[-69.388288750000015,-12.513846726999986],[-69.39058054100002,-12.513843432999977],[-69.390573745999973,-12.509321913000008],[-69.395175655000003,-12.509315243000003],[-69.395182531999978,-12.513836758000025],[-69.398403925000025,-12.513832041000001],[-69.398407099999986,-12.515902031999985],[-69.400856417999989,-12.516202716999999],[-69.402594796000017,-12.51707639],[-69.405009888999984,-12.517540994000001],[-69.406137512999976,-12.518636010000023],[-69.407418451000012,-12.519103938000001],[-69.407650918999991,-12.51953198199999],[-69.407846224000025,-12.521733057000006],[-69.408064475000003,-12.522872127000028],[-69.407719794999991,-12.524773800999981],[-69.40696835,-12.525883626999985],[-69.40705237200001,-12.527614165999978],[-69.406720081000003,-12.528745447999995],[-69.406700305000015,-12.530539486999999],[-69.406718995000006,-12.534417195999993],[-69.405404960999988,-12.535232692000022],[-69.404548768999973,-12.535672476999991],[-69.403271342999972,-12.536221764999993],[-69.400756437999974,-12.537091746999977],[-69.400015731999986,-12.537220262000005],[-69.399304465,-12.537277472000028],[-69.398834072,-12.537264779999987],[-69.397912397000027,-12.537395095000022],[-69.397495438000021,-12.537410087000012],[-69.39607373299998,-12.53764991700001],[-69.39536171200001,-12.537878485000022],[-69.393289488999983,-12.53842301100002],[-69.39257741199998,-12.538679695999974],[-69.390414642999986,-12.539252001000023],[-69.388936851999972,-12.539792922999993],[-69.387332943999979,-12.540639403],[-69.384284268999977,-12.542405812000027],[-69.382234412000003,-12.543738872000006],[-69.381769749999989,-12.544124495000005],[-69.381481178000001,-12.544444668999972],[-69.380204862000028,-12.546189803000004],[-69.379352052000002,-12.547110238000016],[-69.378696606999995,-12.548100749000014],[-69.378369297000006,-12.549255204000019],[-69.378380345999972,-12.550012641000023],[-69.378901082000027,-12.552080438000019],[-69.378989694999973,-12.552808830999993],[-69.378962103999982,-12.553582510000012],[-69.378991658000018,-12.554465801999982],[-69.379232350999985,-12.555574878000016],[-69.379303799000013,-12.556652176],[-69.379577661999974,-12.558281184999998],[-69.379774369000017,-12.558770772999992],[-69.380102919000024,-12.559207002999983],[-69.381099677000009,-12.559994249999988],[-69.381626711000024,-12.560559244999979],[-69.38191245500002,-12.561367206],[-69.381905904000007,-12.562355448999995],[-69.381818098999986,-12.563054335000004],[-69.38172291799998,-12.563433739000004],[-69.381504339000003,-12.563973832999977],[-69.381173809000018,-12.564510284999983],[-69.380689232999998,-12.565465881000023],[-69.380678690000025,-12.565486673999999],[-69.380722115000026,-12.565481971999986],[-69.390541294999991,-12.564418817999979],[-69.391052236000007,-12.56831921600002],[-69.382095865999986,-12.569319448999977],[-69.381446439000001,-12.569391961999997],[-69.381469665999987,-12.569429059000015],[-69.382661048999978,-12.570687078999981],[-69.383065493999993,-12.571258752000006],[-69.38315942700001,-12.571528194999985],[-69.383248794999986,-12.571636855999998],[-69.383905090999974,-12.572434612999984],[-69.384042158,-12.572549988999981],[-69.384387503000028,-12.573059258000001],[-69.384745409000004,-12.573346499000024],[-69.385845884999981,-12.574001004000024],[-69.386750832000018,-12.57484406399999],[-69.388180782000006,-12.576642857000024],[-69.389525961000004,-12.57795207700002],[-69.390952721000019,-12.57901691699999],[-69.391807871000026,-12.579481305999991],[-69.392330432999984,-12.579907832999993],[-69.392690818999995,-12.580423307999979],[-69.393742971999984,-12.581593759999976],[-69.394729798000014,-12.582786817999988],[-69.39504462299999,-12.583362582999996],[-69.395785654999997,-12.584321962999979],[-69.397252251999987,-12.585866265999982],[-69.39795245900001,-12.586970570000005],[-69.398328935999984,-12.587754953000001],[-69.399039282999979,-12.589037390999977],[-69.400096282999982,-12.591096832999995],[-69.400367817000017,-12.591528056000016],[-69.401137326000025,-12.592061811000008],[-69.401919437000004,-12.592703425000025],[-69.402295891999984,-12.592813278999984],[-69.402638525999976,-12.592841523999994],[-69.403477689999988,-12.592576210000004],[-69.404308440000023,-12.592172635999987],[-69.404481182999973,-12.592115536999984],[-69.404457671999978,-12.591740829000003],[-69.403939376999972,-12.583482251000021],[-69.408693039000013,-12.583293799999979],[-69.40882250300001,-12.587726533000023],[-69.422944943999994,-12.58717584599998],[-69.423395097000025,-12.593794421999974],[-69.423413653000011,-12.594067247999988],[-69.42355474499999,-12.594019113999991],[-69.424891944000024,-12.593339136999987],[-69.425751536999996,-12.593027147999976],[-69.427335503999984,-12.592368291000014],[-69.427699134000022,-12.592343027000027],[-69.428976121000005,-12.592507296000008],[-69.429423676999988,-12.592624863000026],[-69.429839879999975,-12.59282188100002],[-69.430259659000001,-12.593120627000019],[-69.430851582999992,-12.59345906499999],[-69.431379960000015,-12.593620811999983],[-69.431922940999982,-12.593706213000019],[-69.432784141000013,-12.593752214000006],[-69.434414474999983,-12.594230133999986],[-69.436075666000022,-12.594603817999996],[-69.436840296000014,-12.594709738000006],[-69.437703311999996,-12.594740166999998],[-69.438883180000005,-12.594630632000019],[-69.439460086999986,-12.594631589000016],[-69.440512969999986,-12.594726537999975],[-69.440933190999999,-12.594898297999976],[-69.441739450999989,-12.595549521999999],[-69.44366617999998,-12.596667778999972],[-69.445297901000004,-12.597501383000008],[-69.446485325000026,-12.598189848999994],[-69.447732314999996,-12.59881907099998],[-69.450227586999972,-12.600282134999986],[-69.45069823099999,-12.600637823999989],[-69.451091487999975,-12.601017512999988],[-69.451908945000014,-12.601989894999974],[-69.45262603499998,-12.602639785000008],[-69.453916873000026,-12.603993430000003],[-69.454536956000027,-12.604450500999974],[-69.454537985000002,-12.604451058999985],[-69.454706509999994,-12.603929628999992],[-69.457163610999999,-12.596326706000013],[-69.457636782999998,-12.596651714000018],[-69.457988342000021,-12.596983196999986],[-69.458216537999988,-12.597402163000027],[-69.458499349000022,-12.597786244000019],[-69.458949282999981,-12.597966691000011],[-69.459277546999999,-12.59831570099999],[-69.459544322999989,-12.598699447999991],[-69.45978859600001,-12.599010691999979],[-69.460147531000018,-12.59782951599999],[-69.467410202999986,-12.60005152399998],[-69.467982225000014,-12.599991360999979],[-69.468463380000003,-12.599893290000011],[-69.468936706000022,-12.599786052000013],[-69.469417474000011,-12.59970598000001],[-69.469889641000009,-12.599652746999993],[-69.470370795999997,-12.599554672000011],[-69.470843752999997,-12.599411400999998],[-69.471309659999974,-12.59922296000002],[-69.471698457000002,-12.598942865000026],[-69.47210271199998,-12.598690106999982],[-69.472522423999976,-12.598464684000021],[-69.472980311000015,-12.598276070999987],[-69.473437808000028,-12.59810545800002],[-69.473888061000025,-12.59789867500001],[-69.474299572000007,-12.597628052999994],[-69.474719861999972,-12.59737561999998],[-69.475139763000016,-12.597141190000002],[-69.475536189000024,-12.596879257000012],[-69.475894064999977,-12.596544482000013],[-69.476291827000011,-12.596273569999994],[-69.476726231999976,-12.596057445999975],[-69.477198811999983,-12.595878133999975],[-69.477672895000012,-12.595788900000002],[-69.478145197000003,-12.595942765000018],[-69.478580624000017,-12.596212932000014],[-69.479083663999972,-12.596376439999972],[-69.479564208999989,-12.596413408999979],[-69.480045539999992,-12.596360343000015],[-69.480586464999988,-12.596200447999991],[-69.475032605000024,-12.612897766999993],[-69.474551648999977,-12.612878779000027],[-69.474071029000015,-12.613003877999972],[-69.47373488300002,-12.613339090000011],[-69.473300444000017,-12.613555197999972],[-69.472819327000025,-12.613437146000024],[-69.472392085000024,-12.613212153999996],[-69.471973057000014,-12.612978329999976],[-69.471591852000017,-12.612691257999984],[-69.471202629000004,-12.612404020999975],[-69.470584272999986,-12.61216605200002],[-69.470435307999992,-12.61210872700002],[-69.470483039999976,-12.612398166999981],[-69.470782953000025,-12.613620437000009],[-69.471277531999988,-12.614750669999978],[-69.471412309000016,-12.615240923999977],[-69.471708674000013,-12.615728634999982],[-69.473116331000028,-12.616978973000016],[-69.47380307100002,-12.617395638000005],[-69.475939014999994,-12.618362080999987],[-69.479203530000007,-12.620246166000015],[-69.480417236999983,-12.621051172000023],[-69.480737369999986,-12.621312869000008],[-69.480968344000019,-12.620630210000002],[-69.483294922000027,-12.613753509999981],[-69.482738911000013,-12.613759995000009],[-69.482249733999993,-12.613749856000027],[-69.481753487999981,-12.613748574999988],[-69.481273074000001,-12.613810655999998],[-69.480738846000008,-12.613763559000006],[-69.480243389000009,-12.613672241000017],[-69.479762443000027,-12.613599231000023],[-69.479151848000015,-12.613532537000026],[-69.482447891999982,-12.603560157000004],[-69.487453914000014,-12.605113630999995],[-69.484531654000023,-12.613644060000013],[-69.48517990900001,-12.613558435000016],[-69.485668508999993,-12.613595571000019],[-69.486072336000007,-12.613630951999994],[-69.483523731999981,-12.621295556999996],[-69.483319215999984,-12.621910578999973],[-69.483826645000022,-12.621899788000007],[-69.484757917000024,-12.621748174000004],[-69.486437534999993,-12.621610123999972],[-69.487003727999991,-12.621514235000006],[-69.489001187999975,-12.621081511999989],[-69.489080677999993,-12.620950332999996],[-69.489328735000015,-12.620804742000018],[-69.490117371999986,-12.620750310999995],[-69.490851362000001,-12.620769497000026],[-69.492543349000016,-12.620942371000012],[-69.49414776499998,-12.620919072999982],[-69.494361744999992,-12.620819207000011],[-69.494487785999979,-12.620332190999989],[-69.49459785099998,-12.620252411000024],[-69.495423347999974,-12.620549935999975],[-69.496284735000017,-12.620740508999972],[-69.497469678000016,-12.621261539999978],[-69.498300051000001,-12.621554435999997],[-69.499169016999986,-12.621709264000003],[-69.499914432000025,-12.621806189999973],[-69.500377048000018,-12.621833072000015],[-69.500884026999984,-12.621832127000005],[-69.501841275999993,-12.621691887999987],[-69.50260122200001,-12.621469095000009],[-69.503220055999975,-12.621080533999987],[-69.503472841000018,-12.620720330999973],[-69.503725481999993,-12.620332456000028],[-69.504006768000011,-12.620138226999984],[-69.504570059000002,-12.620164841000019],[-69.504907928000023,-12.620136532999993],[-69.505188939999982,-12.619803855999976],[-69.505497004999995,-12.61894546100001],[-69.505523875999984,-12.618281206000006],[-69.505325599000003,-12.617700479000007],[-69.505070851000028,-12.617009172999985],[-69.504900334000013,-12.616262274999997],[-69.505237148999981,-12.615652867999984],[-69.505263807000006,-12.614877927999999],[-69.505205991000025,-12.614130906000014],[-69.504612208000026,-12.612914390000014],[-69.503899061000027,-12.611958714000025],[-69.504131201000007,-12.611780673999988],[-69.504412693000006,-12.611697131000028],[-69.504976506999981,-12.61200054599999],[-69.505709824000007,-12.61258026500002],[-69.50672621199999,-12.613878996999972],[-69.507037896999975,-12.614819237999995],[-69.506983508000019,-12.615815602999987],[-69.506760973999974,-12.61722735799998],[-69.505922006999981,-12.620245308999984],[-69.505529849000027,-12.621325233999983],[-69.50480014499999,-12.622599584999989],[-69.503169383999989,-12.62398631100001],[-69.502184977000013,-12.624652271999992],[-69.501284338000005,-12.624930671000016],[-69.499912669000025,-12.625043736999999],[-69.499258128999998,-12.625117934000002],[-69.498666333000017,-12.624974436999992],[-69.498283045999983,-12.624804869000002],[-69.497381738999991,-12.624167026000009],[-69.497002496999983,-12.623992746999988],[-69.495844926000018,-12.623586509999996],[-69.494482343000016,-12.623251449999998],[-69.493852136999976,-12.623049960000003],[-69.493270831000018,-12.622802708999984],[-69.492286815999989,-12.622529521999979],[-69.491957168999988,-12.622333351000009],[-69.491876687000001,-12.622187091000001],[-69.491895222999972,-12.622057111000004],[-69.492022931999998,-12.621957946000009],[-69.492192249000027,-12.621949948999998],[-69.493586650999987,-12.622221389999993],[-69.495313972000019,-12.622663751999994],[-69.495848244999991,-12.622728956999993],[-69.496479382000018,-12.622743706999984],[-69.496930299999974,-12.622510467999973],[-69.497014782999997,-12.622390854999992],[-69.496955491999984,-12.622108552999975],[-69.496555265999973,-12.621843339999998],[-69.496072321999975,-12.62175027699999],[-69.494059919999984,-12.621638422999979],[-69.492049179999981,-12.621334836000017],[-69.490369670000007,-12.621373920999986],[-69.491451233000021,-12.623350920999997],[-69.485591978999992,-12.626390336999975],[-69.485140070999989,-12.626624748999973],[-69.485270302000004,-12.62695925700001],[-69.485603957000023,-12.627520945000015],[-69.485923172000014,-12.627945477000026],[-69.486748583000008,-12.628823228999977],[-69.487453839000011,-12.629848052],[-69.488735227000006,-12.631295216000012],[-69.490189062000013,-12.633157040000015],[-69.490508499999976,-12.633690894999972],[-69.490388750000022,-12.634151128999974],[-69.490291490999994,-12.634334157000012],[-69.490303347000008,-12.634563734999972],[-69.490593131000026,-12.635046821999993],[-69.491033327000025,-12.635597275000009],[-69.492089620999991,-12.636660054999993],[-69.493059403000018,-12.637551082000016],[-69.493948869999997,-12.638475805999974],[-69.496637759000009,-12.640589596999973],[-69.497836889999974,-12.641303212000025],[-69.499912751000011,-12.642241349000017],[-69.500667436000015,-12.642312372999982],[-69.501814584999977,-12.642333102000009],[-69.502619573999993,-12.642273900000021],[-69.504964019999989,-12.642295080999986],[-69.505400443999974,-12.642263148999973],[-69.505804419000015,-12.642167437000012],[-69.506343141999992,-12.641945228999987],[-69.507639260000019,-12.641254425],[-69.508830262000004,-12.640404120000028],[-69.51135168899998,-12.639088544000003],[-69.511961047,-12.638829203],[-69.512216003999981,-12.638770932],[-69.512319165999997,-12.638784481000016],[-69.512406105000025,-12.638882793999983],[-69.512420216999999,-12.639125024000009],[-69.511523008999973,-12.640221568000015],[-69.511513954999998,-12.640299353999978],[-69.511595725999996,-12.64071517299999],[-69.511683103999985,-12.640802721999989],[-69.512000886999999,-12.640940472000011],[-69.512428295000007,-12.640823270999988],[-69.512807903999999,-12.640563102999977],[-69.513287215999981,-12.640107145999991],[-69.51405938900001,-12.63906997700002],[-69.514906189999977,-12.638055090000023],[-69.515710021000018,-12.637152415999992],[-69.516010516999984,-12.636661349000008],[-69.51640426199998,-12.636155996000014],[-69.517089312999985,-12.635123419000024],[-69.517973562000009,-12.634061425000027],[-69.518811292999999,-12.633358346000023],[-69.519828852999979,-12.632884059999981],[-69.520281273000023,-12.632620307000025],[-69.521211165000011,-12.632145733000016],[-69.522747680999998,-12.631168635999984],[-69.523632808000002,-12.630465809999976],[-69.524490845000003,-12.629574762000004],[-69.525117650000027,-12.629038734999995],[-69.525325762000023,-12.628909377000014],[-69.52596777399998,-12.628373248999992],[-69.526709191999998,-12.627765846999978],[-69.527780158999974,-12.626887011000008],[-69.527894367999977,-12.626360644999977],[-69.52754339400002,-12.625747681999997],[-69.527129536000018,-12.625227263999989],[-69.52683354200002,-12.624706613000001],[-69.526685057000009,-12.624185579000027],[-69.526624968000021,-12.623664464000001],[-69.52650595199998,-12.623143460999984],[-69.526445954999986,-12.622622256],[-69.526385869000023,-12.622101139999984],[-69.526443824000012,-12.621579699999984],[-69.526649195999994,-12.62105806400001],[-69.526883939000015,-12.620536367999989],[-69.527177793000021,-12.620014466999976],[-69.527589508000005,-12.619492423999986],[-69.527853805000007,-12.618970667999974],[-69.528147656999977,-12.618448764999982],[-69.528294060999997,-12.617956181000011],[-69.528411711999979,-12.617811168999992],[-69.528470555000013,-12.617724151999994],[-69.528558652000015,-12.617579201000012],[-69.528793837000023,-12.617231216999983],[-69.529205692999994,-12.616738108999982],[-69.529912043000024,-12.616128577999973],[-69.53050089300001,-12.615692991999993],[-69.531089857999973,-12.615315370000019],[-69.531708346000016,-12.614966623999976],[-69.532220288000019,-12.614685984999994],[-69.532217059999994,-12.61439366899998],[-69.532071244000008,-12.601206165000008],[-69.535795013999973,-12.601426649000018],[-69.535954819999972,-12.61374994800002],[-69.535955457,-12.613799104000009],[-69.536482540000009,-12.613682971999992],[-69.537012773000015,-12.613450231000002],[-69.537218903999985,-12.613304949999986],[-69.537454436000019,-12.613130764999994],[-69.537925136000013,-12.612608497999986],[-69.538366155999995,-12.612028504000023],[-69.539013516000011,-12.611361104000025],[-69.539484359000028,-12.610954672999981],[-69.540073544999984,-12.61069286899999],[-69.540603920000024,-12.610489151000024],[-69.541134145000001,-12.610256402000005],[-69.541664549000018,-12.610110555999995],[-69.541900533999979,-12.61011007899998],[-69.542195535000019,-12.610196293999991],[-69.542726731000016,-12.610426900999983],[-69.543257897999979,-12.610599632000003],[-69.543847901999982,-12.610772148000024],[-69.544437510000023,-12.610713079999982],[-69.545027055999981,-12.610624979000022],[-69.545292501999995,-12.610624439999981],[-69.545617151999977,-12.610797493000007],[-69.546089794000011,-12.611202015000003],[-69.546089916000028,-12.611259888999996],[-69.546267032999992,-12.611375368999973],[-69.546444674999975,-12.611693589000026],[-69.546799866000015,-12.612329938000016],[-69.547096006999993,-12.612908532000006],[-69.547274112000025,-12.613487367999994],[-69.547540699000024,-12.614066019999996],[-69.547777826000015,-12.614644734000024],[-69.547955933000026,-12.615223478000019],[-69.548163596999984,-12.61580225199998],[-69.548341675000017,-12.616323210000019],[-69.548431176000008,-12.616844259999993],[-69.548432287000026,-12.617365490999987],[-69.548433396999997,-12.617886812999984],[-69.548434507000024,-12.618408041999999],[-69.548465081000018,-12.618929303000016],[-69.548436724999988,-12.619450594],[-69.54829042099999,-12.619972125000004],[-69.548114650999992,-12.620493807000003],[-69.547909324999978,-12.621015458999977],[-69.54767453300002,-12.621537172999979],[-69.547528225999997,-12.622058793000008],[-69.547352451999984,-12.622580385999981],[-69.547176588000013,-12.623102066999991],[-69.546971256000006,-12.623623719000022],[-69.546766018000028,-12.624145370000008],[-69.546472197000014,-12.624667292000026],[-69.546060393999994,-12.625131490000001],[-69.545324563999998,-12.625770061000026],[-69.544765429999984,-12.626321457000017],[-69.54394092199999,-12.626873391000004],[-69.543351948999998,-12.627251043000001],[-69.542822123000008,-12.627686539000024],[-69.542203864999976,-12.628151058000014],[-69.54152639900002,-12.628528883000001],[-69.541084263000016,-12.628587741999979],[-69.540965943000003,-12.628414177000025],[-69.540847685000017,-12.628269638999996],[-69.540788417999977,-12.62815391800001],[-69.540758707999998,-12.628038138000022],[-69.540434375000018,-12.628067821000002],[-69.540140081999994,-12.628328940000017],[-69.539933700000006,-12.628358384000023],[-69.539904418999981,-12.628445344999989],[-69.53963913299998,-12.628532690999975],[-69.53904972700002,-12.628707682000027],[-69.538460170000008,-12.628766741999982],[-69.537870699999985,-12.628912792999984],[-69.537281353000026,-12.629116625999984],[-69.536692125999991,-12.629378514999985],[-69.536103256999979,-12.629814023999984],[-69.535543943999983,-12.630249563999996],[-69.534925573999999,-12.630714069000021],[-69.534601509000026,-12.630830645000003],[-69.53448331300001,-12.630715040999974],[-69.534483072,-12.630599202999974],[-69.534335410999972,-12.630483658000003],[-69.534541314000023,-12.630222537999998],[-69.53468846200002,-12.630135433000021],[-69.534688281000001,-12.630048531],[-69.534982732999993,-12.629816263999999],[-69.535336114000017,-12.629583878999995],[-69.535718902999974,-12.629322498000022],[-69.536101719999976,-12.629032086999985],[-69.536484506000022,-12.628770705000022],[-69.536808267000026,-12.628509440000016],[-69.537161583999989,-12.628248113999973],[-69.537573984999995,-12.628015607999998],[-69.538015760999997,-12.627783043000022],[-69.53851655599999,-12.627550358000008],[-69.538870051999993,-12.627375933999986],[-69.53928245100002,-12.627143424999986],[-69.539724220999972,-12.626910855000006],[-69.54016608400002,-12.626678285000025],[-69.54054886199998,-12.626416806999998],[-69.540961195000023,-12.626155358999995],[-69.541314353000018,-12.625865092000026],[-69.541667664999977,-12.625603763000015],[-69.542020911000009,-12.625313495],[-69.542403685000011,-12.625052013000015],[-69.542727650000018,-12.624848616000008],[-69.543139978999989,-12.62458716399999],[-69.543493193000018,-12.624325831000021],[-69.543876210000008,-12.624180276999994],[-69.543964512000002,-12.62409319599999],[-69.544288842000014,-12.624063599999999],[-69.544701507000013,-12.624004796999998],[-69.54511413900002,-12.623888118000025],[-69.545526740000014,-12.623800468000013],[-69.545615226999985,-12.623800286999995],[-69.545791861999987,-12.623684088000005],[-69.545850701000006,-12.623597066000002],[-69.54599805700002,-12.623567830000013],[-69.545997871999987,-12.623480926000013],[-69.546145102000025,-12.623393813999996],[-69.546144919000028,-12.623306915000001],[-69.546233222000012,-12.623219829999982],[-69.54626250199999,-12.623132869000017],[-69.546321523000017,-12.623132747999989],[-69.546379779000006,-12.622814048000009],[-69.546437937999997,-12.622408537000013],[-69.546437079999976,-12.622003055999983],[-69.546495145999984,-12.621597543999997],[-69.546494286999973,-12.621192151999992],[-69.546581914000001,-12.62078649],[-69.546699004000004,-12.620380859000022],[-69.546786628999996,-12.619975194999995],[-69.546785767000017,-12.619569805000026],[-69.546725884000011,-12.619164443999978],[-69.546725025000001,-12.618759053000019],[-69.546665234999978,-12.618353780000007],[-69.54654642600002,-12.617948538000007],[-69.546398152999984,-12.617543448999982],[-69.546161395000013,-12.617138446000013],[-69.545924763000016,-12.616791497999998],[-69.545658448999973,-12.616386648999992],[-69.545392262000007,-12.615952768999989],[-69.545125950999989,-12.615547827],[-69.544859796000026,-12.615171910000015],[-69.544534741999996,-12.614853989999972],[-69.544180347999998,-12.614594093999983],[-69.543973672999982,-12.614478763000022],[-69.543619461999981,-12.614305677000004],[-69.543265346999988,-12.614132680000012],[-69.542852118999974,-12.613959711999996],[-69.542438984,-12.613786833000006],[-69.542025754999997,-12.613613864000001],[-69.541612742999973,-12.613498857000025],[-69.54119988299999,-12.613499692000005],[-69.540787174000002,-12.613529459999995],[-69.54043339399999,-12.613559200999987],[-69.540079795999986,-12.613675752999995],[-69.539991462999978,-12.613704869999992],[-69.539991706000023,-12.613820708999981],[-69.539873881000005,-12.613878818999979],[-69.539844324000001,-12.613878880000016],[-69.539933474999998,-12.614197282000021],[-69.540199200000018,-12.614370550999979],[-69.540228876000015,-12.614428364999981],[-69.540494356000011,-12.614485796999986],[-69.540553801999977,-12.614688328],[-69.540377076000027,-12.614804524000022],[-69.540318210000009,-12.614833579999981],[-69.540200289999973,-12.614891692000015],[-69.539905651000026,-12.614979187000017],[-69.539551929000027,-12.615037864999977],[-69.539198204999991,-12.61509645000001],[-69.538844422000011,-12.615126189000023],[-69.538490700000011,-12.61518477300001],[-69.538136974999986,-12.615243448999991],[-69.537783192999996,-12.615273096999999],[-69.537569526000027,-12.615308484000025],[-69.537587766000001,-12.615440544000023],[-69.538221481999983,-12.620028542],[-69.535146646999976,-12.62032564499998],[-69.53465530699998,-12.616555355999992],[-69.53424778599998,-12.616699176999987],[-69.533894298999996,-12.616873595000015],[-69.533540691999974,-12.616990138000006],[-69.53318720499999,-12.617164645000003],[-69.532833718000006,-12.617339062999974],[-69.532480169999985,-12.617484542],[-69.532126714000015,-12.617630109999993],[-69.531802808000009,-12.617862433000028],[-69.531420034000007,-12.618123808000007],[-69.531066721000002,-12.618385124999975],[-69.530713468999977,-12.618675472000007],[-69.530389742000011,-12.618994601999987],[-69.530066163000015,-12.619342759999995],[-69.529654337000011,-12.619806933999996],[-69.529330962000017,-12.620299870999986],[-69.529095773999984,-12.620647851999991],[-69.528919754000015,-12.621111559999974],[-69.528773172000001,-12.621517241999982],[-69.52865605300002,-12.621922867000023],[-69.528509469000028,-12.622328642000014],[-69.528303861999973,-12.622734440999977],[-69.528127751999989,-12.623111337000012],[-69.527774846999989,-12.623575300000027],[-69.527686656000014,-12.623720341000023],[-69.527657904000023,-12.624067824999997],[-69.527658733999999,-12.624473308999995],[-69.527659031999974,-12.624618085999998],[-69.527718258999982,-12.624762745999988],[-69.527777280999999,-12.62476263100001],[-69.527806924999993,-12.624849473999973],[-69.528013600000008,-12.624964906999992],[-69.528161375000025,-12.625138419999985],[-69.528427400999988,-12.625456389000021],[-69.528457162999985,-12.62560119699998],[-69.528516184000011,-12.625601080000024],[-69.528546065,-12.625803673999997],[-69.528576246,-12.626151132000018],[-69.528547494000009,-12.626498707999986],[-69.52848880099998,-12.626614664999977],[-69.528459482000017,-12.626730563000024],[-69.527936883999985,-12.627381597999999],[-69.525714810000011,-12.629138663999981],[-69.525084778000007,-12.629987674000006],[-69.524679607999985,-12.630431932000022],[-69.524594980000018,-12.630564936999974],[-69.524486824000007,-12.630855426999972],[-69.524564761000022,-12.631143744999974],[-69.524603227999989,-12.631178485000021],[-69.525691587999972,-12.631474135000019],[-69.527815407999981,-12.631906189000006],[-69.529335408000009,-12.632045706999975],[-69.531036041999982,-12.63225991500002],[-69.532770339000024,-12.632675880000022],[-69.534222347000025,-12.633151085999998],[-69.536260702999982,-12.634006182000007],[-69.537068481999995,-12.634508160999985],[-69.539395473000013,-12.635641082999996],[-69.540576445999989,-12.636129278999988],[-69.54408040200002,-12.637359069000013],[-69.544635625000012,-12.637601555000003],[-69.545226269000011,-12.637916312000016],[-69.545839113,-12.638320003999979],[-69.545981415000028,-12.638639199000011],[-69.546238701999982,-12.63894531699998],[-69.546367628999974,-12.639037293000001],[-69.546799654999973,-12.639109114999997],[-69.547387516000015,-12.639064417999975],[-69.548529819000009,-12.639196637999987],[-69.549186130999999,-12.639340248999986],[-69.550168575999976,-12.639298897000003],[-69.550480966999999,-12.639318597999988],[-69.550630830999978,-12.639382316000024],[-69.552458865000006,-12.639290381000023],[-69.553225525000016,-12.639148272],[-69.553448581999987,-12.639076913999986],[-69.553913341999987,-12.639040142999988],[-69.554228991999992,-12.638821107000012],[-69.554325983000012,-12.638790789999973],[-69.555885740999997,-12.638770194000017],[-69.557025934000023,-12.638606771000013],[-69.557917436000025,-12.638371065999991],[-69.55877903999999,-12.638278024999977],[-69.559396768999989,-12.638251597000021],[-69.560122095999986,-12.638457162000009],[-69.561359960000004,-12.639083410000012],[-69.562268678999999,-12.639396556000008],[-69.562578074999976,-12.639562837000028],[-69.562818299000014,-12.639594525000007],[-69.563239252000017,-12.639527808000025],[-69.563533543999995,-12.639398416999995],[-69.56364152499998,-12.639299804000018],[-69.56381768,-12.638710832000015],[-69.564029310000024,-12.638301378999984],[-69.564118547000021,-12.638262214999997],[-69.56457095799999,-12.638182498999981],[-69.564690536000001,-12.638081148000026],[-69.564732260000028,-12.637958889000004],[-69.564715689000025,-12.637835671999994],[-69.564432883999984,-12.637407725999992],[-69.564467401999991,-12.637234302000024],[-69.564549310000018,-12.637086640999996],[-69.564672046999988,-12.636999206999974],[-69.565252816999987,-12.636791351999989],[-69.565483690000008,-12.636675479000019],[-69.566138513999988,-12.63622746599998],[-69.56662765599998,-12.635850249999976],[-69.566995705000011,-12.63547319700001],[-69.567057617999978,-12.635153582999976],[-69.566966005999973,-12.634949769000002],[-69.566795214000024,-12.634749379000027],[-69.566739247999976,-12.63455028300001],[-69.566756252999994,-12.634410355],[-69.566829319000021,-12.634221835999995],[-69.566942531999985,-12.634075193000001],[-69.566965486000015,-12.633961929000009],[-69.56701892000001,-12.633890195999982],[-69.567029762000004,-12.633753716000001],[-69.566978630999984,-12.633532995999985],[-69.566769140000019,-12.633154273000002],[-69.566330681000011,-12.632834632000026],[-69.565393443000005,-12.632315743999982],[-69.564729967999995,-12.631714165000005],[-69.564105432000019,-12.631021983999972],[-69.56373324499998,-12.630687548000026],[-69.563379700999974,-12.630455256000005],[-69.562616690000027,-12.630062410999983],[-69.562284330000011,-12.629831611999975],[-69.562114163999979,-12.62974660399999],[-69.561596663999978,-12.629151311999976],[-69.561495686000001,-12.628956016000018],[-69.561433797000007,-12.628739390000021],[-69.561337173000027,-12.627880338000011],[-69.561271852000004,-12.627568402999998],[-69.560874365000018,-12.626647315000014],[-69.560843826999985,-12.626323645000014],[-69.560876360999998,-12.62616876300001],[-69.561052828000015,-12.625766709000004],[-69.561324796000008,-12.625287409999999],[-69.561655642000005,-12.623771040999998],[-69.56210924200002,-12.622516293999979],[-69.56243251799998,-12.622007224000015],[-69.562520457999995,-12.621756371000004],[-69.562952337000013,-12.620803975000001],[-69.56318620899998,-12.620508321999978],[-69.563639275000014,-12.620024301000001],[-69.564510074999987,-12.619283032999988],[-69.565077160999977,-12.618941552000024],[-69.565545376999978,-12.618945090000011],[-69.566172144999996,-12.618905152000025],[-69.56703891799998,-12.619225337999978],[-69.567526541999996,-12.619260928000017],[-69.567674012999987,-12.619244883000022],[-69.567863004999992,-12.619101333999993],[-69.567955185000017,-12.618939722999983],[-69.568215638000027,-12.617881877999992],[-69.568505543000015,-12.617321871000001],[-69.568648388999975,-12.616836870999975],[-69.56876915700002,-12.616279211999995],[-69.568774022000014,-12.615813403999994],[-69.568746547999979,-12.615630343000021],[-69.568551716999991,-12.615087732999996],[-69.567717453,-12.613135245000024],[-69.567719645000011,-12.612793780000004],[-69.567905673999974,-12.61172461000001],[-69.567872732000012,-12.611149192000028],[-69.567767382999989,-12.610556471999985],[-69.567588425999986,-12.610112123000022],[-69.56734843800001,-12.609630556000013],[-69.567165836000015,-12.609495568999989],[-69.566714558000001,-12.609272261000001],[-69.566531942999973,-12.609214500000007],[-69.565428187999998,-12.609137974000021],[-69.564844128000004,-12.609159279999972],[-69.564573441999983,-12.609121689000006],[-69.564418547999992,-12.609066853999991],[-69.563923074000002,-12.608758808999994],[-69.563247477999994,-12.608183111000017],[-69.562206853000021,-12.607118593999985],[-69.561323797,-12.606359757000007],[-69.560600169999987,-12.605835876000015],[-69.558992413999988,-12.604859071000021],[-69.558462962000021,-12.604457674999992],[-69.557517077999989,-12.603589353000018],[-69.556652020999991,-12.602583316999983],[-69.556218602999991,-12.602265907000003],[-69.555925698999999,-12.601996040000017],[-69.555868879000002,-12.601861870999983],[-69.555753825000011,-12.601707475000012],[-69.555662886999983,-12.60142055099999],[-69.555540730000018,-12.600703522000003],[-69.55555135100002,-12.600462868000022],[-69.55560557299998,-12.600330368000016],[-69.556237802999988,-12.599598753999999],[-69.55673834800001,-12.599111933000017],[-69.556895482000016,-12.599013941999999],[-69.557462626000017,-12.598841672999981],[-69.558060313999988,-12.598192688999973],[-69.558280642999989,-12.598067619999995],[-69.558515248999981,-12.597990085999982],[-69.559070976999976,-12.597480087000008],[-69.559406808999995,-12.597059234000028],[-69.559665414999984,-12.596735161000026],[-69.560433629999977,-12.595927926999991],[-69.560526039000024,-12.595831244999999],[-69.560793955000008,-12.595491305999985],[-69.56086703699998,-12.595354425999972],[-69.561116458000015,-12.594638431000021],[-69.561253711000006,-12.594080105999979],[-69.561470515999986,-12.593565926999986],[-69.56181112500002,-12.593166153000027],[-69.562906892000001,-12.592653024000015],[-69.563363154000001,-12.592220992000023],[-69.563627718000021,-12.591698570000005],[-69.563917306000008,-12.590621046000024],[-69.564150686000005,-12.590112164000004],[-69.564413322000007,-12.589635774999977],[-69.564650734999987,-12.589288027999999],[-69.564882978000014,-12.58901679600001],[-69.565475939999999,-12.588498565999998],[-69.566502832000026,-12.587908163999998],[-69.567561623000017,-12.587466081999992],[-69.568519589999994,-12.587019779000002],[-69.569118289000016,-12.586812516000009],[-69.570215319999988,-12.586597772999994],[-69.570803456000021,-12.586568763999992],[-69.571430986999985,-12.586619244000019],[-69.573162147999994,-12.586650643999974],[-69.574210777000019,-12.586780068999985],[-69.574705180000024,-12.586787150000021],[-69.574920742000018,-12.586763357999985],[-69.575873311999999,-12.586547454000026],[-69.576933532999988,-12.586055147000025],[-69.578580837999993,-12.584944124000003],[-69.57919889499999,-12.584425810000027],[-69.579577502999996,-12.583951871000011],[-69.579956286000026,-12.583311271000014],[-69.580210361000013,-12.582769595000002],[-69.580643785999996,-12.58157743999999],[-69.580807022999977,-12.581213022999975],[-69.580897033999975,-12.580382691000011],[-69.580899448000025,-12.579859736999992],[-69.580843408000021,-12.579338624999991],[-69.580753906999973,-12.578921852000008],[-69.580554996999979,-12.578363522000018],[-69.580262851999976,-12.577774195000018],[-69.579895292999993,-12.577218942000002],[-69.579635304000021,-12.576764373999993],[-69.579454336000026,-12.576281783000013],[-69.579162958999973,-12.575170045999982],[-69.579045581000003,-12.574472008999976],[-69.578828670999997,-12.573683483000025],[-69.578793759000007,-12.573098302000005],[-69.57876573499999,-12.572629128000017],[-69.578676454000004,-12.571896483999978],[-69.578672564999977,-12.571351838999988],[-69.578731668999978,-12.570735800000023],[-69.57893995400002,-12.569687279999982],[-69.579184005999991,-12.569032683999978],[-69.579418518000011,-12.568598029999976],[-69.580419455000026,-12.567034707999994],[-69.580632701000013,-12.566560583000012],[-69.581045967000023,-12.565259141000013],[-69.581431217999977,-12.564763663000008],[-69.582429508000018,-12.563631143999999],[-69.582810934000008,-12.562953366999977],[-69.583177067999998,-12.562066823000009],[-69.583484806999991,-12.561657599],[-69.584383601000013,-12.560624899999993],[-69.584403721000001,-12.560628749999978],[-69.585456165999972,-12.560830205000002],[-69.585975702999974,-12.560921787999973],[-69.586485890000006,-12.561022187999981],[-69.586982531999979,-12.56116734699998],[-69.587462390999974,-12.561402229000009],[-69.587943009000014,-12.561601098999972],[-69.588416940999991,-12.561790826999982],[-69.588951001999988,-12.561900713],[-69.589462339000022,-12.562001130999988],[-69.589942393000001,-12.562227007999979],[-69.590423215999976,-12.562470913000027],[-69.590904420000015,-12.562696809999977],[-69.591353937000008,-12.562958095999988],[-69.591774061000024,-12.563254809999989],[-69.592216708000024,-12.563515954000025],[-69.592696957999976,-12.563732824999988],[-69.593223383999998,-12.563824537000016],[-69.593764878999991,-12.563853505999987],[-69.594261495000012,-12.563836533000028],[-69.594787895000024,-12.563820161000024],[-69.595282973999986,-12.563767127000006],[-69.595779374000017,-12.563651074999996],[-69.596237184000017,-12.563462184999992],[-69.596610569000006,-12.563145494000025],[-69.596840343999986,-12.562735831999987],[-69.597266830000024,-12.562510280000026],[-69.597740489999978,-12.562330713999984],[-69.598220455999979,-12.562178295000024],[-69.598701944000027,-12.562007891000007],[-69.599144091000028,-12.561800666000011],[-69.599624244999973,-12.561639239999977],[-69.600082240999996,-12.561441338000009],[-69.600435996999977,-12.560753522000027],[-69.600081042999989,-12.560079119000022],[-69.599876032999987,-12.559521540999981],[-69.599783842000022,-12.559105411000019],[-69.599708997999983,-12.558547453000017],[-69.599572457000022,-12.558020829999975],[-69.599043230000007,-12.557102347000011],[-69.598986944999979,-12.557004720000009],[-69.597906609999995,-12.555971893999981],[-69.597492194999973,-12.555536495000013],[-69.597386976999985,-12.555376487999979],[-69.596811806999995,-12.554847940999991],[-69.596738188000018,-12.554818082999986],[-69.595599536000009,-12.55435679499999],[-69.595022459000006,-12.554198010999983],[-69.593925200000001,-12.554081521000001],[-69.592369640000015,-12.554057547000014],[-69.591803600999981,-12.554094781999993],[-69.591274484999985,-12.554217119999976],[-69.590282194999986,-12.554597829999977],[-69.588901494000027,-12.555286573999979],[-69.588396498999998,-12.555493133000027],[-69.587869378999983,-12.555564366999988],[-69.587339160999989,-12.555567875000008],[-69.586773043999983,-12.555450647999976],[-69.584611697000014,-12.554582528000026],[-69.583351497000024,-12.554217396000013],[-69.58305134699998,-12.55406911],[-69.58267245799999,-12.553824145000021],[-69.58201227699999,-12.55321924499998],[-69.581851455999981,-12.553135494000003],[-69.580611228000009,-12.552929010000014],[-69.579936234999991,-12.552900168000008],[-69.578912280999987,-12.552999402000012],[-69.578454186999977,-12.553104469999994],[-69.577850597000008,-12.553310134000014],[-69.577392373999999,-12.553359496999974],[-69.577006037999979,-12.553363488000002],[-69.576791749999984,-12.553326511000023],[-69.576205705999996,-12.553020668999977],[-69.576163662999988,-12.552948866999998],[-69.576156137999988,-12.552587166000023],[-69.576263236999978,-12.552068507999991],[-69.576437079000016,-12.551510461000021],[-69.576465100999997,-12.550990614],[-69.576240924999979,-12.549983623999992],[-69.57599688900001,-12.549360093000018],[-69.575322391999975,-12.54789341999998],[-69.574856738999983,-12.547368205999987],[-69.574310007999998,-12.546974920000025],[-69.573098258000016,-12.54639341799998],[-69.572910117999982,-12.546190894999995],[-69.572728966999989,-12.546067121000021],[-69.572436933999995,-12.545695367999997],[-69.572425069000019,-12.540322699000001],[-69.600038994999977,-12.540262668000025],[-69.59999716599998,-12.522177195999973],[-69.581589183000006,-12.522217474000001],[-69.581548698999995,-12.504131914000027],[-69.59075205900001,-12.504111963000014],[-69.590710995999984,-12.486026410000022],[-69.627521711999975,-12.485943580000026],[-69.627499924999995,-12.476900855999986],[-69.636702241000023,-12.476879380000014],[-69.636724346999983,-12.485922087999995],[-69.655129563999992,-12.485878160000027],[-69.655152326999996,-12.494920827999977],[-69.691963819000023,-12.494829127999992],[-69.692036047999977,-12.521956891999992],[-69.710443600000019,-12.521909046000019],[-69.710394150000013,-12.50382394799999],[-69.719597254999996,-12.503799588999982],[-69.719572238000012,-12.494757048999986],[-69.728775004999989,-12.494732393999982],[-69.728800340000021,-12.503774915999998],[-69.74720645299999,-12.503724623999972],[-69.747232449000023,-12.512767102999987],[-69.80245219699998,-12.512608549999982],[-69.802480136999975,-12.521650904000012],[-69.811683673000005,-12.521623353999985],[-69.811740255000018,-12.539708002999987],[-69.820944408000003,-12.539680096999973],[-69.821001720000027,-12.557764675999977],[-69.830206493999981,-12.557736411000008],[-69.830119595999975,-12.530609598000012],[-69.820915786,-12.530637797999987],[-69.820858604000023,-12.512553179000008],[-69.866874218000021,-12.512409239000021],[-69.866844059000016,-12.503367025999978],[-69.885249498999997,-12.503307287999974],[-69.885434641000018,-12.557560191999983],[-69.867025355999999,-12.557620197999995],[-69.867055650999987,-12.566662369000028],[-69.876260628000011,-12.566632502000004],[-69.876321933999975,-12.584716782999976],[-69.839499305999993,-12.584834525000019],[-69.839528702999985,-12.59387674300001],[-69.830322664999983,-12.593905404999987],[-69.830380884000022,-12.611989864000009],[-69.848794227999974,-12.611932132999982],[-69.848824014999991,-12.620974310000008],[-69.839617031999978,-12.621003356000017],[-69.839676027999985,-12.639087730000028],[-69.856431670999996,-12.639007384000024],[-69.856401881000011,-12.623879852000016],[-69.869291737000026,-12.623838278999983],[-69.869352832999994,-12.641922511000018],[-69.858128724999972,-12.641933494],[-69.858121445999984,-12.648071370000025],[-69.881403986000009,-12.647995536999986],[-69.881425480000019,-12.654225773999997],[-69.881438399999979,-12.657572379999976],[-69.881871208000007,-12.656493577999981],[-69.882229944000017,-12.655334617999983],[-69.882538865000015,-12.654713206999986],[-69.882959743000015,-12.654114752999988],[-69.883949460999986,-12.65286047799998],[-69.885070152000026,-12.651217761999987],[-69.88542692499999,-12.650563636000015],[-69.885696200999973,-12.649904826000011],[-69.885792564999974,-12.649357538999993],[-69.88574343800002,-12.648836506000009],[-69.885735872999987,-12.648351233000028],[-69.885559688000001,-12.647272260000022],[-69.885497219999991,-12.646620429999984],[-69.885500048999972,-12.646078697000007],[-69.88559804099998,-12.645068349999974],[-69.88572674400001,-12.644340202000024],[-69.885850327000014,-12.643248750999987],[-69.885943564000002,-12.643050415999994],[-69.886192988000005,-12.642671349000011],[-69.886482726999986,-12.642394237000019],[-69.886810790000027,-12.642151266999974],[-69.887336170000026,-12.641905560999987],[-69.888296846999992,-12.641325560999974],[-69.888994885999978,-12.641031444000021],[-69.890022295999984,-12.640500497000005],[-69.891046569000025,-12.640128971000024],[-69.891647510999974,-12.639875770999993],[-69.893168364000019,-12.639374902999975],[-69.893699422999987,-12.639256212000021],[-69.89424975899999,-12.639174255],[-69.894818290999979,-12.639187633000006],[-69.895349120999981,-12.639136209000014],[-69.895879170000001,-12.639124668000022],[-69.89683338399999,-12.638919281000028],[-69.897078570000019,-12.638835088999997],[-69.898818292999977,-12.638051605999976],[-69.899592325000015,-12.637929913999983],[-69.900310320000017,-12.637661380999987],[-69.900903366000023,-12.63752492499998],[-69.90152714200002,-12.637381307999988],[-69.902547571000014,-12.63731375499998],[-69.904803141000002,-12.637332797999989],[-69.905823714999997,-12.637228610000022],[-69.907145706999984,-12.636930794000023],[-69.908006020000016,-12.63636978400001],[-69.909804736000012,-12.635515232999978],[-69.910876445999975,-12.635293934999993],[-69.911519438000028,-12.635327909000011],[-69.911983389,-12.635452466999993],[-69.912512681999999,-12.635594610999988],[-69.913413158000026,-12.63615857100001],[-69.913828061000004,-12.63647209200002],[-69.914747084999988,-12.637279582000019],[-69.91521562600002,-12.63789049799999],[-69.915474635999999,-12.638381777999996],[-69.915612732999989,-12.638867774000005],[-69.915959188999977,-12.640359364999995],[-69.916197079000028,-12.641020619000017],[-69.916286301000014,-12.641433360999997],[-69.916309098999989,-12.641810614999997],[-69.916656703000001,-12.642536323999991],[-69.916763925999987,-12.64270405000002],[-69.917129884000019,-12.643076870000016],[-69.917843197000025,-12.643484573000023],[-69.918139370999995,-12.643705540999974],[-69.919135832999984,-12.644011626000008],[-69.919419869000023,-12.64403027100002],[-69.92016963399999,-12.643970992999982],[-69.920614510000007,-12.643880484000022],[-69.921420743999988,-12.643648573999997],[-69.922325575999992,-12.64356614899998],[-69.922591328999999,-12.643596246000016],[-69.922816489000013,-12.643706775999988],[-69.923557104999986,-12.644355705999999],[-69.923971725000001,-12.644660982999994],[-69.924496490000024,-12.644970667999985],[-69.924864104999983,-12.645057919999999],[-69.925776481000014,-12.645075100999975],[-69.928065245000028,-12.644759900999986],[-69.929008548000013,-12.644723343999999],[-69.929986896999992,-12.644778712000004],[-69.930862198,-12.644881638000015],[-69.932381467000027,-12.645154289999994],[-69.93501747800002,-12.645809670000006],[-69.936663103000001,-12.646465244000012],[-69.937571341000023,-12.646911541000009],[-69.937928935000002,-12.647128018999979],[-69.938540637000017,-12.647612970000012],[-69.939182673999994,-12.648284444000012],[-69.939290196999991,-12.648428466999974],[-69.939700157000004,-12.649290185999973],[-69.940164724999988,-12.650807358999998],[-69.94060076400001,-12.652100298999983],[-69.940719313999978,-12.652992158000018],[-69.940780973000017,-12.654313901000023],[-69.940904720999981,-12.655342189999999],[-69.940902182000002,-12.655805154999996],[-69.940786758999991,-12.656697208000026],[-69.940623453000001,-12.657163002999994],[-69.940514027999996,-12.657657540999992],[-69.939781118999974,-12.659512408000012],[-69.939249926999992,-12.660503853000023],[-69.938641748000009,-12.661545749000027],[-69.938251347000005,-12.662059181000018],[-69.937865144,-12.66243741400001],[-69.937537420000012,-12.662690391000012],[-69.936294265000015,-12.663343170000019],[-69.935043240000027,-12.663884938000024],[-69.933126347999973,-12.664632025000003],[-69.932249418000026,-12.665011517999972],[-69.931780919999994,-12.665274292999982],[-69.931591099999991,-12.665417642000023],[-69.931130414999984,-12.665854452000019],[-69.930819154000005,-12.666232234999995],[-69.929797542000017,-12.667652797000017],[-69.929310332,-12.668547591999982],[-69.929058322000003,-12.669243178999977],[-69.929045937000012,-12.669484828999998],[-69.929181266000001,-12.670033035000017],[-69.929360067000005,-12.67043098900001],[-69.930217557999981,-12.671870673000001],[-69.930820697000001,-12.672443195000028],[-69.931538305999993,-12.672661769000001],[-69.931976093000003,-12.672737094000013],[-69.932447518999993,-12.672744307000016],[-69.932919731000027,-12.672789943999987],[-69.933425250000028,-12.672727138000027],[-69.934367178000002,-12.672488380000004],[-69.935243603000004,-12.67216575499998],[-69.935847087000013,-12.671997169999997],[-69.936690011999985,-12.671681891999981],[-69.937633448999975,-12.671277825999994],[-69.93901243900001,-12.670844191000015],[-69.939516749000006,-12.670628206000004],[-69.940396607000025,-12.670115668999983],[-69.940930659999992,-12.669725243000016],[-69.941514622,-12.669233458000008],[-69.942400905999989,-12.668392750999999],[-69.943284855999991,-12.667668967999987],[-69.943849012999976,-12.667354112999988],[-69.944596764999972,-12.667006777999973],[-69.945285394999985,-12.666785335999975],[-69.946529742999985,-12.666558393000003],[-69.947556175999978,-12.666371190000007],[-69.948315561000015,-12.666259079999975],[-69.94863800600001,-12.666173932999982],[-69.950853516999985,-12.66533560900001],[-69.951502296000001,-12.665023150000025],[-69.952354754999988,-12.664484722999987],[-69.953167726000004,-12.663852575000021],[-69.953852070999972,-12.663250545999972],[-69.954605523999987,-12.662463807999984],[-69.955943917000013,-12.661461487999986],[-69.956324941999981,-12.661135510999998],[-69.956554133999987,-12.660985765000021],[-69.957026417000009,-12.660513066000021],[-69.957807151999987,-12.659416983000028],[-69.958145436999985,-12.659014661000015],[-69.959120886999983,-12.658255506999978],[-69.959639682999978,-12.657935899999984],[-69.960023820999993,-12.657608096999979],[-69.962033448999989,-12.655427770000017],[-69.962851684999976,-12.65464231499999],[-69.963250454999979,-12.654191665999974],[-69.963800248999974,-12.653646069999979],[-69.964552536999975,-12.652981196999974],[-69.965315741999973,-12.652404263999983],[-69.965785924999977,-12.652140975999998],[-69.966397030999985,-12.651926968999987],[-69.966396599999996,-12.651812946999996],[-69.966298902999995,-12.626270197999986],[-69.96853392700001,-12.626246960000003],[-69.96844461500001,-12.602484031000017],[-69.977650600000004,-12.602450585999975],[-69.977616341999976,-12.593408721000003],[-69.996027583999989,-12.593340926999986],[-69.995992707000028,-12.584299106000003],[-70.01440319400001,-12.584230095000009],[-70.014438715999972,-12.59327186500002],[-70.032849737999982,-12.593201537000027],[-70.032813568999984,-12.584159817999989],[-70.051223832999995,-12.58408827400001],[-70.051187049000021,-12.575046601999986],[-70.069390687000009,-12.574974664000024],[-70.078801254999973,-12.57493698799999],[-70.078763535999997,-12.565895393000005],[-70.087967891000005,-12.565858247999984],[-70.087929878000011,-12.556816673000014],[-70.124745709000024,-12.556665049000003],[-70.124667201000022,-12.538582104],[-70.161491387000012,-12.537824608999983],[-70.161520489999987,-12.547467014000006],[-70.170723921999979,-12.547427083999992],[-70.189130690000013,-12.547346273000016],[-70.189047750999976,-12.529263728999979],[-70.207453105000013,-12.529181778000009],[-70.20741104199999,-12.520140556000001],[-70.262624374999973,-12.519887326000003],[-70.262668358999974,-12.528928357999973],[-70.281073169000024,-12.528841363000026],[-70.281117827999992,-12.537882324999998],[-70.290320500999997,-12.537838320999981],[-70.290275518999977,-12.528797392000001],[-70.317882359999999,-12.528663589000018],[-70.318066339999973,-12.564826869000001],[-70.327269833000003,-12.564781502000017],[-70.327223462000006,-12.555740727],[-70.336426598000003,-12.555695076999996],[-70.336379942999997,-12.546654326999999],[-70.345582718999992,-12.546608397999989],[-70.345488874000011,-12.528526946999989],[-70.373095053999975,-12.528387468000005],[-70.372999434000008,-12.510306199000013],[-70.391402083999992,-12.510211778999974],[-70.391498988000023,-12.528292908000026],[-70.419104596000011,-12.528148697999995],[-70.428306390999978,-12.528099999999995],[-70.428256637999993,-12.51905958399999],[-70.446659464999982,-12.518961310999998],[-70.446861260999981,-12.555122649999987],[-70.428455870999983,-12.555221211999992],[-70.428490434000025,-12.564278082999977],[-70.437708810000004,-12.56421244400002],[-70.437759073999985,-12.573252791000016],[-70.428296785999976,-12.573213074000023],[-70.428605695999977,-12.582342364999988],[-70.437809374999972,-12.582293133000007],[-70.437859715000002,-12.591333464999991],[-70.456267599,-12.591233975000023],[-70.456369685000027,-12.609314476000009],[-70.483983145000025,-12.609162638999976],[-70.484035214000016,-12.618202767000014],[-70.489701781999997,-12.618171233999988],[-70.476360263000004,-12.641157983000028],[-70.456419055000026,-12.643675571000017],[-70.456369503000019,-12.643715105000012],[-70.455959854000014,-12.644206709999992],[-70.455787946999976,-12.644526691999999],[-70.455828202000021,-12.645099827000024],[-70.456043615999988,-12.645715310000014],[-70.45648298499998,-12.646291779000023],[-70.457059667999999,-12.646795533999978],[-70.458550590000016,-12.647308479999992],[-70.459098095000002,-12.647617565000019],[-70.460660261999976,-12.648645149000004],[-70.461280784999985,-12.648874905000014],[-70.46196683300002,-12.648954134999997],[-70.462598426,-12.648912519000021],[-70.463357022000025,-12.648927519999972],[-70.46351873499998,-12.649017130000004],[-70.465097678999996,-12.649237271000004],[-70.465387231000022,-12.649368574999983],[-70.46580069800001,-12.64988658599998],[-70.466079141000023,-12.650571594999974],[-70.466481800999986,-12.651130887000022],[-70.466784512000004,-12.651341495999986],[-70.467454136000015,-12.651574399000026],[-70.468667513000014,-12.651569793000021],[-70.469819156000028,-12.651845690000016],[-70.470506634999992,-12.652093404000027],[-70.471496219000016,-12.652604879000023],[-70.471836728000028,-12.652887776],[-70.472270443000014,-12.653353315999993],[-70.472833103000028,-12.654181214000005],[-70.473165295000001,-12.654826768000021],[-70.473265439999977,-12.655240273999993],[-70.473375366000027,-12.656346857000017],[-70.473318948999975,-12.65676737299998],[-70.472587988999976,-12.659711216000005],[-70.47255409600001,-12.660158459000002],[-70.472275643999978,-12.661290154000028],[-70.472116577000008,-12.663027811999996],[-70.47196608500002,-12.663531838999972],[-70.471774190000019,-12.663784497999984],[-70.471489614999996,-12.664363671999979],[-70.471142530000009,-12.664815536999981],[-70.470983450999995,-12.665123341000026],[-70.470967660999975,-12.665982369999995],[-70.471710389000009,-12.667411279000021],[-70.472360585999979,-12.66842194100002],[-70.472564809000005,-12.668504344999974],[-70.472766449000005,-12.668681687999992],[-70.474366997999994,-12.669387207999989],[-70.474690748,-12.669648763999987],[-70.475072996999984,-12.670044066999992],[-70.475414989000001,-12.670307600000001],[-70.476101170999982,-12.670544452999991],[-70.477297876000023,-12.670731187999991],[-70.477817942999991,-12.670755964000023],[-70.479481361000012,-12.671103640000013],[-70.480583878999994,-12.67208734899998],[-70.480963281000015,-12.672529940999993],[-70.482175132999998,-12.673710388000018],[-70.483529268999973,-12.675117585999999],[-70.483879209999998,-12.675192659000004],[-70.484332477999999,-12.675208209999994],[-70.484617209000021,-12.67527966900002],[-70.485293710000008,-12.675621779999972],[-70.485897318000013,-12.676127115999975],[-70.486157331000015,-12.676571994000028],[-70.48655426800002,-12.677510343999984],[-70.486884954999994,-12.678741795999997],[-70.486999716000014,-12.678906686000005],[-70.487059018000025,-12.67927294499998],[-70.487236100000018,-12.679801001999977],[-70.487845599000025,-12.68214250699998],[-70.487876149999977,-12.682900378999989],[-70.488068790999989,-12.684029086999999],[-70.488447228999974,-12.685013099999992],[-70.489559797000027,-12.686869020000017],[-70.490083550999998,-12.687981224999987],[-70.49112200899998,-12.689439407999998],[-70.491977808000001,-12.690456716000028],[-70.492599120000023,-12.690784468999993],[-70.493481565000025,-12.691001543000027],[-70.494141714000023,-12.690993671999991],[-70.494796289000021,-12.690772749000018],[-70.495081024000001,-12.690589252999985],[-70.495545473999982,-12.69019726800002],[-70.496217261000027,-12.689392956000006],[-70.496481302000007,-12.689197915000022],[-70.49739054600002,-12.688219952999987],[-70.497750199999984,-12.687937400999999],[-70.498407211000028,-12.687253586999987],[-70.498875981000026,-12.686878024999999],[-70.49932443199998,-12.686618115999977],[-70.499566630999993,-12.68640502300002],[-70.499817409000002,-12.686100210999996],[-70.499943137000002,-12.686029438999981],[-70.501678758000025,-12.68472658799999],[-70.502927295000006,-12.684100264999984],[-70.504340126999978,-12.682900114000006],[-70.505833246000009,-12.681874887999982],[-70.507815938000022,-12.681011593999983],[-70.508919445000004,-12.680294307999986],[-70.510271411000019,-12.67925810700001],[-70.513083843000004,-12.676761801999987],[-70.513946690000012,-12.67592834300001],[-70.515037983000013,-12.674708822000014],[-70.516895246999979,-12.673109484000008],[-70.518005624000011,-12.672318990999997],[-70.518148090000011,-12.672252719000028],[-70.521174894000012,-12.672235434000015],[-70.521228539999981,-12.681275361000019],[-70.523540522000019,-12.681262124999989],[-70.523543999000026,-12.681785823999974],[-70.523697814000002,-12.682336583999984],[-70.523902513999985,-12.682417945999987],[-70.52415556699998,-12.682269229999974],[-70.524631589000023,-12.682424887000025],[-70.525148003000027,-12.683224885000016],[-70.525465327000006,-12.684468459000016],[-70.525866077999979,-12.684986155999979],[-70.527195955000025,-12.686245970000016],[-70.527747008999995,-12.686599172999991],[-70.528326465000021,-12.686851409999974],[-70.529594248000024,-12.687254184999972],[-70.530472468000028,-12.68743256099998],[-70.530489380999995,-12.690262416999985],[-70.522521765000022,-12.690308184000003],[-70.522551725000028,-12.688707722000004],[-70.522470786999975,-12.687762384999985],[-70.52249029699999,-12.686816474000011],[-70.522611598000026,-12.686342880999973],[-70.523287927000013,-12.684802058999992],[-70.523323602000005,-12.684329226999978],[-70.523194327999988,-12.683818013000007],[-70.522858314000018,-12.683408783999994],[-70.522146303,-12.682896479000021],[-70.521577315999991,-12.682606197999974],[-70.52067740199999,-12.682313014999977],[-70.520195442999977,-12.682258274999981],[-70.519435075999979,-12.68231578000001],[-70.518452685,-12.682646937000015],[-70.516982964000022,-12.68335414500001],[-70.516408469999988,-12.683284196999978],[-70.515564277999999,-12.683040130999984],[-70.514901887000008,-12.683022481000023],[-70.513946857999997,-12.683217769000009],[-70.513067956999976,-12.683644415999993],[-70.512449724000021,-12.683729841000002],[-70.511928092999995,-12.683692758000007],[-70.511662785999988,-12.683623300000022],[-70.510637148000001,-12.684461657999975],[-70.510273536,-12.684694255000011],[-70.508473766999998,-12.68544596800001],[-70.507393325999999,-12.685783787999981],[-70.505877345999977,-12.686540836999995],[-70.505410099000017,-12.687063396999974],[-70.504886909999982,-12.688000503000012],[-70.504197192999982,-12.688850678999984],[-70.503503411999986,-12.689527210999984],[-70.502422792000004,-12.690356453999982],[-70.502110571999992,-12.690515521999998],[-70.501652967999973,-12.690612761000011],[-70.500621851999995,-12.690684400000009],[-70.499943590999976,-12.69069645899998],[-70.498635605999993,-12.690989516999991],[-70.49856620700001,-12.691057167999986],[-70.497844843999985,-12.691083204999984],[-70.497573529000022,-12.690916311000024],[-70.497496931000001,-12.69076043199999],[-70.497022043000015,-12.691067683000028],[-70.495803439999975,-12.692003811000006],[-70.495052236999982,-12.692187131000026],[-70.494357359999981,-12.692240040000001],[-70.493984087000001,-12.692178495000007],[-70.492753531000005,-12.692252311000004],[-70.491987730999995,-12.692254081999977],[-70.491530071999989,-12.692201051999973],[-70.490801884999996,-12.691989616000001],[-70.490040378000003,-12.691700706000006],[-70.489584609000019,-12.691592426],[-70.488824936000015,-12.691222772000003],[-70.488088373999972,-12.690662502999999],[-70.487574503000019,-12.690094294999994],[-70.486944659000017,-12.689152911000008],[-70.486459369999977,-12.688082523999981],[-70.48605507000002,-12.686592387000019],[-70.486039372999983,-12.685966151000002],[-70.486217662000001,-12.684829035999996],[-70.486207459000013,-12.684181524999985],[-70.486095800999976,-12.683996096999977],[-70.485917641000015,-12.683854164000024],[-70.485647761999985,-12.683741581999982],[-70.485216595999987,-12.683729255000003],[-70.484441236999999,-12.684222766000005],[-70.483548357000018,-12.685076288999994],[-70.482688988999996,-12.685962350000011],[-70.481996374999994,-12.686945297000022],[-70.481402052000021,-12.687666696999997],[-70.481073537999976,-12.688353886000016],[-70.480711504999988,-12.689008625999975],[-70.480183615999977,-12.689691773999982],[-70.480116668999983,-12.689961191000009],[-70.479704561999995,-12.690699200999973],[-70.478858012999979,-12.691817161000017],[-70.477101902000015,-12.69435464999998],[-70.47630652700002,-12.695695799000021],[-70.475875045999999,-12.696510939999996],[-70.475257225000007,-12.697874333000016],[-70.47472181400002,-12.699318362999975],[-70.474138446999973,-12.701181956000028],[-70.47377123199999,-12.702157836000026],[-70.473261760000014,-12.703311792000022],[-70.473110641999995,-12.703917531999991],[-70.473022497999978,-12.704569477999996],[-70.473036730999979,-12.705137504999982],[-70.473752830000024,-12.706633798999974],[-70.474221456000009,-12.707147409000015],[-70.474777098999994,-12.707867108000016],[-70.475112654999975,-12.708377929999983],[-70.475420199999974,-12.708678264000014],[-70.476242507999984,-12.709299380000004],[-70.477050191999979,-12.709651624000003],[-70.478252639999994,-12.710099032000016],[-70.478767111000025,-12.710145705000002],[-70.479990971999996,-12.710393459999977],[-70.48050589799999,-12.710566605999986],[-70.480870528000025,-12.710848440999996],[-70.481124115999989,-12.711258819000022],[-70.481273538999972,-12.712095402999978],[-70.481182077000028,-12.712711479999996],[-70.480947886000024,-12.713693587000023],[-70.480359210000017,-12.714985861999992],[-70.480242880999981,-12.715156744000012],[-70.479401295000002,-12.716554755999994],[-70.479087619999973,-12.717170352999972],[-70.478893239000001,-12.717872525000018],[-70.47856846000002,-12.718750089000025],[-70.478524489999984,-12.719426741999996],[-70.478599483999972,-12.719989364000014],[-70.478809593999983,-12.720682681000028],[-70.47964847999998,-12.722138125000015],[-70.480167603999973,-12.722474877000025],[-70.480977247999988,-12.723331459000008],[-70.483169899000018,-12.725361346],[-70.483255186000008,-12.725489693999975],[-70.483500396000011,-12.726150897000025],[-70.483720963999986,-12.726454053999987],[-70.483965786999988,-12.726668026000027],[-70.484453652000013,-12.726963447000003],[-70.485117199000001,-12.727570952999997],[-70.485347294999997,-12.728165790999981],[-70.485492575000023,-12.729028879999987],[-70.485748865999994,-12.729915124000001],[-70.486685088999991,-12.732463070999984],[-70.487763438999991,-12.733780625000009],[-70.488449790999994,-12.734488068000019],[-70.489112178000028,-12.735333239999989],[-70.489715174000025,-12.736258571999997],[-70.490786336999975,-12.737711483999988],[-70.491553979000003,-12.739040079000006],[-70.49248447299999,-12.740356541999972],[-70.492669694000028,-12.740705723000019],[-70.493183176999992,-12.741249139999979],[-70.493492898999989,-12.741375946000005],[-70.493687104999992,-12.741371867999987],[-70.49390846,-12.741286089000027],[-70.494048652999993,-12.741148969999983],[-70.494190930000002,-12.740911578999999],[-70.494458160000022,-12.739947719999975],[-70.494712325000023,-12.739552215000003],[-70.494950341999981,-12.739386878000005],[-70.495192549000024,-12.739292483999975],[-70.495622541999978,-12.739292767999984],[-70.495868065000025,-12.739371118000008],[-70.496056115999977,-12.739511445000005],[-70.496607687999983,-12.740094870000007],[-70.497491342999979,-12.74153805100002],[-70.497881242999995,-12.742065971999978],[-70.49881657200001,-12.742818984999985],[-70.499046979000013,-12.743098023000016],[-70.499943572999996,-12.74488917299999],[-70.501279217999979,-12.746135229000004],[-70.501883740999972,-12.746650171999988],[-70.502272961000017,-12.746809875999986],[-70.503367498999978,-12.746679173000018],[-70.503672551000022,-12.746746055000017],[-70.504101337999998,-12.747023959999979],[-70.504489208999985,-12.747048064000012],[-70.504953688000001,-12.746617360000016],[-70.50556179199998,-12.745913907999977],[-70.505875140000001,-12.745857249999972],[-70.506161960999975,-12.745987517000003],[-70.506971432,-12.746569353999973],[-70.507967900999972,-12.746722153000007],[-70.508162115000005,-12.746936929000015],[-70.508284684999978,-12.747339610999973],[-70.508540333999974,-12.749126332000003],[-70.508958285000006,-12.74982828200001],[-70.508998120999991,-12.749899019999987],[-70.509233477000009,-12.750481685000011],[-70.510933271999988,-12.752412757999991],[-70.511142726999992,-12.752866652000023],[-70.511033343999998,-12.753275536999979],[-70.51097530200002,-12.753319080999972],[-70.510354657999983,-12.75271511599999],[-70.508887675999972,-12.751014957999985],[-70.508637362999991,-12.750581726000007],[-70.508214511999995,-12.749534191999999],[-70.507910003999996,-12.749061944000005],[-70.50783485300002,-12.748626263999995],[-70.507873438999979,-12.747754106000002],[-70.507632059999992,-12.747350923999988],[-70.507406398000001,-12.747284408999974],[-70.507109259000003,-12.747372073999998],[-70.506857090999972,-12.747340060999989],[-70.506665618,-12.747214675999999],[-70.506353106000006,-12.746867227999985],[-70.505952374999993,-12.746708952000006],[-70.505670334000001,-12.746873192999999],[-70.505451846000028,-12.747132810999972],[-70.505066536000015,-12.747433063000017],[-70.50481475700002,-12.747544695999977],[-70.504288533000022,-12.747532320999994],[-70.503238509000028,-12.747231820000025],[-70.502114640000002,-12.747277617999998],[-70.501662427999975,-12.746978237999997],[-70.500968800999999,-12.746376288000022],[-70.499938610000015,-12.745657633999997],[-70.499680700999988,-12.745447641999988],[-70.499522749999983,-12.74524341],[-70.499296737000009,-12.744803520999994],[-70.499013011999978,-12.743977844000028],[-70.498453046000009,-12.742924645000016],[-70.497990663999985,-12.742553715999975],[-70.497397782000007,-12.742276546000028],[-70.497352485000022,-12.742169312999977],[-70.497046044000001,-12.741833297000028],[-70.496294948000013,-12.74036387000001],[-70.495939056999987,-12.739902743000016],[-70.495668625999997,-12.739786023000022],[-70.49520357199998,-12.739806097999974],[-70.494968367000013,-12.739963461999992],[-70.494821031000015,-12.740139407000015],[-70.494682947999991,-12.740416642000014],[-70.494351661999985,-12.741387191000001],[-70.494174320000013,-12.741565836999996],[-70.493969519000018,-12.741679273999978],[-70.493512468000006,-12.741698214999985],[-70.493253209999978,-12.741617862999988],[-70.492716613000027,-12.741341992999992],[-70.492324874000019,-12.74095519399998],[-70.491729006000014,-12.739898383000025],[-70.491107693000004,-12.739182630000016],[-70.49021122900001,-12.737604428999987],[-70.489385396999978,-12.736449370999992],[-70.488960915999996,-12.735751666999988],[-70.488526670999988,-12.735242692999975],[-70.487393532999988,-12.734133559999975],[-70.486498402999985,-12.732982224000011],[-70.486102495000011,-12.731954379000001],[-70.485686182999984,-12.731264849000013],[-70.485388372999978,-12.730428925000012],[-70.485280230000001,-12.730234617999997],[-70.485244357999989,-12.729925818000027],[-70.48497054500001,-12.729034970999976],[-70.484787308000023,-12.728073823999978],[-70.484518216000026,-12.727645909999978],[-70.484107173999973,-12.727179738000018],[-70.484008034999988,-12.727119811000023],[-70.483889834000024,-12.727081866999981],[-70.483736754000006,-12.727079202000027],[-70.483635846000027,-12.727118362999988],[-70.483529205000025,-12.727241917000015],[-70.483368172999974,-12.728198124000016],[-70.483152100999973,-12.729065588000026],[-70.482568892000018,-12.730619740999998],[-70.482236182999998,-12.731367982999984],[-70.481915001999994,-12.732484376000002],[-70.482057198000007,-12.733246323999992],[-70.48213492299999,-12.733451829999979],[-70.482406842999978,-12.733906307999973],[-70.48295183099998,-12.734552722999979],[-70.483766877999983,-12.735711752999975],[-70.484386509999979,-12.736997898000027],[-70.484704054000019,-12.737789325999984],[-70.484749204000025,-12.738014901999975],[-70.484812045000012,-12.739428384000007],[-70.484527704000016,-12.740401282999983],[-70.484325980999984,-12.741771857999993],[-70.485339110999973,-12.743555275000006],[-70.487017442000024,-12.746090820999996],[-70.488404622000019,-12.747842196000022],[-70.489332368000021,-12.748779437999985],[-70.489929502999985,-12.749246991000007],[-70.490426139000022,-12.749411622000025],[-70.491121684000007,-12.749319829000001],[-70.491941665000013,-12.749010182999996],[-70.492398089000005,-12.748756105999973],[-70.492760463000025,-12.748609233000025],[-70.494096302000003,-12.748303722999992],[-70.494704262000027,-12.748291517999974],[-70.495792935999987,-12.748618232000013],[-70.496741929999985,-12.748887691999983],[-70.497426862999987,-12.749216955999998],[-70.497989210000014,-12.749560651000024],[-70.498683190000008,-12.750393948999999],[-70.498801920000005,-12.750693866999995],[-70.498845886000026,-12.751341904000014],[-70.498761100000024,-12.751989766000008],[-70.498430267999993,-12.752895948999992],[-70.49835514099999,-12.753808368000023],[-70.498348616999976,-12.754640843000004],[-70.498116589000006,-12.754995905999976],[-70.497114829999987,-12.75570365599998],[-70.496861876000025,-12.755946284999993],[-70.496516848999988,-12.756523476999973],[-70.49644020300002,-12.756833545000006],[-70.496439571999986,-12.757681986000023],[-70.496482986999979,-12.758001319000016],[-70.496673427000019,-12.758247767],[-70.497095995999985,-12.758233259000008],[-70.497419915000023,-12.758295701999998],[-70.497822869000004,-12.758657563999975],[-70.498416706,-12.759371826000006],[-70.498754614999996,-12.759573137000018],[-70.499076668999976,-12.759693808000009],[-70.499944851999999,-12.759761476999984],[-70.500835508000023,-12.760532628000021],[-70.501179099000012,-12.760556441000006],[-70.50193115899998,-12.760408428000005],[-70.502412943000024,-12.760408220999977],[-70.503119398000024,-12.760647570000003],[-70.503323796000018,-12.760885434999977],[-70.503553468999996,-12.761348349000002],[-70.503685453999992,-12.762175152999987],[-70.503614673000016,-12.763180480000017],[-70.503437765000001,-12.76397947800001],[-70.503444140999989,-12.764201110999977],[-70.503622044999986,-12.764677792999976],[-70.503917301000001,-12.764859811999997],[-70.504342894999979,-12.764779460999989],[-70.504565431999993,-12.764626043000021],[-70.505469729000026,-12.763540573],[-70.505633004000003,-12.762991617000012],[-70.505716380000024,-12.761454194000009],[-70.505976083000007,-12.760625162999986],[-70.506188988000019,-12.760214241000028],[-70.506518421999999,-12.759791807999989],[-70.507327956999973,-12.759194417000003],[-70.507758452000019,-12.759134195000001],[-70.508687322000014,-12.759185849000005],[-70.510587152000028,-12.759149235999985],[-70.51135608200002,-12.759253867999973],[-70.511926663999986,-12.759442259000025],[-70.512699961999999,-12.759848083999998],[-70.513030230000027,-12.760125720000019],[-70.513186196999982,-12.76031802],[-70.513280462000012,-12.760434191000002],[-70.514435369000012,-12.762593723000009],[-70.514520754999978,-12.763167655000018],[-70.514431896000019,-12.763619726999991],[-70.514155996,-12.763967281000021],[-70.514140500999986,-12.763977321000027],[-70.51450851300001,-12.763935268000012],[-70.514600169000005,-12.763882720000026],[-70.543775331999996,-12.746385900000007],[-70.641113029999985,-12.852316797000015],[-70.63280920699998,-12.852368563000027],[-70.632867621999992,-12.861407871999972],[-70.623654731999977,-12.861465038000006],[-70.62382925899999,-12.888583047999987],[-70.633043136000026,-12.888525759000004],[-70.633101731000011,-12.897565040000018],[-70.651530012000023,-12.897449404999975],[-70.651648654999974,-12.915527779000001],[-70.642433874000005,-12.915585842999974],[-70.642492930999992,-12.924625063000008],[-70.66092310800002,-12.924508523999975],[-70.660982870999987,-12.933547652000016],[-70.67019822200001,-12.933488852999972],[-70.670258362000027,-12.942527932000019],[-70.679473998999981,-12.942468763000022],[-70.679534516999979,-12.951507793000019],[-70.716397925000024,-12.951267689000019],[-70.716459815999997,-12.960306538999987],[-70.707243699999992,-12.960367098000006],[-70.707428650999987,-12.987483734000023],[-70.688994287000014,-12.987604130000022],[-70.688778787999979,-12.972203147000016],[-70.679673875999981,-12.972297532000027],[-70.679777033999983,-12.987663838000003],[-70.670559737000019,-12.987723218999975],[-70.670620144999987,-12.996762255000021],[-70.679837776999989,-12.996702832999972],[-70.679959399999973,-13.014780798999993],[-70.670741099999987,-13.014840307999975],[-70.670801643999994,-13.023879324000006],[-70.689238865999982,-13.023759890999997],[-70.689422778999983,-13.050876640000013],[-70.634104549000028,-13.051231764000022],[-70.615664773999981,-13.051347508999982],[-70.615782249999995,-13.069425980999995],[-70.57889948799999,-13.069653851999988],[-70.579014454000003,-13.087732621999976],[-70.551349905999984,-13.08790030900002],[-70.551406446999977,-13.096939802999998],[-70.532962528999974,-13.097050024999987],[-70.53301843700001,-13.106089590000011],[-70.514573675000008,-13.106198569000014],[-70.514408089000028,-13.079079620000016],[-70.505186653999999,-13.079133500000012],[-70.495306636000009,-13.100565185999983],[-70.477683651999996,-13.106412567999996],[-70.477791554000021,-13.124492139999973],[-70.468568272000027,-13.124544888000003],[-70.468514637999988,-13.115505068000004],[-70.450068623999982,-13.115609500999994],[-70.450121586000023,-13.124649394000016],[-70.459344949000013,-13.124597305999998],[-70.459558533000006,-13.160756665999997],[-70.450333818999979,-13.160808900000006],[-70.450280702999976,-13.151769033999983],[-70.42260733400002,-13.151923642999975],[-70.422659438999972,-13.160963618999972],[-70.43188427299998,-13.160912377999978],[-70.431936752000013,-13.169952310999975],[-70.422711579999998,-13.170003587999986],[-70.422763760999999,-13.179043550000017],[-70.395086994999986,-13.179195500999981],[-70.394831543999999,-13.133995082000013],[-70.40405548199999,-13.133944942000028],[-70.404020999000011,-13.127870787999996],[-70.402282461000027,-13.127232053],[-70.401711406000004,-13.126527547000023],[-70.401499381000008,-13.125378637999972],[-70.401303745000007,-13.123319342000002],[-70.401031072000023,-13.122277548],[-70.401596969000025,-13.120141719000003],[-70.402436631,-13.118957534000003],[-70.403961912,-13.117455464999978],[-70.403952891000017,-13.115864796999972],[-70.400688381999998,-13.116013873999975],[-70.400913188999994,-13.116847426999982],[-70.40056434600001,-13.119122391000019],[-70.399896048000016,-13.120489967000026],[-70.399628581999991,-13.122315550999986],[-70.399838586999977,-13.123572622999973],[-70.400578164000024,-13.126894966999998],[-70.398562375999973,-13.126858853999977],[-70.394780566999998,-13.124954976000026],[-70.385556925999992,-13.125004749000027],[-70.385506323000016,-13.11596460200002],[-70.367059600999994,-13.116063085999997],[-70.366959855000005,-13.097982630999979],[-70.366910035999979,-13.088942394000014],[-70.362959937000028,-13.088963266000007],[-70.362589071999992,-13.087618763000023],[-70.362256064000007,-13.086684733000027],[-70.361872057000028,-13.085534694999978],[-70.361439048000022,-13.084268654000027],[-70.36138904500001,-13.08413465000001],[-70.361239042000022,-13.08373463700002],[-70.361022038999977,-13.083134615999995],[-70.360722033000002,-13.082251586999973],[-70.360572027999979,-13.081801573000007],[-70.360539028000005,-13.081668568999987],[-70.360439025999995,-13.081368558000008],[-70.360089018999986,-13.080334525000012],[-70.359989016999975,-13.080051517000015],[-70.359889013999975,-13.079768505999994],[-70.359839012999998,-13.079634501999976],[-70.359722009999984,-13.079334492999976],[-70.359506006000004,-13.078768475000004],[-70.359439004000023,-13.07858446900002],[-70.359289000999979,-13.078168453999979],[-70.359055995999995,-13.07750143200002],[-70.358955993999984,-13.077201421999973],[-70.358755988999974,-13.07658440199998],[-70.358321978999982,-13.075334360999989],[-70.357588964000001,-13.073234292999985],[-70.357438961000014,-13.072934282999995],[-70.357205954999984,-13.072584271999972],[-70.357088952000026,-13.072434267000006],[-70.356988949000026,-13.072301261000007],[-70.356638941000028,-13.071801245000017],[-70.355771919000006,-13.070501200000024],[-70.355488911000009,-13.069984182999974],[-70.355155901999979,-13.069584168999995],[-70.355071900999974,-13.069484165000006],[-70.354888894999988,-13.069251157999986],[-70.354688888999988,-13.068984149000016],[-70.353038846999993,-13.066651067999999],[-70.352855842999986,-13.066368059000013],[-70.352771840999992,-13.066234053000017],[-70.352705839000009,-13.066118050999989],[-70.352588835999995,-13.065918044999989],[-70.352138825999987,-13.065268021999998],[-70.351955820000001,-13.065018012999985],[-70.351505808000013,-13.064350992000016],[-70.351338805000012,-13.064067980999994],[-70.351055797000015,-13.063650967000001],[-70.350371779999989,-13.062667933],[-70.34982176699998,-13.061883908000027],[-70.349738763000005,-13.061767902999975],[-70.349655761000008,-13.061650899000028],[-70.349588759000028,-13.061533895000025],[-70.349555758999998,-13.061450891999982],[-70.349538759999973,-13.060733868],[-70.349588766000011,-13.059550833000003],[-70.349638771000002,-13.05810078799999],[-70.349671774000001,-13.057083755999997],[-70.349705776999997,-13.055700713000022],[-70.34973878400001,-13.054217666],[-70.349755786000003,-13.053417640000021],[-70.349788789000002,-13.052650615999994],[-70.349821791000011,-13.052050597999994],[-70.349838792000014,-13.051750588000004],[-70.349838797000018,-13.050233540000022],[-70.349838795999972,-13.050100535000013],[-70.349821797000004,-13.049950532000025],[-70.349771793999992,-13.049817527000016],[-70.349688792999984,-13.049667521999993],[-70.349588790999974,-13.049533516999986],[-70.349371785000017,-13.04928350900002],[-70.349038775999986,-13.048983498999974],[-70.348921774000019,-13.048883493999995],[-70.348788769999999,-13.048783490999995],[-70.347305726999991,-13.047900458000015],[-70.346721710999986,-13.047567445000027],[-70.346571707999999,-13.047483440999997],[-70.346421702999976,-13.047400437000022],[-70.346155694999993,-13.047200431000022],[-70.346038693000025,-13.047067426000012],[-70.345721685000001,-13.046700412999996],[-70.345638682000015,-13.046567407999987],[-70.345538680000004,-13.046433405000016],[-70.345221670000001,-13.046083391000025],[-70.345105667999974,-13.045983388000025],[-70.344871662000003,-13.045783382000025],[-70.344771658000013,-13.045667378000019],[-70.344671656000003,-13.045533373000012],[-70.344488651000006,-13.045267363999983],[-70.344438649999972,-13.045117358000027],[-70.344438651000019,-13.044967354999983],[-70.344538655999997,-13.044667344999993],[-70.344538655000008,-13.044517340000027],[-70.344505652999999,-13.04438333600001],[-70.344421651999994,-13.044267331000015],[-70.344288649000021,-13.044000322999977],[-70.344221645999994,-13.043850317000022],[-70.343921640000019,-13.043150293999986],[-70.343871637999996,-13.04300028900002],[-70.343838639000012,-13.042833284999972],[-70.343838638000022,-13.042667279],[-70.343855639000026,-13.04250027400002],[-70.343888640999978,-13.042333267999993],[-70.343988645000024,-13.042017258999977],[-70.344155650000005,-13.041533244999982],[-70.344271655,-13.041200233999973],[-70.34433865699998,-13.041033228999993],[-70.344405660000007,-13.040867225],[-70.344538665000016,-13.040533214999982],[-70.344571665999979,-13.040450211000007],[-70.344671670000025,-13.040117201999976],[-70.344721671999991,-13.039950197999985],[-70.344788675000018,-13.039600185999973],[-70.344805674999975,-13.039433180000003],[-70.344821677000027,-13.03926717500002],[-70.344821674999992,-13.039117171999976],[-70.344805677000011,-13.03896716600002],[-70.344788675000018,-13.038833162999993],[-70.344738674999974,-13.038700156999994],[-70.344671672000004,-13.038567152999974],[-70.344555669999977,-13.038450147999981],[-70.344338665000009,-13.038233140999978],[-70.344255663000013,-13.038133137999978],[-70.344205661999979,-13.038000133000025],[-70.343871654999987,-13.036883096999986],[-70.343838654000024,-13.036733090999974],[-70.343838652999978,-13.036600088],[-70.34392165700001,-13.036483083999997],[-70.34402166000001,-13.036383080999997],[-70.344155664000027,-13.036317079000014],[-70.344288667000001,-13.03626707799998],[-70.34442167200001,-13.03630007999999],[-70.344521672999974,-13.036367084000005],[-70.34458867699999,-13.036450086000002],[-70.344605675000025,-13.036567090000005],[-70.344605676000015,-13.036683093000022],[-70.344655676000002,-13.036783096000022],[-70.344738678999988,-13.036850098999992],[-70.344838681999988,-13.036867099999995],[-70.344938684999988,-13.036883101000001],[-70.345038687999988,-13.036883101000001],[-70.345221693999974,-13.036783098000001],[-70.345321696999974,-13.036717097000007],[-70.345621707000021,-13.036400088999983],[-70.345671707000008,-13.036317085000007],[-70.345688708000012,-13.03618308099999],[-70.345671708999987,-13.03608307899998],[-70.345655709000027,-13.035967074999974],[-70.345638708000024,-13.035833070000024],[-70.345688712000026,-13.035733068000013],[-70.345771712999976,-13.035650066000017],[-70.345955718000027,-13.035550062000027],[-70.346238726000024,-13.035383059000026],[-70.346321730999989,-13.035300056999972],[-70.34638873099999,-13.035217052999997],[-70.346455734000017,-13.035117050999986],[-70.346521737999979,-13.034917043999997],[-70.346588740000016,-13.034700037999983],[-70.346605741000019,-13.034583033999979],[-70.346621740999979,-13.03446703100002],[-70.346638741999982,-13.034333027000002],[-70.346638741999982,-13.034033016000024],[-70.346605742000008,-13.033533001000023],[-70.346588742999984,-13.033366996999973],[-70.346538741000018,-13.033066985999994],[-70.346488740999973,-13.032732975999977],[-70.346471740000027,-13.032566971999984],[-70.346471742000006,-13.032399965000025],[-70.34648874200002,-13.032232959999988],[-70.346521745000018,-13.032116957000028],[-70.346571745000006,-13.032016952999982],[-70.347038759999975,-13.03154994099998],[-70.347221764999972,-13.031382936],[-70.347405771000012,-13.031216932999996],[-70.347671779999985,-13.030949924000026],[-70.347755781999979,-13.030849922000016],[-70.347888785999999,-13.030649915000026],[-70.347921788999997,-13.030516911999996],[-70.347938789000011,-13.030382907999979],[-70.347938789000011,-13.029916893999996],[-70.348005795000006,-13.029116867000027],[-70.348038796000026,-13.02878285700001],[-70.348021796000012,-13.028632851999987],[-70.347988794000003,-13.028466846000015],[-70.347921794000001,-13.028332841999998],[-70.347855793000008,-13.028232838000008],[-70.347705786999995,-13.028049833000011],[-70.347471782000014,-13.027782823999985],[-70.347388777999981,-13.027716821000013],[-70.34730577900001,-13.027249804999997],[-70.347321776999991,-13.027149802999986],[-70.347288778000006,-13.026649786999997],[-70.347255780000012,-13.026232773000004],[-70.347221778000005,-13.025932763000014],[-70.347205776999999,-13.025782758999981],[-70.347171778000018,-13.025432748000014],[-70.347105778000014,-13.024632721999978],[-70.347105777000024,-13.024482718000002],[-70.347138780000023,-13.024332712999978],[-70.347188781999989,-13.024199708000026],[-70.347255784000026,-13.024066704999996],[-70.347338787000012,-13.023932700999978],[-70.34742178800002,-13.023816696999972],[-70.34748879,-13.023682693000012],[-70.347538792000023,-13.023566691999974],[-70.347571792999986,-13.023466687999985],[-70.347605795999982,-13.023199679000015],[-70.347621796999988,-13.023066674000006],[-70.347655798999995,-13.022932669999989],[-70.347705798999982,-13.022816668000019],[-70.347771802000011,-13.022716665000019],[-70.347988808000025,-13.022482657000012],[-70.348055811999984,-13.022416656000019],[-70.348355821999974,-13.022132649000014],[-70.348788834000004,-13.021699635999994],[-70.349105844000007,-13.02136662800001],[-70.349305850999997,-13.021132620000003],[-70.349521857000013,-13.02086661300001],[-70.350012187000004,-13.020333046000019],[-70.354560859999992,-13.02030768100002],[-70.354701277999993,-13.020306896000022],[-70.354581817999986,-13.019812215000002],[-70.354157332999989,-13.018370902000015],[-70.353974395000023,-13.017338114999973],[-70.353964720000022,-13.017283494000026],[-70.353943141000002,-13.016755992000014],[-70.353805356999999,-13.01615486999998],[-70.353665637000006,-13.015808796999977],[-70.353484466999987,-13.015027631000009],[-70.353268550999985,-13.014367880999998],[-70.352472651000028,-13.012628163999977],[-70.351638768999976,-13.011499435000019],[-70.350569835999977,-13.009732471999996],[-70.350280774999987,-13.009013792000019],[-70.350190567000027,-13.008546312000021],[-70.349576421999984,-13.006548882999994],[-70.349504018000005,-13.006049034],[-70.349478083000008,-13.005395524999983],[-70.34959268199998,-13.003706392000026],[-70.349724911999999,-13.002925038000001],[-70.349736951000011,-13.002761009999972],[-70.343681337000021,-13.002792381999996],[-70.343757283999992,-13.003025136000019],[-70.343705726999985,-13.002966024999978],[-70.343605724999975,-13.002832018999982],[-70.343521721999991,-13.002682014000015],[-70.343471722000004,-13.002532008999992],[-70.343238715999973,-13.001831987000003],[-70.343188715999986,-13.001648980000027],[-70.343171713999993,-13.001565976999984],[-70.343155713999977,-13.001465973999984],[-70.343155713999977,-13.000931958000024],[-70.343171715999972,-13.000765951999995],[-70.343188715999986,-13.000598946000025],[-70.343188716999975,-13.000348938999991],[-70.343138716999988,-13.000131931999988],[-70.343105716000025,-13.000031928999988],[-70.343071715000008,-12.999948926000002],[-70.343005711999979,-12.999815920000003],[-70.342938710999988,-12.999681916999975],[-70.342855709999981,-12.999548913000012],[-70.342655705000027,-12.999248901999977],[-70.342571704000022,-12.99909889700001],[-70.34252170100001,-12.998948891999987],[-70.34248869999999,-12.998781887000007],[-70.342505700999993,-12.998615882000024],[-70.342538702000013,-12.998281872000007],[-70.342538703000002,-12.998015862999978],[-70.342521705000024,-12.997248838000019],[-70.342505704000018,-12.997148835000019],[-70.342455702999985,-12.996998829999995],[-70.342371700000001,-12.996848826000019],[-70.342271700000026,-12.996698820999995],[-70.342205696000008,-12.996548814999983],[-70.34215569700001,-12.996381809000013],[-70.342138695000017,-12.996198803000027],[-70.342221699999982,-12.995481779999977],[-70.342271701000016,-12.995115769999984],[-70.342355707000024,-12.994431749],[-70.342421709000007,-12.993715726000005],[-70.342421709000007,-12.993248709999989],[-70.342405711000026,-12.993065705999982],[-70.342371710000009,-12.992881699000009],[-70.342271707999998,-12.992398684000023],[-70.342171705999988,-12.992048672999999],[-70.342088703999991,-12.991765661999978],[-70.342088703999991,-12.99154865600002],[-70.342105704999994,-12.991415650000022],[-70.342121705000011,-12.991315649000001],[-70.342171706999977,-12.991198644999997],[-70.342405715999973,-12.99081563499999],[-70.342638722999993,-12.990415622],[-70.342905730999973,-12.989915607],[-70.343005736000009,-12.989665598999977],[-70.343038736999972,-12.989565598000013],[-70.343055737999975,-12.989481594999972],[-70.343071737999992,-12.989398591999986],[-70.34310573800002,-12.989215585000011],[-70.343121739000026,-12.989115583],[-70.343155740999975,-12.98884857500002],[-70.343188741999995,-12.988498563000007],[-70.34318874500002,-12.988331556999981],[-70.343221744000004,-12.988148552999974],[-70.343271747000017,-12.987981546000015],[-70.343355749000011,-12.987848542999984],[-70.343471753000017,-12.987731540000027],[-70.343571756000017,-12.987648536999984],[-70.343755760000022,-12.987498533999997],[-70.343838763999997,-12.987448531999974],[-70.343955767000011,-12.987381530999983],[-70.344071772000007,-12.987298527999997],[-70.344738790000008,-12.986765514000012],[-70.34538881200001,-12.986231498999985],[-70.345505816000014,-12.986131496999974],[-70.345738822999976,-12.985931490999974],[-70.346338842000023,-12.98533147500001],[-70.346405844000003,-12.985215471999993],[-70.346438845000023,-12.985081466999986],[-70.346455846000026,-12.984948461999977],[-70.346455846000026,-12.984365443999991],[-70.346421847999977,-12.983315409999989],[-70.346388848000004,-12.982365379999976],[-70.346405850999986,-12.98151535300002],[-70.346421856000006,-12.980098307999981],[-70.34643885700001,-12.979565290999972],[-70.346455858000013,-12.979398285999991],[-70.346505859999979,-12.979098277999981],[-70.346555862000002,-12.978915271000005],[-70.346788869000022,-12.978198250999981],[-70.346821870999975,-12.978098246000002],[-70.346921873999975,-12.977981243999977],[-70.347205883000015,-12.977698234999991],[-70.347438889999978,-12.977481230000024],[-70.347596117000023,-12.977398428000015],[-70.347800301000007,-12.977128359999995],[-70.347939344999986,-12.976858857000025],[-70.348121912000011,-12.976481200000023],[-70.348088910999991,-12.976398198000027],[-70.347905905999994,-12.976015184000005],[-70.347405891999983,-12.975598170000012],[-70.346992409999984,-12.975410531000023],[-70.346580023999991,-12.975068894999993],[-70.346105856000008,-12.974998146000019],[-70.345955850999985,-12.975098147999972],[-70.345821848000014,-12.975131148999992],[-70.345671842999991,-12.975115146000007],[-70.345538839000028,-12.975098146999983],[-70.34507182599998,-12.974981141000001],[-70.345055824999974,-12.975331152000024],[-70.344888818000015,-12.975748166000017],[-70.344838815999992,-12.975865167999984],[-70.344738813999982,-12.97608117499999],[-70.344655810999996,-12.976248178999981],[-70.344521806999978,-12.976331183000013],[-70.344405802999972,-12.976298180000015],[-70.344371802000012,-12.976215176999972],[-70.344388802000026,-12.976115175000018],[-70.344471805000012,-12.976031173000024],[-70.344538806999992,-12.975931168999978],[-70.344721812999978,-12.975565157999995],[-70.344888819999994,-12.975215146999972],[-70.344578930000011,-12.974404291999974],[-70.344333800000015,-12.97383860399998],[-70.343975532999991,-12.97346147799999],[-70.343355778999978,-12.973181076999992],[-70.343355778999978,-12.972798064000017],[-70.343482627000014,-12.97256795200002],[-70.343591898,-12.972192334999988],[-70.343612387000007,-12.971925988999999],[-70.343538787,-12.97173103199998],[-70.343255778000014,-12.971698030000027],[-70.343155776000003,-12.971698027999992],[-70.343038772,-12.971731029000011],[-70.342938769999989,-12.971765029999972],[-70.342821765999986,-12.971781032000024],[-70.342738763999989,-12.971731029000011],[-70.342655761000003,-12.971665025999982],[-70.34267176100002,-12.971565023999972],[-70.342721761999996,-12.971465019999982],[-70.342755764999993,-12.971381017999988],[-70.342765542999985,-12.971188408999978],[-70.342724567000005,-12.970969867999997],[-70.342555759999982,-12.970847999999989],[-70.342455755000003,-12.970847999],[-70.342338751999989,-12.970931000999997],[-70.342255749000003,-12.971015002999991],[-70.342155747999982,-12.971131006999997],[-70.342021741999986,-12.971248011],[-70.341888739000012,-12.971315011999991],[-70.341755735999982,-12.971331012999997],[-70.341655731999992,-12.971315011000002],[-70.341155719000028,-12.971048001999975],[-70.341088716999991,-12.970897994999973],[-70.341071715999988,-12.970764991999999],[-70.341105717999994,-12.970630986999993],[-70.341155717999982,-12.97046498200001],[-70.341205721999984,-12.970347978999996],[-70.341044119000003,-12.970173939000006],[-70.340664715999992,-12.970217375999994],[-70.34046430799998,-12.970348458999979],[-70.340321695,-12.970247971999981],[-70.339821681999979,-12.969730953999999],[-70.339488672000016,-12.969230935999974],[-70.339488673999995,-12.96913093400002],[-70.339355669999975,-12.968897926000011],[-70.339121663000014,-12.968780921000018],[-70.339123540000003,-12.969018155000015],[-70.339291134999996,-12.969384772000012],[-70.339584428000023,-12.969887563999976],[-70.340170621000027,-12.970728958999985],[-70.340521700000011,-12.971298006999973],[-70.340505699000005,-12.971448011000007],[-70.340455695999992,-12.971581015000027],[-70.340505697000026,-12.972098032000019],[-70.340689994000002,-12.972483094999973],[-70.340956618000007,-12.972789088000013],[-70.340971710000019,-12.973081064999974],[-70.34090570799998,-12.973231069000008],[-70.340855703999978,-12.973331072999997],[-70.340805703000001,-12.973415074999991],[-70.340655699000024,-12.973431074000018],[-70.340571695999984,-12.973431074000018],[-70.34033869000001,-12.973181065999995],[-70.34023868700001,-12.973015060000023],[-70.340055682000013,-12.972915055999977],[-70.339938679999989,-12.97286505400001],[-70.33983867500001,-12.972831052999993],[-70.33973867200001,-12.972831052000004],[-70.339638670999989,-12.972865053000021],[-70.339521666999985,-12.972915054999987],[-70.33940566299998,-12.972981054999991],[-70.339271659000019,-12.973015056000008],[-70.339171656000019,-12.972965054999975],[-70.339088652999976,-12.972865049999996],[-70.339021652999975,-12.972765046999996],[-70.338888649000012,-12.972531038999989],[-70.338855647999992,-12.972431036999978],[-70.338871649999987,-12.972315031999983],[-70.338938650999978,-12.971765016000006],[-70.338938653000014,-12.97129800099998],[-70.338805648999994,-12.970997990000001],[-70.338755647000028,-12.970930988000021],[-70.33868864599998,-12.970847984999978],[-70.338571643000023,-12.970814984000015],[-70.338355637000006,-12.970730980999974],[-70.338255634000006,-12.970647977999988],[-70.338138630000003,-12.970480970999972],[-70.338055628999996,-12.970380967999972],[-70.337971627000002,-12.970280963999983],[-70.337771621000002,-12.970080956999993],[-70.337571614000012,-12.969914951000021],[-70.337455611999985,-12.969847948999984],[-70.337355609999975,-12.969814946999975],[-70.337255604999996,-12.969814948000021],[-70.337155602999985,-12.969797944999982],[-70.337071599000012,-12.969730943000002],[-70.336988599999984,-12.969614939999985],[-70.336938597000028,-12.969414933999985],[-70.336921598000004,-12.969330931000002],[-70.336821594000014,-12.969264927999973],[-70.336705590999998,-12.969230926000023],[-70.336605587999998,-12.969214924000028],[-70.336505584999998,-12.969264925999994],[-70.336388582999973,-12.969297927000014],[-70.336238576000028,-12.969314927000028],[-70.336121573000014,-12.969180922000021],[-70.336188575999984,-12.969047918000001],[-70.336271580000016,-12.968930914999987],[-70.336388582999973,-12.968730907999998],[-70.336305582000023,-12.968180892000021],[-70.336271580000016,-12.968064888000015],[-70.336188578000019,-12.967880880999985],[-70.336138577999975,-12.967780876999996],[-70.335921572000018,-12.967364863],[-70.335855571000025,-12.96729786100002],[-70.335755568000025,-12.967247859999986],[-70.335655562999989,-12.967214857999977],[-70.334671534999984,-12.967297857000005],[-70.334571530999995,-12.967597865000016],[-70.334505530000001,-12.967714869000019],[-70.334371524999995,-12.967947874999993],[-70.334238522000021,-12.968147881999982],[-70.334171518000005,-12.968230883999979],[-70.334088515000019,-12.968280885000013],[-70.333371494999994,-12.968147879000014],[-70.333271492999984,-12.968097876999991],[-70.333155488999978,-12.968030875000011],[-70.333055487000024,-12.967947870999978],[-70.332955484000024,-12.967880868000009],[-70.332588472999987,-12.967697862000023],[-70.332455469000024,-12.967680861000019],[-70.332321465999996,-12.967680859999973],[-70.332188460999987,-12.967697860999976],[-70.332055458000013,-12.967697859999987],[-70.331921453999996,-12.967664857999978],[-70.331805452000026,-12.967580854999994],[-70.331638445999999,-12.967430848999982],[-70.331421440999975,-12.967247842000006],[-70.330505414000015,-12.966930828999978],[-70.330355409999981,-12.966914827999972],[-70.330188403000022,-12.966914826999982],[-70.330021397999985,-12.966980827999976],[-70.329938396999978,-12.967030829999999],[-70.329855394999981,-12.967064830000027],[-70.329771392999987,-12.967097831999979],[-70.329588387000001,-12.967147832000023],[-70.329238375999978,-12.967230832999974],[-70.328438351999978,-12.967380836000018],[-70.328271346999998,-12.967364832999976],[-70.328021340000021,-12.967330833000005],[-70.327871334999998,-12.96731483100001],[-70.327571325999997,-12.967114822999974],[-70.327471323999987,-12.967047820000005],[-70.327355319999981,-12.966964817000019],[-70.327238317000024,-12.966847814000005],[-70.327171317000023,-12.966764809999972],[-70.327105313999994,-12.966647807000015],[-70.326971309999976,-12.96654780199998],[-70.326838307000003,-12.966464798999993],[-70.326721304999978,-12.966414798000017],[-70.326588300000026,-12.966380796999999],[-70.326421294999989,-12.966330792999997],[-70.326055283000017,-12.966214789999981],[-70.325788276000026,-12.965747771999986],[-70.325738275999981,-12.965564767999979],[-70.325705276999997,-12.965430762999972],[-70.325305264000008,-12.96506475000001],[-70.325188261999983,-12.964964744999975],[-70.325105259999987,-12.964847741000028],[-70.32507125799998,-12.964714737000008],[-70.325088257999994,-12.964564732999975],[-70.325138261000006,-12.964414728999998],[-70.325205262999987,-12.964280724999981],[-70.325338268999985,-12.963980714999991],[-70.325405269999976,-12.963814709000019],[-70.325471273000005,-12.963647705000028],[-70.325505272999976,-12.963480699000002],[-70.325521275000028,-12.963314694000019],[-70.325505272999976,-12.963147688999982],[-70.325471273000005,-12.963014682999983],[-70.325421272000028,-12.962880680000012],[-70.325388271000008,-12.962797677000026],[-70.325271267999995,-12.962564670000006],[-70.325205267000001,-12.962464667000006],[-70.325088263999987,-12.962430664999999],[-70.324988259999998,-12.96243066400001],[-70.324788253000008,-12.962414662000015],[-70.324705251000012,-12.962397662000001],[-70.324605248000012,-12.962364659999992],[-70.324521246000018,-12.96233066100001],[-70.324388241999998,-12.962264656999992],[-70.324271239999973,-12.962180654000008],[-70.324038234,-12.961964646000013],[-70.323955232000003,-12.961797639999986],[-70.323721223999996,-12.961614633000011],[-70.32340521499998,-12.961580631000004],[-70.322521188999985,-12.961414622000007],[-70.322338182999999,-12.961364619999983],[-70.321855169999992,-12.961314617000028],[-70.321671165999987,-12.961297614999978],[-70.321288154000001,-12.961264613000026],[-70.320871140999998,-12.961264611999979],[-70.320771137000008,-12.961247609999987],[-70.320588133000001,-12.961130605999983],[-70.320488130999991,-12.961047602000008],[-70.320405128999994,-12.960964599000022],[-70.32028812499999,-12.960830595999994],[-70.32022112300001,-12.960747592000018],[-70.320021118,-12.96051458300002],[-70.319905113999994,-12.960380579000002],[-70.319471102000023,-12.960364577000007],[-70.31928809599998,-12.960364573999982],[-70.319105091999973,-12.960330575],[-70.318938087999982,-12.960264572000028],[-70.318788082000026,-12.960180568999988],[-70.318655077000017,-12.960097565000012],[-70.318505073999972,-12.960014562000026],[-70.318371069000023,-12.959964560000003],[-70.318188066000005,-12.959980558999973],[-70.318005060000019,-12.959997559999977],[-70.317905054999983,-12.959997558999987],[-70.317771052000012,-12.959980557999984],[-70.317588048000005,-12.959947555999975],[-70.317305039000018,-12.959630544999982],[-70.317305039000018,-12.959480540000015],[-70.317238038000028,-12.959314534999976],[-70.317155034999985,-12.959197530999973],[-70.316605019000008,-12.958914519000018],[-70.316488016999983,-12.958864517999984],[-70.316321012000003,-12.958847515999992],[-70.316071005000026,-12.958864516000006],[-70.315870999000026,-12.958930516000009],[-70.315820997000003,-12.959014519999982],[-70.315720994000003,-12.959030519000009],[-70.315387984999973,-12.959047519000023],[-70.314487957999972,-12.959047515000009],[-70.314170950000005,-12.958764503999987],[-70.314087947000019,-12.958630501000016],[-70.314004945000022,-12.95851449700001],[-70.313920940999992,-12.958447492999994],[-70.313654933000009,-12.958397491000028],[-70.313370926000005,-12.958530494000001],[-70.312961592000022,-12.958773060999988],[-70.31260906,-12.959049923999999],[-70.312270099999978,-12.959258948000013],[-70.312020884999981,-12.959330513999987],[-70.311904880999975,-12.959330512999998],[-70.311804877999975,-12.959314512999981],[-70.311387866000018,-12.959114505000002],[-70.311287861999972,-12.95906450199999],[-70.311187860000018,-12.958997500000009],[-70.311087857000018,-12.958914499000002],[-70.311020853999992,-12.958830493999983],[-70.310920853000027,-12.958664489],[-70.310887852999997,-12.958564485000011],[-70.310870851000004,-12.958447481999997],[-70.310820850000027,-12.958347478999997],[-70.310704848,-12.958247475000007],[-70.310570842999994,-12.958264475000021],[-70.310454838999988,-12.958264473999975],[-70.310337838000009,-12.958247471999982],[-70.310137832000009,-12.958197471000005],[-70.309504813999979,-12.957914459999984],[-70.309404810999979,-12.957864458000017],[-70.309170804000019,-12.957730452000021],[-70.308720790999985,-12.95754744300001],[-70.308604786999979,-12.957530443999985],[-70.308470783000018,-12.957530442000007],[-70.308354780000002,-12.957564443000024],[-70.307954766000023,-12.957697445000008],[-70.307904764,-12.957880451999984],[-70.307870763999972,-12.957997455999987],[-70.307720758000016,-12.958380465999994],[-70.307654758000012,-12.958530471000017],[-70.307504752999989,-12.958797479999987],[-70.307354745999987,-12.959030486000017],[-70.307270743000004,-12.959147488999974],[-70.307187741999996,-12.959247493000021],[-70.307120739000027,-12.959314494000012],[-70.307020737000016,-12.959364494999988],[-70.306920733000027,-12.959330494000028],[-70.306870732999982,-12.959247491999974],[-70.306854733000023,-12.959147486000006],[-70.306920734000016,-12.959047484999985],[-70.306987735999996,-12.958947480999996],[-70.307087738000007,-12.958864478999999],[-70.307187741999996,-12.958780478999984],[-70.307254745000023,-12.958664472999999],[-70.307287744999996,-12.958530470000028],[-70.307287745999986,-12.958397465000019],[-70.307320747999995,-12.958097457000008],[-70.307337749999988,-12.957980452000015],[-70.307470753000018,-12.957330431999992],[-70.307487756,-12.957230428999992],[-70.307487754000022,-12.957097423999983],[-70.307470754999997,-12.957014422999976],[-70.307254747999991,-12.956780415000026],[-70.306987741,-12.956614408000007],[-70.306754733999981,-12.956497404000004],[-70.30662073100001,-12.956464401000005],[-70.30648772699999,-12.956430400999977],[-70.306237717999977,-12.956330395999998],[-70.306120716000009,-12.956280392999986],[-70.305970713000022,-12.95619739],[-70.305820709999978,-12.956047383999987],[-70.305887709999979,-12.95589738000001],[-70.305904709999993,-12.955780376000007],[-70.305904710999982,-12.955614371000024],[-70.305887711000025,-12.955514368000024],[-70.305754707000006,-12.954864347000012],[-70.30567070699999,-12.954730343999984],[-70.305587704000004,-12.954680341000028],[-70.305470699000011,-12.954597336999996],[-70.305220693000024,-12.954414331999999],[-70.304987686999993,-12.954214322999974],[-70.304887683000004,-12.954097317999981],[-70.304804681999997,-12.953947314999994],[-70.304737679000027,-12.953814308999995],[-70.304670679000026,-12.953680304999978],[-70.304587675999983,-12.953530300000011],[-70.303937657999995,-12.95331428999998],[-70.303870655000026,-12.953230286999997],[-70.303820653999992,-12.953114282999991],[-70.303870656000015,-12.953014279999991],[-70.304020660999981,-12.952797273999977],[-70.304120662999992,-12.95271427199998],[-70.304154664000009,-12.952614267999991],[-70.304170666000005,-12.952480263999973],[-70.304104664000022,-12.952347259000021],[-70.304037661999985,-12.95224725700001],[-70.303987660000018,-12.952114252000001],[-70.303970660999994,-12.951897244999998],[-70.303970661999983,-12.951764240999978],[-70.304004661000022,-12.951647236999975],[-70.304070663999994,-12.951547233999975],[-70.304170666999994,-12.95144723300001],[-70.304387674999987,-12.951164221999989],[-70.304737685000021,-12.95061420799999],[-70.30483768900001,-12.950380200999973],[-70.304870689999973,-12.95024719700001],[-70.304887692000023,-12.950114191000011],[-70.304887689999987,-12.949964185999988],[-70.304870692000009,-12.949814182000011],[-70.304904693000026,-12.949480171999994],[-70.304920692999985,-12.949330167000028],[-70.304954693000013,-12.949180163999984],[-70.305004697000015,-12.949030156999982],[-70.305087700000001,-12.948930156000017],[-70.305237703999978,-12.948847151999985],[-70.305354706000003,-12.948780151999983],[-70.305554716000017,-12.948580144999994],[-70.305654718000028,-12.948314137000011],[-70.305720719000021,-12.948014128000011],[-70.305737718999978,-12.947914126000001],[-70.305737721000014,-12.947764120999977],[-70.305537715000014,-12.947230104000027],[-70.305487712999991,-12.947097096999983],[-70.30538771099998,-12.946980095000015],[-70.305270709000013,-12.946897091999972],[-70.305154705000007,-12.946780088000025],[-70.305054702000007,-12.946647082000027],[-70.304954700999986,-12.94634707199998],[-70.304904696999984,-12.946214068000018],[-70.304837696999982,-12.946080063000011],[-70.304737694999972,-12.945964059000005],[-70.304604688999973,-12.945897055999978],[-70.304487687000005,-12.945830053999998],[-70.304404684000019,-12.945780053000021],[-70.303904671999987,-12.945164030000001],[-70.303687663999995,-12.944830019999984],[-70.303620663999993,-12.944730015000005],[-70.30308764900002,-12.944246996999993],[-70.302754639999989,-12.943913985999984],[-70.302637636999975,-12.943796983000027],[-70.302520632999972,-12.943663977000028],[-70.302354628999979,-12.943446971000014],[-70.301954618000025,-12.943029953999996],[-70.301870614999984,-12.942963951000024],[-70.301720611000007,-12.942896948999987],[-70.301404601999991,-12.942763945000024],[-70.301254595999978,-12.942713941000022],[-70.301087591999988,-12.942646939999975],[-70.300887588000023,-12.942429930000003],[-70.300687580999977,-12.942163920999974],[-70.300604580000027,-12.942046917000027],[-70.300504577000027,-12.941913914999986],[-70.30027056900002,-12.941646903999981],[-70.300137565999989,-12.941546900999981],[-70.300020564000022,-12.941463896000016],[-70.299954561999982,-12.941346892000013],[-70.299937560999979,-12.941213887999993],[-70.300004564000005,-12.940946879000023],[-70.300070564999999,-12.94079687499999],[-70.300170568999988,-12.940679871999976],[-70.300270574000024,-12.940563869000016],[-70.30032057599999,-12.940413864999982],[-70.300337576000004,-12.940263860000016],[-70.300337575000015,-12.940113854999993],[-70.300370577000024,-12.93996384899998],[-70.300470580000024,-12.939846846000023],[-70.300587584000027,-12.939729843000009],[-70.300704586999984,-12.939563840999995],[-70.300754589000007,-12.939463836000016],[-70.300787588999981,-12.939346832000012],[-70.30082059199998,-12.939196827999979],[-70.300704586999984,-12.939113825999982],[-70.300587585000017,-12.93899682],[-70.300454580999997,-12.93882981500002],[-70.300354577999997,-12.938679809000007],[-70.30030457700002,-12.938446800999998],[-70.300370580999981,-12.937813781999978],[-70.300404581999999,-12.937663776000022],[-70.300487583999995,-12.937546773999998],[-70.300620588000015,-12.937479773000007],[-70.300787592000006,-12.937446770999998],[-70.301104602000009,-12.937379770000007],[-70.301220607000005,-12.937346769999976],[-70.301454612999976,-12.937196766],[-70.30190462600001,-12.936879757999975],[-70.302037632000008,-12.936613749999992],[-70.302087632999985,-12.936463745000026],[-70.302120633000015,-12.936313740000003],[-70.302220637999994,-12.936213737999992],[-70.302320641999984,-12.936129735000009],[-70.302437644999998,-12.936079735000021],[-70.302587648999975,-12.936013732999982],[-70.302737653000008,-12.935913729999982],[-70.303770682999982,-12.935146710000026],[-70.304004693000024,-12.934946705000016],[-70.304087693999975,-12.934863701999973],[-70.304204699000024,-12.934763700000019],[-70.304420705999974,-12.934613695999985],[-70.304604708999989,-12.934546694000005],[-70.304870718000018,-12.934496694000018],[-70.305020722999984,-12.934479694000004],[-70.305170725999972,-12.934429691999981],[-70.305287731000021,-12.934346689999984],[-70.305720744999974,-12.93394668000002],[-70.30582074900002,-12.933846675999973],[-70.305870749999997,-12.93371367200001],[-70.305854748999991,-12.933529667000016],[-70.305737747000023,-12.933096653000007],[-70.30568774599999,-12.933013650000021],[-70.305587742,-12.932979648000014],[-70.305170729999986,-12.932946646000005],[-70.305037726000023,-12.932946646000005],[-70.304937723000023,-12.933013646999996],[-70.304837718999977,-12.933096648999992],[-70.304720717000009,-12.933129649000023],[-70.304604713000003,-12.933129647999976],[-70.30445470799998,-12.933063645000004],[-70.304337706000013,-12.932963642000004],[-70.303820691999988,-12.932496624999999],[-70.303720688999988,-12.932379620999995],[-70.303654685000026,-12.932246618000022],[-70.303620685999988,-12.932113613000013],[-70.303620686999977,-12.931846604999976],[-70.303537683999991,-12.931746600999986],[-70.303420680999977,-12.931663598],[-70.303337677999991,-12.931563595],[-70.303320677999977,-12.931463592],[-70.30337068,-12.931363585999975],[-70.303470682000011,-12.931313586999977],[-70.303587686000014,-12.931296585999974],[-70.303854693999995,-12.931296588999999],[-70.303970696000022,-12.931279587999995],[-70.304037699999981,-12.931213586000013],[-70.304054699999995,-12.931129584000018],[-70.303987699000004,-12.93106358],[-70.303854694999984,-12.931063579000011],[-70.303720692000013,-12.931096579999974],[-70.303420682000024,-12.931146581000007],[-70.303187675000004,-12.931179582000027],[-70.303087672000004,-12.931163581000021],[-70.303054670999984,-12.931079577999981],[-70.303120673000024,-12.930979573999991],[-70.303237674999991,-12.930929572000025],[-70.303354678999995,-12.930896571999995],[-70.303454682999984,-12.930846572000007],[-70.303454683999973,-12.930713567999987],[-70.303354680999973,-12.930696565999995],[-70.303237677000027,-12.930713566000009],[-70.303087672999993,-12.930746565999982],[-70.302954667999984,-12.930779567000002],[-70.302820664000023,-12.930796567000016],[-70.302687660999993,-12.930763565000007],[-70.302637660000016,-12.930679563000012],[-70.302587658999983,-12.930579560000012],[-70.302304650999986,-12.929529525000021],[-70.302304651999975,-12.929429520999975],[-70.302487656999972,-12.929329519000021],[-70.302604660999975,-12.929329519000021],[-70.302787664999983,-12.92942952300001],[-70.302870666999979,-12.92949652599998],[-70.302937670999995,-12.929579529000023],[-70.303020672999992,-12.929663532000006],[-70.303104674999986,-12.929679532000023],[-70.303237679000006,-12.929596531000016],[-70.303220678000002,-12.929496527000026],[-70.303187677999972,-12.929379523000023],[-70.303137676999995,-12.929246519000003],[-70.303087676000018,-12.929129516999978],[-70.303070674000026,-12.928996512000026],[-70.303104675999975,-12.928863507000017],[-70.303187677999972,-12.928746504000003],[-70.303420687000028,-12.928579497999976],[-70.303554690999988,-12.928513496999983],[-70.303670693000015,-12.928479496000023],[-70.303754696999988,-12.928413494999972],[-70.303804698000022,-12.928313491999972],[-70.303820699000028,-12.928213488999972],[-70.303804699000011,-12.927879479000012],[-70.30373769800002,-12.92719645699998],[-70.303720698000006,-12.927079450999997],[-70.303687695999997,-12.926996449000001],[-70.303154682000013,-12.926479431000018],[-70.302954676000013,-12.92634642500002],[-70.302754670000013,-12.926213420000011],[-70.302587664999976,-12.926113418],[-70.302387660000022,-12.926029412999981],[-70.302304658000025,-12.925996411000028],[-70.301320627999985,-12.92564639699998],[-70.300937619000024,-12.925529391999987],[-70.300737611999978,-12.925479388999975],[-70.300437604000024,-12.925429384999973],[-70.30032060100001,-12.925413386999992],[-70.300204595000025,-12.925429384999973],[-70.300104594000004,-12.92549638700001],[-70.299970590999976,-12.925629389999983],[-70.299904587000015,-12.925713393000024],[-70.29982058600001,-12.925763394000001],[-70.29972058200002,-12.925746392000008],[-70.299604579999993,-12.925679392000006],[-70.299504575000014,-12.925629388999994],[-70.29938757299999,-12.925579385999981],[-70.299270567999997,-12.925546385000018],[-70.299170566999976,-12.925546385000018],[-70.299070561999997,-12.925563384999975],[-70.29898756,-12.925579384999992],[-70.298870559000022,-12.925613383999973],[-70.297904529999983,-12.925913390999995],[-70.295620460000009,-12.926546401999985],[-70.29552045600002,-12.92656340100001],[-70.295404453000003,-12.926579403000005],[-70.29528744800001,-12.926596401999973],[-70.294970439999986,-12.926696404999973],[-70.294737433000023,-12.92677940599998],[-70.294637430000023,-12.926829407000014],[-70.294204417000003,-12.927046411999982],[-70.29378740300001,-12.927313418999972],[-70.293670400999986,-12.927396421000026],[-70.29245436399998,-12.928179441999987],[-70.292170354999996,-12.928346444999988],[-70.292020348999984,-12.928429447999974],[-70.291870345999996,-12.928479449000008],[-70.291704341000013,-12.928529449999985],[-70.291570336000007,-12.928563450000013],[-70.291420331999973,-12.928596449999986],[-70.291270328999985,-12.92861345],[-70.29115432399999,-12.928629450000017],[-70.290937317999976,-12.928663450999977],[-70.290704312000003,-12.928713452000011],[-70.290237295999987,-12.928829452999992],[-70.290070291999996,-12.928879454000025],[-70.289920288000019,-12.928929455000002],[-70.289820283999973,-12.92896345600002],[-70.289337267999997,-12.92914645899998],[-70.289004260000013,-12.929279462000011],[-70.288487244000009,-12.929479468000011],[-70.288120232999972,-12.929613469000003],[-70.287837223999986,-12.929713471000014],[-70.287370209000017,-12.929879475000007],[-70.286554185999989,-12.930179482000028],[-70.285137142999986,-12.930729492000012],[-70.284987136999973,-12.930829496000001],[-70.284854134,-12.930929497000022],[-70.284720129999982,-12.931046502000015],[-70.284454120000021,-12.931279506999999],[-70.283737099000007,-12.93194652599999],[-70.282587062999994,-12.933029555000019],[-70.282420059000003,-12.933196559999999],[-70.282354055999974,-12.933296562999999],[-70.282304054000008,-12.93339656500001],[-70.282204051999997,-12.933629574000008],[-70.282037044999981,-12.934113588000002],[-70.281954041999995,-12.934363596000026],[-70.281870039000012,-12.934629604999998],[-70.281804035999983,-12.934813609999992],[-70.281704032999983,-12.935063617000026],[-70.281620030999989,-12.935229622000008],[-70.281320020999999,-12.935579630999996],[-70.280303989000004,-12.936713664000024],[-70.280153985000027,-12.936863667000011],[-70.280086982,-12.936929669999984],[-70.279919975999974,-12.937046672000008],[-70.279836973999977,-12.937096673999974],[-70.279753970999991,-12.937129675999984],[-70.279669969999986,-12.937163676000011],[-70.279469963999986,-12.937263676999976],[-70.279369959999997,-12.937313678999999],[-70.278953946999991,-12.937529684000026],[-70.278869944999997,-12.937579685000003],[-70.278786943,-12.937646687999973],[-70.278669938999997,-12.93771369000001],[-70.278136920999998,-12.937996696000027],[-70.277853913999991,-12.938146700000004],[-70.276619876999973,-12.93877971500001],[-70.276319867999973,-12.938913719000027],[-70.276169862000017,-12.938963719000014],[-70.276019856000005,-12.938979717999985],[-70.275869853000017,-12.938946715999975],[-70.275669847000017,-12.938863712999989],[-70.27475382199998,-12.938296691999994],[-70.274003799000013,-12.93782967300001],[-70.273703791999992,-12.937646665999978],[-70.273403782999992,-12.937479660000008],[-70.272469756000021,-12.936929636999992],[-70.271003715000006,-12.936063604000026],[-70.270219691000023,-12.935613586999978],[-70.269919684000001,-12.935429580000005],[-70.269619675000001,-12.935229570999979],[-70.269369668000024,-12.934996564000016],[-70.269269665000024,-12.934863559000007],[-70.269169662000024,-12.934729554],[-70.269069659000024,-12.934579548999977],[-70.268903653999985,-12.934279537999998],[-70.268669649000003,-12.933829522999986],[-70.268453643999976,-12.933413508000001],[-70.267686624000021,-12.931996459999993],[-70.267536619999987,-12.931713451000007],[-70.267386615000021,-12.931429440999977],[-70.26715360899999,-12.930979424999975],[-70.267003602999978,-12.930679414999986],[-70.266786599,-12.93026340199998],[-70.266703597000003,-12.930113394999978],[-70.266619595000009,-12.929979391000018],[-70.266503591999992,-12.929879388000018],[-70.266353587000026,-12.929813384999989],[-70.266219583999998,-12.929813383999999],[-70.266119580000009,-12.929829384000016],[-70.265919573000019,-12.929896384000017],[-70.265836572000012,-12.929929386000026],[-70.265753569000026,-12.929963386999987],[-70.265469559999985,-12.930096391000006],[-70.265103549000003,-12.930263393000018],[-70.264803540000003,-12.930396395000002],[-70.263969513999996,-12.930763404999993],[-70.263486500999988,-12.930963408000025],[-70.263153489999979,-12.931096411999988],[-70.263069486999996,-12.931129413000008],[-70.26288648100001,-12.931196413999999],[-70.262803478000023,-12.931229415000018],[-70.262719477000019,-12.931263415999979],[-70.26218645900002,-12.931479419000027],[-70.260853419999989,-12.932029431999979],[-70.260253401,-12.932279436999977],[-70.259986394000009,-12.932396439000001],[-70.259753386,-12.932496441000012],[-70.259403374999977,-12.932646445999978],[-70.259203370000023,-12.932729446999986],[-70.259103367000023,-12.932763448000003],[-70.258103335999976,-12.933096453000019],[-70.257586321000019,-12.933096453000019],[-70.257403314999976,-12.933029448000013],[-70.257153307999999,-12.932896443999994],[-70.256703296000012,-12.932429425000009],[-70.256586292999998,-12.932279422000022],[-70.256503290000012,-12.93212941500002],[-70.256436289000021,-12.931963412000016],[-70.256403287000012,-12.931879407999986],[-70.256269282999995,-12.931413393000014],[-70.25616928300002,-12.931046379999998],[-70.255953276000014,-12.930229353000016],[-70.255569267999988,-12.928763303999972],[-70.255203259999973,-12.927346258],[-70.254769249999981,-12.925763205999999],[-70.254486241999984,-12.924846175000027],[-70.25435324,-12.924446160999992],[-70.254253236000011,-12.924179152000022],[-70.254119232999983,-12.923829140999999],[-70.25395322899999,-12.923446128000023],[-70.253769224999985,-12.923079115000007],[-70.253469216999974,-12.922529096000005],[-70.253403214000002,-12.922446094999998],[-70.253253212000004,-12.922179084999982],[-70.252919201999987,-12.921579064000014],[-70.252686196000013,-12.921146049000015],[-70.252603194000017,-12.920979042999988],[-70.252469190999989,-12.920729033999976],[-70.252236184000026,-12.92031301999998],[-70.251703168999995,-12.91936298600001],[-70.251086153000017,-12.918245948999981],[-70.250836145999983,-12.917778933000022],[-70.250236131000008,-12.916728897999974],[-70.250036125000008,-12.916395885999975],[-70.249786117999975,-12.916095875999986],[-70.249636113999998,-12.915962869999987],[-70.249403108000024,-12.915778863000014],[-70.249219100000005,-12.915662859000008],[-70.248953094000001,-12.915495851999992],[-70.247986066999999,-12.914912829000002],[-70.247536054000022,-12.914645818999986],[-70.246086013000024,-12.913795784999991],[-70.245652999000015,-12.913545775999978],[-70.245418991999998,-12.913412771000026],[-70.244385963000013,-12.912828746000002],[-70.243068923999999,-12.912078715999996],[-70.242502908999995,-12.911745703000008],[-70.242085895000002,-12.911495693000006],[-70.241918891000012,-12.911395689000017],[-70.241685884999981,-12.911262684000008],[-70.24151888099999,-12.911195682000027],[-70.241352875000018,-12.911162681000008],[-70.241168867999988,-12.911145678000025],[-70.240168840000024,-12.911112672999991],[-70.237985776000016,-12.911112663999972],[-70.236968744000023,-12.911095656999976],[-70.236502730999973,-12.911078655999972],[-70.236135718000014,-12.911062653999977],[-70.235952713000017,-12.911045651999984],[-70.235318694999989,-12.911045650000005],[-70.235068687000023,-12.911062650000019],[-70.23488568099998,-12.911078648],[-70.234702676999973,-12.911095648000014],[-70.234552672999996,-12.91114564999998],[-70.234368667000012,-12.911212651000028],[-70.233718646999989,-12.911545658000023],[-70.233218631999989,-12.911812665000014],[-70.23231860300001,-12.912278676000028],[-70.231918592,-12.912478680999982],[-70.231268569999997,-12.912812686999985],[-70.23088556099998,-12.913012691999995],[-70.22961852100002,-12.913695709000024],[-70.229318510999974,-12.913862713000015],[-70.228952499000002,-12.914062716999979],[-70.228118473999984,-12.91449572800002],[-70.227502454999978,-12.914812734999998],[-70.227235446000009,-12.914945736999982],[-70.226885435999975,-12.915095742000005],[-70.226785432999975,-12.915112742000019],[-70.226485425000021,-12.915162741000017],[-70.226302418999978,-12.915178740999977],[-70.226002409999978,-12.915195740000001],[-70.225602395999999,-12.915212740000015],[-70.22348533600001,-12.915212730000007],[-70.223385330999974,-12.915228728999978],[-70.221152266999979,-12.915228720000016],[-70.221052261000011,-12.915245719999973],[-70.219602217999977,-12.915262714999983],[-70.218702192000023,-12.915262709999979],[-70.217802163999977,-12.915262706000021],[-70.215768104000006,-12.915262695000024],[-70.215052082,-12.915278693999994],[-70.214452062000021,-12.915312691999986],[-70.21425205700001,-12.915328692000003],[-70.214068052000016,-12.915345691000027],[-70.213418033999972,-12.915412690999972],[-70.212935017999996,-12.915478690999976],[-70.212552006999999,-12.91552869100002],[-70.212418001000003,-12.915545689999988],[-70.211267968000016,-12.915645687999984],[-70.210967959000016,-12.915662687000008],[-70.210517944999992,-12.915662682999994],[-70.209917926999992,-12.91564568199999],[-70.209634918000006,-12.915628679000008],[-70.209217905999992,-12.915595676000009],[-70.209034900999995,-12.915578675999996],[-70.208717891999981,-12.915545672000007],[-70.207551856000009,-12.915445663000014],[-70.206501824999975,-12.915378658000009],[-70.206317818999992,-12.915362656000013],[-70.206117812999992,-12.915328654000007],[-70.205751802000009,-12.915295651000008],[-70.205301788999975,-12.915262648999999],[-70.204934777999995,-12.915245646000017],[-70.204417761999991,-12.915212643000018],[-70.203701740999975,-12.91516263699998],[-70.203017719000002,-12.915112632999978],[-70.202651710999987,-12.915078628999993],[-70.202284699000018,-12.915045627999973],[-70.201717680999991,-12.914995624000028],[-70.200951658000008,-12.91494561799999],[-70.200284638000028,-12.914895612999999],[-70.199551616999997,-12.914828607000004],[-70.199184607000007,-12.914795604000005],[-70.198851595000008,-12.914778603000002],[-70.198517584999991,-12.914762601000007],[-70.197851564000018,-12.914728597000021],[-70.197667561000003,-12.914712595000026],[-70.197484555000017,-12.914695592999976],[-70.197334550999983,-12.914678590999983],[-70.196984540000017,-12.914645588999974],[-70.19641752299998,-12.914595587000008],[-70.195951508999997,-12.91457858299998],[-70.195151486999976,-12.914478577000011],[-70.195017483000015,-12.914462575000016],[-70.194334459999993,-12.914445570999987],[-70.193717443000025,-12.91441256600001],[-70.191817386000025,-12.914262553000015],[-70.191217368000025,-12.914212549000013],[-70.190701352000019,-12.914145544000007],[-70.190584349999995,-12.914128543000004],[-70.190451344999985,-12.914095540999995],[-70.190301338999973,-12.914078539999991],[-70.190134334999982,-12.914062538999985],[-70.188634288999992,-12.913978529000019],[-70.187867266000012,-12.913978526999983],[-70.187401253000019,-12.914028524999992],[-70.187217248000024,-12.914078524999979],[-70.187051241999995,-12.914112525999997],[-70.186851235999995,-12.914128526000013],[-70.186684232000005,-12.914128523999977],[-70.186584229000005,-12.914112521999982],[-70.186151214999995,-12.913945516000013],[-70.186067213000001,-12.913912515999982],[-70.185817204999978,-12.913812510000014],[-70.185734202999981,-12.913762507000001],[-70.185651199000006,-12.913728506999973],[-70.185484196000004,-12.913662503000012],[-70.18516718699999,-12.913562497999976],[-70.185017182000024,-12.913528497000016],[-70.184667171000001,-12.913495495000006],[-70.182767113000011,-12.913495484999999],[-70.181151064000005,-12.913278472000002],[-70.180784055000004,-12.913228466000021],[-70.180334040999981,-12.913162462999992],[-70.178433985000026,-12.912928446000024],[-70.178150975999984,-12.912895443000025],[-70.177766964999989,-12.912862442000005],[-70.177483956999993,-12.912845439000023],[-70.176916939000023,-12.912812434999978],[-70.175600899000017,-12.912745427999994],[-70.174433865000026,-12.912695421000024],[-70.173883847000013,-12.912662415999989],[-70.173600839000017,-12.912645413000007],[-70.173450834999983,-12.912628412000004],[-70.173300829000027,-12.912612411999987],[-70.17313382399999,-12.912595410999984],[-70.17283381499999,-12.912578408999991],[-70.172666810999999,-12.912578407000012],[-70.172500806000016,-12.912595408000016],[-70.172333800999979,-12.912628407999989],[-70.172166795999999,-12.912662408000017],[-70.172000791000016,-12.912712408000004],[-70.17173378199999,-12.912778408999998],[-70.17163377899999,-12.912778408999998],[-70.171400773000016,-12.912745405999999],[-70.171300770000016,-12.912728405999985],[-70.170966760999988,-12.91264540100002],[-70.17063374899999,-12.912562397999977],[-70.170366742999988,-12.912512395000022],[-70.170183736000013,-12.912495394000018],[-70.169633718,-12.912495390000004],[-70.168916697999975,-12.912462386000016],[-70.168566687000009,-12.912445382999977],[-70.167333649,-12.912378375999992],[-70.166083612000023,-12.912312367000027],[-70.16570059999998,-12.912295364999977],[-70.164966579000009,-12.91229536100002],[-70.164283556999976,-12.912278356999991],[-70.163733540999999,-12.912262354000006],[-70.163600538000026,-12.912245353000003],[-70.16313352200001,-12.912245349999978],[-70.162750512000002,-12.912278350000008],[-70.162650508000013,-12.912295350000022],[-70.162466501999972,-12.912328349000006],[-70.162000487,-12.912428350000027],[-70.161400468000011,-12.912545351999995],[-70.160683447999986,-12.91267835299999],[-70.160333438000009,-12.912728351999988],[-70.15983342200002,-12.912812352000003],[-70.159550414000023,-12.912878352000007],[-70.159350406999977,-12.912928353999973],[-70.159066398999983,-12.912995355000021],[-70.158900394,-12.913028355999984],[-70.158450378999987,-12.913095354000006],[-70.158250373999977,-12.913095354000006],[-70.158066366000014,-12.913078352000014],[-70.15780036000001,-12.913045350999994],[-70.15650032100001,-12.912878338999974],[-70.155116279000026,-12.912712327000008],[-70.15450026100001,-12.912645321000014],[-70.153716237000026,-12.912562314000013],[-70.151950184999976,-12.9123783],[-70.150966155999981,-12.912278291000007],[-70.150383136000016,-12.912212286999988],[-70.15010012800002,-12.912178284999982],[-70.149733116999982,-12.91212827999999],[-70.149533109999993,-12.91212827999999],[-70.149233102999972,-12.912178279999978],[-70.149150098999996,-12.912195279999992],[-70.149050095999996,-12.912228280000022],[-70.148650083999996,-12.91234528199999],[-70.148366075000013,-12.912428282999997],[-70.148166068000023,-12.912478283999974],[-70.147766057000013,-12.912578284999995],[-70.146566018999977,-12.912862286999996],[-70.146083003999991,-12.912978290000012],[-70.145265978999987,-12.913178290000019],[-70.144532958000013,-12.913378293999983],[-70.143149914999981,-12.913728299000013],[-70.14298291099999,-12.913762297999995],[-70.142815903999974,-12.913795300000004],[-70.142632900000024,-12.913828298999988],[-70.142432892999977,-12.913828298999988],[-70.142249887999981,-12.913795295999989],[-70.142049881999981,-12.913745294000023],[-70.141582867000011,-12.913612286999978],[-70.141132855000023,-12.913478279999993],[-70.140182824000021,-12.913195266999992],[-70.139915815999984,-12.913112263000016],[-70.139749811999991,-12.913062260999993],[-70.139565806000007,-12.913028258999987],[-70.139382801000011,-12.912995255999988],[-70.139182796999989,-12.912978254999985],[-70.138899786000025,-12.912962252],[-70.138049760000001,-12.912912246000019],[-70.136282707000021,-12.912762234000013],[-70.136165703000017,-12.91274523300001],[-70.135649688000001,-12.912662226999998],[-70.135549684000011,-12.912645225999995],[-70.135332677999997,-12.912578221999979],[-70.134565656999996,-12.912378213000011],[-70.133315616000004,-12.912078195999982],[-70.131915575999983,-12.911745178999979],[-70.13044953299999,-12.911395159999984],[-70.128782480999973,-12.910978138000019],[-70.127599447000023,-12.910695122999982],[-70.127499442999977,-12.910678121999979],[-70.127132433999975,-12.91064511899998],[-70.126865423000027,-12.910678118000021],[-70.126415410999982,-12.910795119999989],[-70.12456535299998,-12.911312126999974],[-70.124449348999974,-12.911345127999994],[-70.124049336999974,-12.911478131000024],[-70.123699326000008,-12.911612132000016],[-70.122665294000001,-12.912012140000002],[-70.122415285999978,-12.912112142000012],[-70.121799266999972,-12.912362144999975],[-70.120932240000002,-12.912662151000006],[-70.120799237000028,-12.912712151999983],[-70.120549228000016,-12.912812153999994],[-70.119315190000009,-12.913328164000006],[-70.118249155000001,-12.913778174000015],[-70.117682138000021,-12.914028176999977],[-70.116415098000004,-12.914578188999997],[-70.116249091999975,-12.914628189999974],[-70.116082087999985,-12.914645190999977],[-70.115915082000015,-12.914612187999978],[-70.115765079000028,-12.914512183999989],[-70.115549072000022,-12.91431217600001],[-70.115132060999997,-12.913895161000028],[-70.114515043999972,-12.913295138000024],[-70.114099029999977,-12.912895122999998],[-70.11374902099999,-12.912562111],[-70.113599016000023,-12.912428106999982],[-70.113449011,-12.912295100999984],[-70.113182004999999,-12.912045090999982],[-70.112198976000002,-12.91111205499999],[-70.111848967000014,-12.910762044000023],[-70.111364950999985,-12.910312028000021],[-70.111181946999977,-12.910145019000026],[-70.110848937000014,-12.909845007999991],[-70.11076493500002,-12.909778007999989],[-70.110348923999993,-12.909494995999978],[-70.10996491100002,-12.90926198599999],[-70.109681904000013,-12.909094978999974],[-70.108098856000026,-12.908161941999992],[-70.107848848999993,-12.908027935000007],[-70.107598841000026,-12.907894929000008],[-70.107431835999989,-12.907811928000001],[-70.107248830000003,-12.907727922999982],[-70.106031794999979,-12.907227900000009],[-70.104931760999989,-12.906777879999993],[-70.104298744000005,-12.906494867999982],[-70.104148738999982,-12.906411864000006],[-70.104014735000021,-12.906327862000012],[-70.103864730999987,-12.906227855999987],[-70.103731727000024,-12.906127852999987],[-70.10361472400001,-12.906027848999997],[-70.103481718000012,-12.905911844999991],[-70.103098708999994,-12.905544829999997],[-70.102731697000024,-12.905177816999981],[-70.102481689999991,-12.904927806999979],[-70.102364685999987,-12.904811804000019],[-70.101498660999994,-12.903961772000002],[-70.10108164799999,-12.903577756999994],[-70.100948646000006,-12.903461753999977],[-70.100798641999972,-12.903361749999988],[-70.100631636999992,-12.903277746000015],[-70.100464632000012,-12.903194741999982],[-70.100314625999999,-12.903127739000013],[-70.099898613999983,-12.902944730999991],[-70.099731609999992,-12.902877726999975],[-70.099064590000012,-12.902594715000021],[-70.097848553000006,-12.902061692000018],[-70.096564515000011,-12.901511665999976],[-70.095114470999988,-12.90089463999999],[-70.092548394000005,-12.899794590999988],[-70.092398388999982,-12.899727588000019],[-70.092164383000011,-12.899611583000024],[-70.091648367999994,-12.899411573999998],[-70.091464362000011,-12.899361573000022],[-70.091298357000028,-12.899327570000025],[-70.091198355000017,-12.899327568999979],[-70.090998348000028,-12.899344569999982],[-70.090814341999987,-12.89939456899998],[-70.090398330000028,-12.899527571000021],[-70.090198322999981,-12.899594573000002],[-70.089914313999998,-12.899694575000012],[-70.088381265999999,-12.900244583000017],[-70.086464205000027,-12.900927594999985],[-70.083931125999982,-12.901827609000009],[-70.083481113000005,-12.901977611999996],[-70.083014095999999,-12.902111612999988],[-70.082931094999992,-12.902127614999984],[-70.082831094000028,-12.902144613000019],[-70.082631085000003,-12.902144613000019],[-70.082448080000006,-12.90212760999998],[-70.082348077000006,-12.902111611000009],[-70.082164072000012,-12.902077608000013],[-70.081981066000026,-12.902011604999984],[-70.081464052000001,-12.901727594000022],[-70.081381048000026,-12.901677591000009],[-70.081031040000028,-12.901461582000024],[-70.078963976000011,-12.900111528000025],[-70.078380960999993,-12.899727512000027],[-70.078213955000024,-12.89961150900001],[-70.076813914000013,-12.898677471999974],[-70.076480903000004,-12.898461462],[-70.075913888000002,-12.898094447000005],[-70.075097862999996,-12.897577425000009],[-70.074780852999993,-12.897377418000019],[-70.074430843000016,-12.897161410000024],[-70.073997830999986,-12.896877397000026],[-70.073647820000019,-12.896644389000016],[-70.073130805000005,-12.896294373999979],[-70.072863798000014,-12.896111367000003],[-70.072513786999991,-12.895877358000007],[-70.072047772000019,-12.895611346999999],[-70.071730762000016,-12.895461340999987],[-70.071513756999991,-12.895377337000014],[-70.071380751999982,-12.895327334000001],[-70.070697732999975,-12.895111324000027],[-70.070263717999978,-12.894994317999988],[-70.070013711000001,-12.894927312999982],[-70.069763704000025,-12.89486131000001],[-70.069530696000015,-12.894761304999975],[-70.069380693000028,-12.894694302999994],[-70.069280687999992,-12.894644303000007],[-70.069197686999985,-12.894561297999985],[-70.069113684000001,-12.894444292999992],[-70.068963680000024,-12.894161284000006],[-70.068813675000001,-12.893811271999994],[-70.068697672999974,-12.893544263000024],[-70.068647670000018,-12.893461258999992],[-70.068580669000028,-12.893377256000008],[-70.068430664999994,-12.893227250999985],[-70.068163657000014,-12.893027243999995],[-70.067880650000006,-12.892844234999984],[-70.06629760300001,-12.891827192999983],[-70.066113597000026,-12.891727189999983],[-70.066030593999983,-12.89169419000001],[-70.065930593000019,-12.891677188000017],[-70.065847588999986,-12.891677187000028],[-70.065747584999997,-12.891694186999985],[-70.065647582999986,-12.891744188000018],[-70.065563579000013,-12.891794188000006],[-70.065463576000013,-12.891861190999975],[-70.065380574000017,-12.891927193000015],[-70.064713552000001,-12.892461206000007],[-70.064163534999977,-12.892927219000001],[-70.063313508000022,-12.893627234000007],[-70.062913493999986,-12.893944244000011],[-70.062013465000007,-12.894677262000016],[-70.061713455000017,-12.894927268000004],[-70.061463446000005,-12.895094271999994],[-70.061297441000022,-12.89517727499998],[-70.061113437000017,-12.895211272999973],[-70.060847427999988,-12.895211272999973],[-70.060663422999994,-12.895161270000017],[-70.060497418000011,-12.895111267999994],[-70.059880399000008,-12.894877255999972],[-70.058397355000011,-12.894261228999994],[-70.057697334000011,-12.893977215000007],[-70.056247290999977,-12.893394188999991],[-70.054513236999981,-12.892694156000005],[-70.054063223000014,-12.892511148999972],[-70.052747183999998,-12.891977123999993],[-70.051280139000028,-12.891394096999989],[-70.050947129000008,-12.89126109099999],[-70.05069712300002,-12.891161086000011],[-70.050530116999994,-12.891094082999984],[-70.050363113000003,-12.891011079000009],[-70.05021310799998,-12.890911076000009],[-70.049947099999997,-12.890677064999977],[-70.049413086000015,-12.889944039999989],[-70.04921307799998,-12.889661030000013],[-70.048797067999999,-12.889077009999994],[-70.048630063000019,-12.888844000999995],[-70.047947041999976,-12.887893965999979],[-70.047730037000008,-12.887593955999989],[-70.047680033999995,-12.88752695300002],[-70.047563033000017,-12.887376947999996],[-70.047297026000024,-12.887010933999989],[-70.046813009999994,-12.886343911999973],[-70.04654700399999,-12.885976896999978],[-70.046179993999999,-12.885460878000004],[-70.045912986000019,-12.885093864999988],[-70.045312969000008,-12.884276836000026],[-70.043446915000004,-12.881710743999975],[-70.042729894999979,-12.880710706999992],[-70.042529887000001,-12.880426697000019],[-70.041662864999978,-12.879210652999973],[-70.040696835999995,-12.877860603999977],[-70.040612833000012,-12.87774360200001],[-70.040146821000008,-12.877126578999992],[-70.039996816999974,-12.876943571000027],[-70.039929813000015,-12.876876568],[-70.039829812999983,-12.876793565000014],[-70.039746808000018,-12.876743562999991],[-70.039646802999982,-12.876693562000014],[-70.039529802000004,-12.876660559000015],[-70.03941279899999,-12.876643559000001],[-70.039096788999984,-12.876643557000023],[-70.038996785999984,-12.87666055599999],[-70.037696744000016,-12.876993559000027],[-70.036612710999975,-12.877276563000009],[-70.036179697000023,-12.877393562999998],[-70.03579668399999,-12.877493565000009],[-70.035412673999986,-12.877593565999973],[-70.034262637999973,-12.877876569000023],[-70.032479582000008,-12.878326574000027],[-70.031829560999995,-12.87847657399999],[-70.031462547999979,-12.878576575000011],[-70.030729526000016,-12.878776576999996],[-70.030562520999979,-12.878826576999984],[-70.030312512000023,-12.878926578999994],[-70.030229510000026,-12.878976581000018],[-70.030096506999996,-12.879093583999975],[-70.03002950299998,-12.879160585000022],[-70.029962501999989,-12.879243588000008],[-70.029729495000026,-12.879543596000019],[-70.029512484999998,-12.879860606000022],[-70.029096471999992,-12.880476622999993],[-70.028629454999987,-12.881176643999993],[-70.028429451000022,-12.881476650000025],[-70.027462418000027,-12.882876689999989],[-70.027246412000011,-12.88314369699998],[-70.027129408000008,-12.883260699999994],[-70.026996402000009,-12.883343701999991],[-70.026862400000027,-12.883410702999981],[-70.026712393000025,-12.883476705000021],[-70.026412384000025,-12.883593705999999],[-70.026279379000016,-12.883643706999976],[-70.026162376000002,-12.88369370800001],[-70.026046371999996,-12.883743709999976],[-70.025946368000007,-12.88379371100001],[-70.025862366000013,-12.883860712000001],[-70.025646359999996,-12.884060716000022],[-70.025379352000016,-12.884310723999988],[-70.025212345999989,-12.884460726999976],[-70.02501233800001,-12.884610731000009],[-70.02471232900001,-12.884810734999974],[-70.024629326000024,-12.884860736999997],[-70.024496322999994,-12.884910737999974],[-70.024362318999977,-12.884960739000007],[-70.024212313000021,-12.885010738999995],[-70.024046306999992,-12.885060737999993],[-70.023712296999975,-12.885160740999993],[-70.023362286000008,-12.885260743000003],[-70.023179280000022,-12.885310742000001],[-70.021996242,-12.885610746999987],[-70.021162216999983,-12.885810746999994],[-70.020862206999993,-12.885893748000001],[-70.020462194999993,-12.886010750000025],[-70.020362192999983,-12.886043750999988],[-70.020029180999984,-12.886126750000017],[-70.019046149000019,-12.886360753000019],[-70.018529134000005,-12.886476753000011],[-70.018446132999998,-12.886493754000014],[-70.018346129000008,-12.886510751999992],[-70.018162124000014,-12.886560754000016],[-70.017812111000012,-12.88666075499998],[-70.017729109000015,-12.88669375500001],[-70.017562103999978,-12.886760756000001],[-70.017312095000023,-12.886876760000007],[-70.017146089999983,-12.886976759999982],[-70.016829081000026,-12.887176764999992],[-70.016446067000004,-12.887443771999983],[-70.016212062000022,-12.887610774999985],[-70.016146057000014,-12.887660776000018],[-70.015912050999987,-12.887826781999991],[-70.015512037000008,-12.888093787000003],[-70.015112024000018,-12.888360793999993],[-70.014862016999984,-12.888526797999987],[-70.014546005999989,-12.888726802000008],[-70.014061991000005,-12.889043809999976],[-70.012895953999987,-12.889810827000019],[-70.012745946999985,-12.889910828999973],[-70.012578943999983,-12.89002683199999],[-70.012361935000001,-12.89019383599998],[-70.012145927999995,-12.890343839000025],[-70.012061926999991,-12.890393840999991],[-70.011895919999972,-12.890476841999998],[-70.011811916999989,-12.890510843000015],[-70.011645911000016,-12.890576844000009],[-70.011545909000006,-12.890610845000026],[-70.011361904000012,-12.89064384400001],[-70.011261902999991,-12.890660845000014],[-70.009911858000009,-12.890793841000004],[-70.009728852000023,-12.890810839999972],[-70.009161833999997,-12.890860837999981],[-70.00897882999999,-12.890876839999976],[-70.008295808000014,-12.890926836000006],[-70.006745758000022,-12.891060831000004],[-70.005411717000015,-12.891193826999995],[-70.004278682000006,-12.891293824000002],[-70.00389567000002,-12.891343823],[-70.003545659999986,-12.891393822999987],[-70.003228650999972,-12.891426820999982],[-70.002845637000007,-12.89146082100001],[-70.002211617,-12.891510817999972],[-70.001461593999977,-12.891576817999976],[-69.999628536999978,-12.891760810999983],[-69.999045518999992,-12.891826809999998],[-69.997845482000002,-12.891943807000018],[-69.997395466,-12.891943804999983],[-69.997261462999973,-12.891910801999984],[-69.997145457999977,-12.891876799999977],[-69.997045454999977,-12.891843799000014],[-69.995611413000006,-12.890926761000003],[-69.99532840400002,-12.890760752999995],[-69.994595381000011,-12.890293735],[-69.994361374999983,-12.890143727999998],[-69.994061366999972,-12.889943720000019],[-69.993861359999983,-12.88982671399998],[-69.993661352999993,-12.889710709999974],[-69.993545349999977,-12.889643706000015],[-69.993411347000006,-12.889593704999982],[-69.993111338000006,-12.889493700000003],[-69.992928330999973,-12.889460697999993],[-69.992745325999977,-12.88944369699999],[-69.992645322999977,-12.889443696000001],[-69.992461315000014,-12.889460696000015],[-69.992361313000004,-12.889476694999985],[-69.992078305999996,-12.889526694999972],[-69.991895297999974,-12.889593694999974],[-69.991328280999994,-12.889876701999981],[-69.991228278999984,-12.889926704000004],[-69.991061273000014,-12.890010702999973],[-69.990745260999972,-12.890176707000023],[-69.990461254000024,-12.890326711],[-69.990278246999992,-12.890426714],[-69.990061240999978,-12.890543716000025],[-69.989928236000026,-12.890610718000005],[-69.989728228999979,-12.890710720000015],[-69.988811199999986,-12.891160727999988],[-69.988411187999986,-12.891343731999996],[-69.988228180000021,-12.891426733000003],[-69.988145179000014,-12.89146073400002],[-69.988061175999974,-12.891493733000004],[-69.987878169999988,-12.891576735000001],[-69.987645161999978,-12.891693738000015],[-69.987511159000007,-12.891810739999983],[-69.987445157000025,-12.891943744000002],[-69.987428154999975,-12.892110748999983],[-69.987428152000007,-12.892626765999978],[-69.987445154,-12.892726767999989],[-69.987428152999996,-12.892943775999981],[-69.987378150999973,-12.893210785000008],[-69.987245146000021,-12.893893805000005],[-69.98716114299998,-12.894343819000028],[-69.986961134000012,-12.895426853999993],[-69.986945133999996,-12.895560857000021],[-69.986928132000003,-12.89566086100001],[-69.986878132000015,-12.895910867999987],[-69.986795126999993,-12.896093872999984],[-69.986645122000027,-12.896393880999995],[-69.986561121000022,-12.896476882999991],[-69.986445114999981,-12.896560885999975],[-69.986295110000015,-12.896593886999995],[-69.985745092999991,-12.896610882999994],[-69.985578088000011,-12.896610882000004],[-69.985378082000011,-12.896593880000012],[-69.983345018000023,-12.896560866000016],[-69.981977975999996,-12.896560858999976],[-69.980527929999994,-12.896560851000004],[-69.979394895999974,-12.896560844000021],[-69.977744842999982,-12.896560835000002],[-69.977544837999972,-12.896576831999994],[-69.977344832000028,-12.896593831000018],[-69.977144823999993,-12.896626830999992],[-69.976944818999982,-12.896660832000009],[-69.976644811000028,-12.896710831999997],[-69.97559477599998,-12.896876829999997],[-69.975277764999987,-12.896926829999984],[-69.974744749000024,-12.897010829999999],[-69.97332770600002,-12.897226827999987],[-69.973044694000009,-12.897260827000025],[-69.972844689999988,-12.897276825999995],[-69.972427676999985,-12.897276823000027],[-69.972227670999985,-12.897260822000021],[-69.971827656000016,-12.897210818000019],[-69.971427644000016,-12.897160815000007],[-69.97094463000002,-12.897110809000026],[-69.969794594000007,-12.896993798999972],[-69.96892756699998,-12.896893791000025],[-69.968177544000014,-12.896843783999998],[-69.967827532000001,-12.896826781000016],[-69.967344518000004,-12.896826777999991],[-69.966660494999985,-12.896860774999993],[-69.96524445099999,-12.896943770000007],[-69.965060445000006,-12.896960768999975],[-69.964527428999986,-12.897010765999994],[-69.964044413000011,-12.897060765999981],[-69.963760405000016,-12.897093766000012],[-69.963577398999973,-12.89711076399999],[-69.963177386999973,-12.89714376400002],[-69.962877375999994,-12.897160761000009],[-69.962477364999984,-12.89716076000002],[-69.962277357000005,-12.897143756999981],[-69.962077351000005,-12.897110755000028],[-69.961977348000005,-12.897093754000025],[-69.961794342000019,-12.897060753000005],[-69.96001008799999,-12.897119164000003],[-69.954243127999973,-12.895437118000018],[-69.947871754000005,-12.900879230999976],[-69.938179058000003,-12.904552593999995],[-69.933389996000017,-12.911227344999986],[-69.925744812999994,-12.913886583000021],[-69.914114740000002,-12.905876309999996],[-69.903793031000021,-12.903004528999986],[-69.894751535000012,-12.893964836000009],[-69.882092167999986,-12.888230028999999],[-69.876390553000022,-12.887824115000001],[-69.876513385999999,-12.888691720999987],[-69.875296885000012,-12.888713874000018],[-69.874659979,-12.888435705999996],[-69.873632599000018,-12.887487694000015],[-69.867708515000004,-12.889764264000007],[-69.858944913000016,-12.892206492000014],[-69.822077696999997,-12.892324606999978],[-69.822018771999979,-12.874240519000011],[-69.812802569999974,-12.874269192999975],[-69.812773471000014,-12.865227118000007],[-69.794341660999976,-12.865283452000028],[-69.794313242999976,-12.856241332000025],[-69.840390948999982,-12.856098167000027],[-69.84033088000001,-12.838014110000017],[-69.831116043000009,-12.838043347999985],[-69.831145739000021,-12.847085402000005],[-69.803500101999987,-12.847171236999998],[-69.80347139600002,-12.838129121999998],[-69.748181503000012,-12.838291934999972],[-69.748154796999984,-12.829249693999998],[-69.757369501000028,-12.829223387000013],[-69.757342483999992,-12.820181159000015],[-69.738913707999984,-12.820233411999993],[-69.738871189000008,-12.805634718000022],[-69.743069294999998,-12.807498184999986],[-69.745066214000019,-12.802131433],[-69.748074784999972,-12.802122933000021],[-69.748101436000013,-12.811165195000001],[-69.766529514000013,-12.811112331999993],[-69.766502206999974,-12.802070110999978],[-69.757288506999998,-12.802096683999991],[-69.75726155000001,-12.793054433999998],[-69.748434137000004,-12.793079573],[-69.764513862999991,-12.749853776000009],[-69.764331968000022,-12.749806799999988],[-69.764024045999975,-12.749664725999992],[-69.763912805000018,-12.749523802999988],[-69.763846269999988,-12.749300736999999],[-69.763842760999978,-12.749267019000001],[-69.763782635999974,-12.748693086999992],[-69.763766939999982,-12.748158180000019],[-69.763600779000001,-12.747396471000002],[-69.762711131000003,-12.744422165999993],[-69.762398483000027,-12.743528583],[-69.762085200999991,-12.742207025000027],[-69.762052940999979,-12.741676143000007],[-69.762162932000024,-12.740783245999978],[-69.762331599999982,-12.739890179999975],[-69.762517742999989,-12.739358310999989],[-69.762725848000002,-12.738531231000024],[-69.762740043999997,-12.738072284999987],[-69.76270807100002,-12.737792422999973],[-69.762512549999997,-12.73694236],[-69.762220250999974,-12.736133787000028],[-69.762150770000005,-12.735941586000024],[-69.761980160999997,-12.735659859000009],[-69.761445736999974,-12.735143440999991],[-69.761166393999986,-12.734940876999985],[-69.760702434999985,-12.734701405999999],[-69.760369763000028,-12.734437956000022],[-69.758802903000003,-12.732828901999994],[-69.758286419000001,-12.732457013999976],[-69.757969796999987,-12.732074787999977],[-69.75785208100001,-12.73176623400002],[-69.757806705999997,-12.73156164300002],[-69.757563436999988,-12.73106590499998],[-69.757333265,-12.730855329999997],[-69.757139026999994,-12.730771426999979],[-69.756978758999992,-12.730774325000027],[-69.756661823000002,-12.730875963000017],[-69.75582768999999,-12.731357679999974],[-69.755234751999978,-12.731885728999998],[-69.754681893999987,-12.732542521000028],[-69.754579374000002,-12.732761007000022],[-69.754506459000027,-12.733242001999997],[-69.754551590999995,-12.733739211],[-69.754494517000012,-12.734188241000027],[-69.754276711999978,-12.734390146999999],[-69.754176056999995,-12.734430761999988],[-69.754036711000026,-12.734407467999972],[-69.75372592299999,-12.734252907999974],[-69.753625741999997,-12.734079667000003],[-69.75348962999999,-12.733966119000002],[-69.753303890999973,-12.733485585999972],[-69.75282865600002,-12.731668039999988],[-69.75264407100002,-12.731171769000014],[-69.752117036000016,-12.730246587000011],[-69.751830829000028,-12.729867614],[-69.751476593000007,-12.729501762999973],[-69.750021348000018,-12.728482267000004],[-69.748872365000011,-12.727517964000015],[-69.74852040899998,-12.727299856000002],[-69.748168835999991,-12.727023330000009],[-69.747479718000022,-12.726258287000007],[-69.746839449999982,-12.725785630000019],[-69.746287887999983,-12.724777945000028],[-69.746237104999977,-12.724610168000027],[-69.745940898000015,-12.724271002000023],[-69.745478349999985,-12.723966754999992],[-69.744680248000009,-12.723632160000022],[-69.744524037000019,-12.723540454999977],[-69.744448728999998,-12.723459373000026],[-69.744341080000027,-12.723247719000028],[-69.744190057000026,-12.722754963999989],[-69.744095303999984,-12.722227146000023],[-69.744005878999985,-12.721378576000006],[-69.743887550000011,-12.720946314000003],[-69.743795791000025,-12.720750349000014],[-69.743499723000014,-12.720329976000016],[-69.743378473000007,-12.720254812000007],[-69.743205052000008,-12.720199233000017],[-69.743073354999979,-12.720205480000004],[-69.743056697999975,-12.720210860000009],[-69.742901639000024,-12.720260757000005],[-69.742271573999972,-12.720756871999981],[-69.742062927999996,-12.720971491],[-69.741275701999996,-12.721366042999989],[-69.740889890000005,-12.721346954000012],[-69.74028666800001,-12.721158833000004],[-69.740160220999996,-12.721069754999974],[-69.739774459999978,-12.720687155000007],[-69.739046837999979,-12.719715210999993],[-69.738353489000019,-12.719254522000028],[-69.737950624999996,-12.719039432999978],[-69.737597391000008,-12.718690107999976],[-69.737491046999992,-12.718545360000007],[-69.737292174999993,-12.718159164999975],[-69.737087513999995,-12.717617994000022],[-69.736942926999973,-12.717434469000011],[-69.736573061000001,-12.717066197999998],[-69.736093041999993,-12.716731417999995],[-69.734072447000017,-12.715797939000026],[-69.733697436999989,-12.715560160999985],[-69.733469368999977,-12.715493244000015],[-69.733043814999974,-12.715423884000018],[-69.732404846000009,-12.715418503000024],[-69.731379355999991,-12.715529834999984],[-69.730281529000024,-12.715597237999987],[-69.728266840000003,-12.715821412000025],[-69.727663925999991,-12.71586348400001],[-69.7270623,-12.71596875900002],[-69.726035603000014,-12.716273582999975],[-69.725010553999994,-12.716445025999974],[-69.724479798999994,-12.716501089000019],[-69.723912632000008,-12.716482198999984],[-69.72279064899999,-12.716544030000023],[-69.722238711999978,-12.716601954999987],[-69.721649273000025,-12.716719301000012],[-69.719916706999982,-12.717177482000011],[-69.719176176000019,-12.717447960000015],[-69.717968998999993,-12.717973973000028],[-69.716693705000012,-12.718682191000028],[-69.714870887000018,-12.719482665999976],[-69.714245613999992,-12.719669538999995],[-69.712512574000016,-12.720101813999975],[-69.711774370000001,-12.720321446000014],[-69.711274177999996,-12.720541072999993],[-69.709313160000022,-12.721506906000002],[-69.708763281000017,-12.72174709799998],[-69.707323839000026,-12.722004577999996],[-69.707059107000021,-12.72203254499999],[-69.706583148999982,-12.722082824999973],[-69.706493237000018,-12.722230808000006],[-69.685313339999993,-12.75708081800002],[-69.676568449999991,-12.757103276000009],[-69.60975823199999,-12.757265270999994],[-69.609736606000013,-12.748222710999983],[-69.600524543999995,-12.748243706999972],[-69.600501580000014,-12.73848676099999],[-69.595490405000021,-12.738498041000014],[-69.595479859000022,-12.733976743000028],[-69.591795231999981,-12.733984970999984],[-69.591800474000024,-12.736245623000002],[-69.584431146999975,-12.736261926999987],[-69.584387707000019,-12.717272426000022],[-69.59124067099998,-12.717257291999999],[-69.59122873199999,-12.71209395599999],[-69.563596556999983,-12.712261184999988],[-69.563616253000021,-12.721196537000026],[-69.526771513000028,-12.72127199900001],[-69.526734266999995,-12.703186561999985],[-69.508313110000017,-12.703222320000009],[-69.508295158999999,-12.694179562999977],[-69.499084885000002,-12.694196949000002],[-69.499102509000011,-12.703239716999974],[-69.480681269000002,-12.703273552999974],[-69.480529052999998,-12.694231003000027],[-69.46224364599999,-12.694263289999981],[-69.462211035999985,-12.676177635999977],[-69.453001343999972,-12.676193399999988],[-69.452985381000019,-12.66715055200001],[-69.434566605999976,-12.667181095999979],[-69.434551304000024,-12.658138219000023],[-69.425342224000019,-12.658153002000006],[-69.425335232000009,-12.653929969999979],[-69.394135291999987,-12.653977666000003],[-69.394100331999994,-12.649170309999988],[-69.388492112999984,-12.649166005999973],[-69.388457843000026,-12.64767654100001],[-69.371103683000001,-12.647680445999981],[-69.371092813000018,-12.640147657999989],[-69.370061460999977,-12.640149082999983],[-69.37005420700001,-12.63510525800001],[-69.370299551000016,-12.635292230999994],[-69.370697388999986,-12.635597777999976],[-69.370956541999988,-12.636008428000025],[-69.371147124999993,-12.636462644000005],[-69.371230937999997,-12.636977623000007],[-69.371184557999982,-12.637471837000021],[-69.371123683000008,-12.63794773799998],[-69.371268998000005,-12.638428006000026],[-69.371627655999987,-12.638795748000007],[-69.372054572000025,-12.639029880999999],[-69.372490301000028,-12.639228188999994],[-69.372916667000027,-12.639435299000013],[-69.373389765000013,-12.639445320999982],[-69.373871318999988,-12.63938349099999],[-69.374359190000007,-12.639294783000025],[-69.374863061999974,-12.639260434999983],[-69.375350895999986,-12.639225744999976],[-69.375846867000007,-12.639290268000025],[-69.376319652999996,-12.639471345999993],[-69.376785761999997,-12.639643278999984],[-69.377243302000011,-12.639788021000015],[-69.377708541000004,-12.639581779000025],[-69.378150516000005,-12.639339028999984],[-69.378608645999975,-12.63919566200002],[-69.379081627999994,-12.639106629000025],[-69.379592573000025,-12.639063419000024],[-69.380096800999979,-12.639065081000012],[-69.380592143000001,-12.638949507000007],[-69.381088709999972,-12.638987021999981],[-69.381584248000024,-12.638862447000008],[-69.382064930000013,-12.638683533999995],[-69.382561463999991,-12.638775066999983],[-69.382942897000021,-12.639098262999994],[-69.383392386000025,-12.639296847000026],[-69.383904244000007,-12.639316671000017],[-69.384385088999977,-12.639182775999984],[-69.384857715999999,-12.639057708999985],[-69.385299491000012,-12.638823944000023],[-69.385605055999974,-12.638425233000021],[-69.385918048000008,-12.638053687000024],[-69.386284090000004,-12.63771927800002],[-69.386666169000023,-12.637385207000023],[-69.387145986999997,-12.637350325],[-69.387626843000021,-12.637477532999981],[-69.387978266000005,-12.637863116000005],[-69.38812341900001,-12.638352386999998],[-69.388077070999998,-12.638846618000002],[-69.387916953999991,-12.639302429999987],[-69.387520409999979,-12.639564167000003],[-69.387077686999987,-12.639788913000018],[-69.386795032999999,-12.640188109999997],[-69.386750219000021,-12.640664363999974],[-69.386764970999991,-12.641141877999985],[-69.387176435000015,-12.641402680999988],[-69.387565735999999,-12.641681017999986],[-69.387962468000012,-12.641986526999972],[-69.388412329000005,-12.642221128000017],[-69.388894015999995,-12.642258318000017],[-69.389343976000021,-12.642069736999986],[-69.389763631999983,-12.64179948200001],[-69.390243498000018,-12.641710574999991],[-69.390731705000007,-12.641711883000028],[-69.391228215000012,-12.641857426000001],[-69.391724513999975,-12.641750856999977],[-69.392174273000023,-12.641571269999986],[-69.392631639999991,-12.641724988000021],[-69.393052080000018,-12.641994978000014],[-69.393463552000014,-12.642255772999988],[-69.393807170000002,-12.642632185000025],[-69.393821738999975,-12.643118704000017],[-69.393784561000018,-12.643613131999984],[-69.393761520999988,-12.64408985099999],[-69.393677567999987,-12.644574288000001],[-69.393631814999992,-12.645041525000011],[-69.393768602000023,-12.645494607999979],[-69.394264568999972,-12.645613125000011],[-69.394730159000005,-12.645758012999977],[-69.395233824000002,-12.645786654000005],[-69.395714971000018,-12.645796808],[-69.396080629999972,-12.645480383999995],[-69.396325317999981,-12.645035351999979],[-69.39666063300001,-12.644691275000014],[-69.397019612000008,-12.644365703000005],[-69.397255883000014,-12.64393850099998],[-69.397607038999979,-12.643603757999983],[-69.398102716999972,-12.643578196000021],[-69.398507489999986,-12.643883867],[-69.398789614000009,-12.644294994999996],[-69.398903464,-12.64480161900002],[-69.39878878799999,-12.645276409000019],[-69.398690343999988,-12.645742537999979],[-69.398675133999973,-12.646228432999976],[-69.398644083000022,-12.646704987000021],[-69.398545440000021,-12.647180116000015],[-69.398613662999992,-12.647676772000011],[-69.398880304999977,-12.648114589999977],[-69.399040963999994,-12.648577180000018],[-69.399163225999985,-12.649065974999985],[-69.399521752999988,-12.649442700999998],[-69.39994145999998,-12.649694661000012],[-69.40042938900001,-12.649867028000017],[-69.400879313000019,-12.650047593000011],[-69.401322171000004,-12.650237015000016],[-69.401825617999975,-12.650328668999975],[-69.402321475999997,-12.650348129999998],[-69.402833213000008,-12.650322904999996],[-69.403328514000009,-12.65031534000002],[-69.403802120000023,-12.650199268999984],[-69.404221037000013,-12.649910965999993],[-69.40455750000001,-12.649566902000004],[-69.404870494000022,-12.649195329000008],[-69.405251045999989,-12.648879204000025],[-69.405717218999996,-12.648735957999975],[-69.406220933999975,-12.648710556000026],[-69.406723597999985,-12.64883820099999],[-69.407143318999999,-12.649090152999975],[-69.407570470999985,-12.64936927399998],[-69.40794489000001,-12.649701310000012],[-69.408417902999986,-12.64992737099999],[-69.408730229000014,-12.650321125000005],[-69.409149759000002,-12.650582078000014],[-69.409661860000028,-12.650592865000021],[-69.409890858999972,-12.65018349799999],[-69.409683960999985,-12.649737940000023],[-69.409341058999985,-12.649379556999975],[-69.409112396000012,-12.648933537999994],[-69.408937218000005,-12.648452632999977],[-69.408722760999979,-12.647880857000018],[-69.408593408000002,-12.647400914999992],[-69.408402551999984,-12.646955694999974],[-69.408135888000004,-12.646517883999991],[-69.40790702999999,-12.646080867000023],[-69.407678173000022,-12.645643849999999],[-69.407510426999977,-12.645190114999991],[-69.407357214000001,-12.644700666000006],[-69.407219645999987,-12.644229558000006],[-69.407159620000016,-12.643724065000015],[-69.407227707000004,-12.643230274000018],[-69.407250162000025,-12.642726519000007],[-69.407242441999983,-12.642240135999998],[-69.407242739000026,-12.641753920999975],[-69.407281035999972,-12.641259503000015],[-69.407326205000004,-12.64076523],[-69.407296716000019,-12.640278388000013],[-69.407273706000012,-12.639809693000018],[-69.407380736999983,-12.63931672199999],[-69.407487177000007,-12.638850749000028],[-69.407654889000014,-12.638413078999974],[-69.407860600999982,-12.637967203000017],[-69.408119956999997,-12.637531464000006],[-69.408540153999979,-12.637288190999982],[-69.408982020999986,-12.637522591999982],[-69.409066504999998,-12.638010591000011],[-69.409142969000015,-12.638498422999987],[-69.409447665000016,-12.638874003000012],[-69.409944259999975,-12.638911463999989],[-69.410439908000001,-12.638939901000015],[-69.410920073999989,-12.638995024999986],[-69.411424235000027,-12.639158700999985],[-69.411767688999987,-12.639544100000023],[-69.412004180999986,-12.639999280999973],[-69.41237784499998,-12.640313283000012],[-69.412858543000027,-12.640449450999995],[-69.413346405000027,-12.640414690999989],[-69.41384231699999,-12.640326073999972],[-69.41432353099998,-12.640228143000002],[-69.414819050000006,-12.640157524000017],[-69.415292640000018,-12.640041420999978],[-69.415749827000013,-12.639888957999972],[-69.41623853599998,-12.639710141000023],[-69.41672665599998,-12.639558324999996],[-69.41719909699998,-12.639442194000026],[-69.417634548000024,-12.639235242999973],[-69.418084501999999,-12.639046604999976],[-69.418550099000015,-12.638876302000028],[-69.419053442000006,-12.638814842999977],[-69.419557145999988,-12.638789405000011],[-69.420045535999975,-12.63883568],[-69.420510365999974,-12.639016524999988],[-69.421029464000014,-12.639126471999987],[-69.421525542999973,-12.639082863999988],[-69.422028634000014,-12.639138448999972],[-69.422502631999976,-12.639319482000019],[-69.42295237899998,-12.639509009999983],[-69.423425626999972,-12.639672017000009],[-69.423929278000003,-12.639754621999998],[-69.424424518000023,-12.639855061999981],[-69.424912856999981,-12.640009379999981],[-69.425355869999976,-12.640297809999993],[-69.425752251000006,-12.640675305000002],[-69.425966054000014,-12.641121005000002],[-69.426020031000007,-12.641590364000024],[-69.425851557999977,-12.642064057000027],[-69.425782948999995,-12.64253084500001],[-69.425859641999978,-12.643009683999992],[-69.42597394400002,-12.643498318000013],[-69.425874206000003,-12.64397345399999],[-69.425798722000025,-12.644440094999993],[-69.425737544000015,-12.644934050000018],[-69.42575272900001,-12.645447617000002],[-69.425591712000028,-12.645894453999972],[-69.425378189000014,-12.646331182999972],[-69.425255925999977,-12.646787836999977],[-69.425714894000009,-12.646554353999989],[-69.426080727999988,-12.64622887500002],[-69.426439522999999,-12.645858224999984],[-69.426736450000021,-12.645486273000017],[-69.426920182000003,-12.645048916000007],[-69.42698803899998,-12.644564103999983],[-69.426957366000011,-12.644077225999979],[-69.426889280000012,-12.643571553000015],[-69.426835304999997,-12.643102193000004],[-69.426897428000018,-12.642617261999987],[-69.426942171000007,-12.642140971999993],[-69.426904067999999,-12.641626922],[-69.426782498000023,-12.641156143999979],[-69.426576907000026,-12.640701614000022],[-69.426278685,-12.640290160999996],[-69.425889347000009,-12.639957836000008],[-69.425401485000009,-12.639623442000016],[-69.425034892999975,-12.63924657199999],[-69.424692360999984,-12.638870208000014],[-69.424249740999983,-12.638563775000023],[-69.423799796000026,-12.638383250000004],[-69.423348936000025,-12.638139674000001],[-69.422891757999992,-12.637922979999985],[-69.422426368000004,-12.637715115999981],[-69.421937252000021,-12.637596797000015],[-69.421441850999997,-12.637451332000012],[-69.420937649999985,-12.637341698],[-69.420434173999979,-12.637304113000027],[-69.419962049999981,-12.637195152000004],[-69.419503510000027,-12.637041454999974],[-69.419000094000012,-12.636895816999981],[-69.418496650999998,-12.636804203999986],[-69.418016480000006,-12.636749097000006],[-69.417505380000023,-12.636693337999986],[-69.417046841999991,-12.636539636999998],[-69.416566870999986,-12.636475526000027],[-69.416086145999998,-12.636393391000013],[-69.415573933000019,-12.636283579999997],[-69.415078710999978,-12.636183130000006],[-69.414606038999977,-12.636047136999991],[-69.414140466999982,-12.635848264000003],[-69.413644099999999,-12.635747787000014],[-69.413186157999974,-12.635567078999998],[-69.412698071000023,-12.63534972299999],[-69.412240356999973,-12.635105990999989],[-69.411797928999988,-12.63484457200002],[-69.41138646600001,-12.634529778000001],[-69.410973629000011,-12.634277984999983],[-69.410546490000002,-12.633998879999979],[-69.410217934000002,-12.633613793999984],[-69.409966913999995,-12.633194327000012],[-69.409715145000007,-12.632756830999995],[-69.409501571000021,-12.632302133999985],[-69.409279586000025,-12.631865268000013],[-69.409142961999976,-12.631403186],[-69.409043974999975,-12.630896871999994],[-69.408952450000015,-12.63036370399999],[-69.408883247999995,-12.629858019999972],[-69.40884556200001,-12.629325986000026],[-69.408837828999992,-12.628839600999981],[-69.408844789,-12.628362531999983],[-69.40879924699999,-12.62787535199999],[-69.40859389100001,-12.627411822999989],[-69.408417927000016,-12.626966922000008],[-69.408402564000028,-12.626462369000024],[-69.40846316599999,-12.625995430999978],[-69.408531982,-12.625519660000009],[-69.408600798000009,-12.625043889999972],[-69.408691965999992,-12.624541576000013],[-69.408783885999981,-12.624057288000017],[-69.408905952999987,-12.623609648000013],[-69.40894461900001,-12.623097226000027],[-69.408929252999997,-12.622592673999975],[-69.408921511000017,-12.622106288999987],[-69.408937267999988,-12.621593387000019],[-69.408959309000011,-12.621107629999983],[-69.408974280999985,-12.620630726000002],[-69.408960057000002,-12.620126196000001],[-69.408860672999992,-12.619637884999975],[-69.408745811000017,-12.619176262999986],[-69.408639162999975,-12.618705809000005],[-69.408563275999995,-12.618190980999998],[-69.408463894000022,-12.617702670000028],[-69.408333975000005,-12.617195711000022],[-69.408196397999973,-12.616724605999991],[-69.408051558000011,-12.616271358000006],[-69.407906355000023,-12.615782087000014],[-69.407776602000013,-12.615320150999992],[-69.407655454999997,-12.614831384000013],[-69.40750946899999,-12.614378112999987],[-69.407395193000013,-12.61388949000002],[-69.407227445999979,-12.613435761000005],[-69.407090820000008,-12.612973683999996],[-69.407051951000028,-12.612495651000017],[-69.406777282000007,-12.61205768100001],[-69.406373479000024,-12.611761066999975],[-69.405945426000017,-12.611472945999992],[-69.405541624000023,-12.611176332000014],[-69.405289865999976,-12.610738845000014],[-69.405007185999978,-12.610300710999979],[-69.404779092000012,-12.609881730999973],[-69.404595116999985,-12.609436666000022],[-69.404366498999991,-12.608936638999978],[-69.404160563999994,-12.608500117000006],[-69.403947001999995,-12.60804542599999],[-69.403733441999975,-12.60759073700001],[-69.403459070999986,-12.606981701999985],[-69.403833082999995,-12.607277690999979],[-69.40424512300001,-12.607511450999993],[-69.404694764999988,-12.607755003000022],[-69.405130106000001,-12.607971243999998],[-69.405602886999986,-12.608152254999993],[-69.406067649000022,-12.608333094999978],[-69.406517914999995,-12.608495624],[-69.406976197999995,-12.608658320000018],[-69.407441386000016,-12.608767135999983],[-69.407936779000011,-12.608804554000017],[-69.408456451000006,-12.608779450999975],[-69.408952263999993,-12.608744843000011],[-69.409432630000026,-12.608682895000015],[-69.409905203999983,-12.608557754000003],[-69.410409093999988,-12.608415262999983],[-69.410890269999982,-12.608263291000014],[-69.411339767000015,-12.60809264300002],[-69.411821110999995,-12.607985688999975],[-69.412308515999996,-12.607968904000018],[-69.412805418999994,-12.608042362999981],[-69.413239627999985,-12.608258567000007],[-69.413697334000005,-12.608448253999995],[-69.414186222000012,-12.60852153899998],[-69.414674382999976,-12.608522775999973],[-69.415177856000014,-12.608452297999975],[-69.41564355700001,-12.60832700200001],[-69.41612375599999,-12.608220018999987],[-69.416604294000024,-12.608203081999989],[-69.417108100999997,-12.608222649000027],[-69.417619704999993,-12.608305410000014],[-69.418092531000013,-12.608432379000021],[-69.418565166000008,-12.608568343999991],[-69.419015447999982,-12.608730854999976],[-69.419473555000025,-12.608902532000002],[-69.419907776000002,-12.609118731000024],[-69.420327468999972,-12.609370640999998],[-69.420747359000018,-12.609613550999995],[-69.421106123000015,-12.609927213999981],[-69.421388671999978,-12.610320320000028],[-69.421686308000005,-12.610704734000024],[-69.422006101000022,-12.611071606999985],[-69.422326842000018,-12.611447503000022],[-69.422616268000013,-12.611840753000024],[-69.422860629000013,-12.612251065000009],[-69.423043495999991,-12.612696105999987],[-69.423173786999996,-12.613293122000016],[-69.423493779000012,-12.613650993000022],[-69.423753035000004,-12.614061618999983],[-69.424005808000004,-12.614454100999978],[-69.424295040000004,-12.614856350000025],[-69.424615232999997,-12.615205220999997],[-69.424982221999983,-12.61551005299998],[-69.425370781000026,-12.615824341000007],[-69.425767357999973,-12.616138793000005],[-69.426134350999973,-12.616443623999999],[-69.426508216999991,-12.616748597000026],[-69.426873870999998,-12.617062404000023],[-69.427171129999977,-12.617464820999999],[-69.427400610000007,-12.617874823000022],[-69.427675351000005,-12.618258760999993],[-69.428026283999998,-12.618617280000024],[-69.428400323999995,-12.618967279999993],[-69.428788725999993,-12.619236541000021],[-69.429231942999991,-12.619461924999996],[-69.429659124000011,-12.619686973],[-69.430101394000019,-12.619903334000014],[-69.430551682999976,-12.620119864000003],[-69.431001021999975,-12.620327366000026],[-69.43142840500002,-12.620543413999997],[-69.431855955999993,-12.620804485999997],[-69.432283139999981,-12.621029534000002],[-69.432695412999976,-12.621308295999995],[-69.433107123000013,-12.621560031000001],[-69.433541943000023,-12.621803246000013],[-69.434008082999981,-12.622029106000014],[-69.434449970999992,-12.622263464000014],[-69.434862270999986,-12.622488196000006],[-69.435312156000009,-12.622776746999989],[-69.435731698999973,-12.623037651000004],[-69.436106149000011,-12.62336964299999],[-69.436441258999992,-12.62371882399998],[-69.436784779999982,-12.624050172000011],[-69.437143196000022,-12.624381830999994],[-69.437417643000003,-12.624621687000001],[-69.437753537999981,-12.624934866999979],[-69.438127628000018,-12.625230832],[-69.43853169800002,-12.625518423000017],[-69.438974942000016,-12.625743800999999],[-69.439379600999985,-12.626004389999991],[-69.439791327000023,-12.626256119999994],[-69.440210880999985,-12.626517019999994],[-69.440622027000018,-12.626795750999975],[-69.440980839000019,-12.627109409000013],[-69.441369807000001,-12.627459713000007],[-69.441767401999982,-12.627729156999976],[-69.442164048999985,-12.627989575000015],[-69.442606544,-12.628196924999997],[-69.443011210999998,-12.628457509999976],[-69.443048873000009,-12.629628894000007],[-69.446329769999977,-12.630021614999976],[-69.446542668000006,-12.630458283999985],[-69.446413779000011,-12.630905822999978],[-69.446077945000013,-12.63127700199999],[-69.445657772000004,-12.631520351999995],[-69.445147141000007,-12.631653755999992],[-69.444651598999997,-12.631778468999983],[-69.444200518000002,-12.631967142999997],[-69.44373532100002,-12.632119500999977],[-69.44324726100001,-12.63216332799999],[-69.442781871000022,-12.632324685000015],[-69.442301075999978,-12.632350651000024],[-69.441812821999974,-12.63240347499999],[-69.441301457000009,-12.632464817000027],[-69.440813009999999,-12.63252663999998],[-69.440309642999978,-12.632642175000001],[-69.439844275999974,-12.632749498999999],[-69.439393777000021,-12.632911160999981],[-69.438905668000018,-12.633063031000006],[-69.438440664999973,-12.633206379000001],[-69.438005228999998,-12.633413374999975],[-69.437640013000021,-12.633711885000025],[-69.437509374000001,-12.634186390000025],[-69.437631361000001,-12.634639167999978],[-69.438050918999977,-12.634900073999972],[-69.438539293000019,-12.635000342000012],[-69.439028646999986,-12.635055604000001],[-69.439508809000017,-12.635164700000018],[-69.439989532000027,-12.635300821999977],[-69.44043988300001,-12.635463319999985],[-69.440897473999996,-12.635661990000017],[-69.441362722000008,-12.635824797999987],[-69.441819951000014,-12.635987440000008],[-69.442301068999996,-12.636105557999997],[-69.44278928,-12.636160791000009],[-69.443255070000021,-12.635981436000009],[-69.443674520999991,-12.63566603999999],[-69.444109207999986,-12.635441010000022],[-69.444566805000022,-12.635216456000023],[-69.444979552000007,-12.634945940000023],[-69.445445119999988,-12.634829605999983],[-69.445924752999986,-12.634857640000007],[-69.446413330999974,-12.634948892000011],[-69.446894086999976,-12.635030975999996],[-69.447420840999996,-12.635159042999987],[-69.447862597999972,-12.635348363999981],[-69.448268039000027,-12.63562697399999],[-69.448641572999975,-12.635949939],[-69.448916558000008,-12.636324876000003],[-69.449076564999984,-12.636769447999995],[-69.449107285000025,-12.637256338999975],[-69.449152142000003,-12.637725520000004],[-69.449160339000002,-12.638193934000014],[-69.449152104999996,-12.638680013999988],[-69.449175192999974,-12.639148739000007],[-69.449266826999974,-12.639627900999983],[-69.449465787999998,-12.640073287000007],[-69.449762544999999,-12.640448678999974],[-69.450038096000014,-12.640850639999996],[-69.450152082999978,-12.641303255000025],[-69.450182046000009,-12.641772124999989],[-69.450212763000025,-12.642259019999983],[-69.450235851999992,-12.642727745000002],[-69.450297503999991,-12.643215286999975],[-69.450350575000016,-12.643675633999976],[-69.450549341999988,-12.644130022000013],[-69.450808467999991,-12.644549653000013],[-69.451068178000014,-12.644942280999999],[-69.451396068999998,-12.645309317999988],[-69.451723204000018,-12.645658332999972],[-69.452020919000006,-12.646042750999982],[-69.452265153999974,-12.646462069999984],[-69.452417903000025,-12.646924501000001],[-69.452524821999987,-12.647385973999974],[-69.452998072000014,-12.647233778999976],[-69.453424761000008,-12.64700856799999],[-69.453837700000008,-12.646783072000005],[-69.454332715000021,-12.646631323999998],[-69.454798504999985,-12.646505981000018],[-69.455302272999973,-12.646426453000004],[-69.455813064999973,-12.646446122999976],[-69.456316592999997,-12.646483649000004],[-69.456797037000001,-12.646475669999973],[-69.457278625000015,-12.646467713999982],[-69.457781592999993,-12.646478211999977],[-69.458278032999999,-12.646578621999993],[-69.458728036000025,-12.646759101999976],[-69.459078880999982,-12.647072587000025],[-69.45935311400001,-12.64748352700002],[-69.459589903999984,-12.647929705000024],[-69.459764827000015,-12.648374589000014],[-69.459948913999995,-12.648819666000009],[-69.460154208999995,-12.649238173000015],[-69.460459769000011,-12.649631754999973],[-69.460826465000025,-12.649954576000027],[-69.461214734999999,-12.650286849999986],[-69.461604541999975,-12.650601148000021],[-69.461993596000013,-12.650897418999989],[-69.46240517199999,-12.651212170999997],[-69.46281733699999,-12.651499918000013],[-69.463259289000007,-12.651788286999988],[-69.46362579800001,-12.65212010800002],[-69.463908838999998,-12.652495212000019],[-69.464107246000026,-12.652967602999979],[-69.464312552000024,-12.653386108999996],[-69.464594816999977,-12.653797216999976],[-69.464884541000004,-12.654181463999976],[-69.465075904999992,-12.654608683999982],[-69.465235747999998,-12.655062262000001],[-69.465419456999996,-12.655525344000012],[-69.465617694999992,-12.655952707999973],[-69.465816301000018,-12.656416100000001],[-69.466021780999995,-12.656879636999975],[-69.466227844999992,-12.657316170000001],[-69.466457020999997,-12.657744177999973],[-69.466685247999976,-12.658163163999973],[-69.466922251000028,-12.658600342999989],[-69.467196891000015,-12.658993281999983],[-69.467470757000001,-12.659422225000014],[-69.467707393000012,-12.65982337600002],[-69.468027869000025,-12.660217269999976],[-69.468447878000006,-12.66051418699999],[-69.468882634000011,-12.660712355999976],[-69.469370679999997,-12.66088462099998],[-69.469851462999998,-12.661074744000018],[-69.470324810000022,-12.661237696000001],[-69.470820684999978,-12.661419126999988],[-69.471324583000012,-12.661600723999982],[-69.471797912,-12.661817703999986],[-69.472224069999982,-12.662042704999976],[-69.472690525000019,-12.662259542000015],[-69.47316348999999,-12.66244049300002],[-69.473643933000005,-12.662540552999985],[-69.474132594000025,-12.66263177899998],[-69.474597948999985,-12.662740530000008],[-69.47507837500001,-12.662894617999996],[-69.47553549700001,-12.663066231000016],[-69.47600866099998,-12.663238176999982],[-69.476458910000019,-12.663409645000002],[-69.476954992000003,-12.663582066999993],[-69.477413264000006,-12.663753702000008],[-69.477885265999987,-12.663979650999977],[-69.478298229000018,-12.664285416999974],[-69.478694975999986,-12.664545820000001],[-69.47909133600001,-12.664824223999972],[-69.479457496999999,-12.665174040000011],[-69.479800355999998,-12.665541381000025],[-69.480167488999996,-12.665846191000014],[-69.480563463999999,-12.666142596999975],[-69.480975308999973,-12.666394307000019],[-69.481456505999972,-12.666566412999998],[-69.481929121999997,-12.666711326999973],[-69.482409973000017,-12.666793374999997],[-69.482913758999985,-12.66682186700001],[-69.483439723999993,-12.666778781000005],[-69.483951767000008,-12.666690377000009],[-69.484454815999982,-12.666646808999985],[-69.484943143999999,-12.666647961000024],[-69.485424036999973,-12.666621942999996],[-69.485905102000004,-12.666640954000002],[-69.486378112000011,-12.666767855999979],[-69.486819969999999,-12.666957148999984],[-69.487277502999973,-12.667110743000023],[-69.487751077999974,-12.667264672999977],[-69.48818587300002,-12.667462822000005],[-69.488590078000016,-12.667750386000023],[-69.488918252000019,-12.668108410999992],[-69.489162954999983,-12.668509727000014],[-69.489475089999985,-12.668867417999991],[-69.489964009000005,-12.668841557000007],[-69.490390928000011,-12.668607290000011],[-69.490863468999976,-12.668437004999987],[-69.491344174000005,-12.668419976999985],[-69.491611216000024,-12.668848774000026],[-69.491848661999995,-12.669267948000027],[-69.491932154999972,-12.669755966000025],[-69.492206074000023,-12.670184903999996],[-69.492465680999999,-12.670586531000026],[-69.492709615000024,-12.671023852000019],[-69.492962347999992,-12.671425333999991],[-69.493030380999983,-12.67188601700002],[-69.492977703999998,-12.672362200999999],[-69.493068268000002,-12.672841361999986],[-69.493267708000019,-12.673268753999992],[-69.493504008999992,-12.673687905999998],[-69.493603176000022,-12.674140231000024],[-69.493679406000012,-12.674646111000015],[-69.493763092999984,-12.67512512899998],[-69.493793310000001,-12.675585026000022],[-69.493899914999986,-12.676064521000001],[-69.494106230999989,-12.676492058000008],[-69.49436565000002,-12.676902685000016],[-69.49459469300001,-12.677339698000026],[-69.494877420000023,-12.677732800999991],[-69.495159000000001,-12.678125879999982],[-69.495350422999991,-12.678553104999992],[-69.495616913999982,-12.678954877000024],[-69.495952742999975,-12.679331070999979],[-69.496204711000019,-12.679768561000003],[-69.496525255999984,-12.680162450000012],[-69.496860523999999,-12.680511616999979],[-69.497219857999994,-12.680861285999981],[-69.497463627000002,-12.681253578999986],[-69.497852388000013,-12.68156783500001],[-69.498325437999995,-12.681694730999993],[-69.49880652600001,-12.681767761000003],[-69.499256622000019,-12.682002243999989],[-69.499561520999976,-12.682377794999979],[-69.499958325000023,-12.682638187000009],[-69.500354935000018,-12.682907579000016],[-69.500813058999995,-12.683142223999994],[-69.501301043000012,-12.683161364],[-69.501789643999984,-12.683045431999972],[-69.502262961999975,-12.682947193000018],[-69.502766441999995,-12.68288560100001],[-69.50329224699999,-12.682905518999974],[-69.50372721399998,-12.682671400000004],[-69.504131819999998,-12.68240963400001],[-69.504582056000004,-12.682211852000023],[-69.505040118000011,-12.682023234999974],[-69.50528355900002,-12.681632046999994],[-69.505405737999979,-12.681175302999975],[-69.505527722000011,-12.680727562000015],[-69.505742141999974,-12.680299749000028],[-69.506001251999976,-12.679872860999978],[-69.506283651999979,-12.679482478000011],[-69.506557465000014,-12.679064899000025],[-69.506771121999975,-12.678619056000002],[-69.506878782999991,-12.678143999999975],[-69.506985864000001,-12.677695947000018],[-69.507115105000025,-12.677230340999984],[-69.507229253999981,-12.676773428999979],[-69.507297757999993,-12.676306565000004],[-69.507389760000024,-12.675813171000016],[-69.507451193999998,-12.675355165999974],[-69.507519695999974,-12.674888300000021],[-69.507579981999982,-12.674430272999984],[-69.507687249000014,-12.673973217000025],[-69.507855059999997,-12.673526419999973],[-69.508145468000009,-12.673136198000009],[-69.508511493000015,-12.672801573000015],[-69.508961885000019,-12.672648805999984],[-69.509457466000015,-12.672794153999973],[-69.509831535999979,-12.67309908499999],[-69.510190129000023,-12.67343071099998],[-69.510601838000014,-12.673691394000002],[-69.51101412600002,-12.673925069000006],[-69.511479351999981,-12.674042770000028],[-69.511959307999973,-12.674061715999983],[-69.512447631999976,-12.674224922999997],[-69.51289078100001,-12.674035977000017],[-69.513287149999996,-12.673783022000009],[-69.513722469000015,-12.673584904999984],[-69.514203211999984,-12.673513807999996],[-69.514683735999995,-12.673559775000001],[-69.514935369999989,-12.673159732999977],[-69.514759577000007,-12.672696809999991],[-69.514546922000022,-12.672242131000019],[-69.514294158999974,-12.671786621000024],[-69.514080927000009,-12.671358946999987],[-69.51395116499998,-12.670887971000013],[-69.513791417999983,-12.670425384999987],[-69.513683999000023,-12.669981887000006],[-69.513531887999989,-12.669537467999987],[-69.513248754000017,-12.669108345999973],[-69.512974776000021,-12.668733449999991],[-69.51264656799998,-12.668321407000008],[-69.512341085000003,-12.667918841000017],[-69.512028921000024,-12.667507130999979],[-69.511815126999977,-12.667052430000012],[-69.511685176000015,-12.666590455999994],[-69.511609084999975,-12.666129601000023],[-69.511517143999981,-12.665659409999989],[-69.51139540600002,-12.665188603999979],[-69.511234906000027,-12.664707989000021],[-69.51110590899998,-12.664255043000026],[-69.510983596000017,-12.663811239999973],[-69.510762181000018,-12.663284338999972],[-69.510541320000016,-12.662838498999974],[-69.51033497100002,-12.662410969000007],[-69.510144292000007,-12.661947741000006],[-69.50996048799999,-12.661484654999981],[-69.509747456000014,-12.661047983999993],[-69.509533282000007,-12.660611286000005],[-69.509342408999998,-12.660157061000007],[-69.509145049999972,-12.659684689000017],[-69.508968881999976,-12.659239775000003],[-69.508785839999973,-12.658794716999978],[-69.508648826000012,-12.658341608000001],[-69.508488134000004,-12.657869995999988],[-69.508328590000019,-12.657398410999974],[-69.508183556000006,-12.656945135000001],[-69.507992301999991,-12.656508912999982],[-69.507740882999997,-12.656098462999978],[-69.507489272999976,-12.655697014999987],[-69.507230027999981,-12.65527739700002],[-69.506993134000027,-12.654831226999988],[-69.506756048,-12.654394055000012],[-69.506528128000014,-12.653957078000019],[-69.506321415000002,-12.653493519999984],[-69.506099987000027,-12.653074686000025],[-69.505886770000018,-12.652647016999993],[-69.505687887000022,-12.652192628000023],[-69.505527767999979,-12.651748047000012],[-69.505390565000027,-12.651303940999981],[-69.505261577999988,-12.65085099700002],[-69.50508522299998,-12.65041508600001],[-69.504810510000027,-12.650022166999975],[-69.504520517000003,-12.649646942999993],[-69.504162726000004,-12.649279318000026],[-69.503819253000017,-12.648939008000013],[-69.503544542999975,-12.648546088999979],[-69.503384428000004,-12.648101508000025],[-69.50324722900001,-12.647657402999982],[-69.502918941000019,-12.646930173999976],[-69.502544467999996,-12.646859383999981],[-69.502247151000006,-12.646772181000017],[-69.501988034000021,-12.64666775500001],[-69.501727965999976,-12.646554305999985],[-69.501533101999996,-12.646466121999993],[-69.501462156000002,-12.646413981000023],[-69.501393205999989,-12.646394987999997],[-69.500622002999989,-12.646077214999991],[-69.499912692999999,-12.645953566999992],[-69.499003481999978,-12.645744653999998],[-69.497493067999983,-12.645122866999998],[-69.496135964000018,-12.644394985000019],[-69.495078706000015,-12.643669978999981],[-69.493927529000018,-12.642803077999986],[-69.49192274699999,-12.641563609000002],[-69.490991221000002,-12.640987677999988],[-69.490754713000001,-12.640680922000001],[-69.490261228999998,-12.640245413999992],[-69.489530194999986,-12.639729311999986],[-69.487510625000027,-12.638482533999991],[-69.487129863999996,-12.638293777999991],[-69.486145889999989,-12.637631538999983],[-69.484482168999989,-12.636683049999988],[-69.484097487999975,-12.636608869999975],[-69.483472409000001,-12.636649336000005],[-69.481695058000014,-12.637364489999982],[-69.480799810999997,-12.637509790000024],[-69.480308315000002,-12.637437334000026],[-69.479759716999979,-12.63725980800001],[-69.479594862999988,-12.637099137999996],[-69.478964091000023,-12.636656076999998],[-69.477465748999975,-12.635143325999991],[-69.476360167999985,-12.634232043999987],[-69.475074876000008,-12.633085774999984],[-69.474445272000025,-12.632417890999989],[-69.47387738499998,-12.631609185000002],[-69.47346094400001,-12.630833309000025],[-69.473190584000008,-12.630478308000022],[-69.472823221999988,-12.630101772999978],[-69.472121630999993,-12.628934835999985],[-69.470914913000001,-12.626169802999982],[-69.470831655999973,-12.625927608999973],[-69.457117857000014,-12.637684700000023],[-69.456995835999976,-12.637231917999998],[-69.456881832000022,-12.636779299000011],[-69.456781970000009,-12.636308969000027],[-69.456728881999993,-12.635848619000001],[-69.456675987999972,-12.635379267000019],[-69.456644863000008,-12.634910369000011],[-69.456453517999989,-12.634483153000019],[-69.456446453000012,-12.634014759000024],[-69.456179667000015,-12.633630996000022],[-69.455920148000018,-12.633229372000017],[-69.455759736000005,-12.632802802000015],[-69.455492390000018,-12.632392010999979],[-69.455134691000012,-12.632078388000025],[-69.468342799000027,-12.620625664999977],[-69.468082144999983,-12.620488797000007],[-69.467726246999973,-12.620377646000009],[-69.466958241999976,-12.620236737000027],[-69.466283051999994,-12.619942112999979],[-69.466087802999994,-12.619612114000006],[-69.465949028000011,-12.618841167000028],[-69.465701657000011,-12.61820117000002],[-69.465496246999976,-12.617853642999989],[-69.464862390999997,-12.617140613999993],[-69.463443220999977,-12.615816913000003],[-69.462444845999983,-12.615156232999993],[-69.459037435000027,-12.612501625999982],[-69.458323286999985,-12.611995963000027],[-69.456019217999994,-12.629971714000021],[-69.444635634999997,-12.628599511999994],[-69.446131320000006,-12.616735647999974],[-69.444177675999981,-12.616451743000027],[-69.445341241999984,-12.606861939999987],[-69.444750634000002,-12.606364647000021],[-69.444066738000004,-12.605951606000019],[-69.443295292000016,-12.605705553000007],[-69.442583651000007,-12.605646680000007],[-69.441577005999989,-12.605480316000012],[-69.439409463000004,-12.604695133999996],[-69.437988017999999,-12.604444084000022],[-69.434343397000021,-12.612428362000003],[-69.428460932999997,-12.610045207999974],[-69.426095918999977,-12.608708084],[-69.429655555000011,-12.600964196000007],[-69.428759172000014,-12.600521689999994],[-69.427035986000021,-12.599422715000003],[-69.424900185000013,-12.598345091999988],[-69.423518231000003,-12.597564434999981],[-69.423525175999998,-12.605709848999993],[-69.420403760999989,-12.605698499000027],[-69.420463310999992,-12.596535318999997],[-69.419884291000017,-12.596495521999998],[-69.418853641999988,-12.596600130000013],[-69.418431860999988,-12.596693285000015],[-69.418342741999993,-12.596712966999974],[-69.41829646399998,-12.596731236999972],[-69.417128650999985,-12.597192236000012],[-69.415533152000023,-12.597643693999999],[-69.414704168000014,-12.597770309999987],[-69.414109898999982,-12.597799891000022],[-69.413038964000009,-12.598048505000008],[-69.412209365000024,-12.598311754000008],[-69.412170715000002,-12.598327912000002],[-69.411737114999994,-12.607263595000006],[-69.409455245000004,-12.607116653999981],[-69.409865910999997,-12.599074406999989],[-69.409336936999978,-12.599124861999996],[-69.408177302000013,-12.599067482000009],[-69.406459279999979,-12.598791737999989],[-69.405928972000027,-12.598572338999986],[-69.405443757,-12.598453792999976],[-69.403283708999993,-12.59841607200002],[-69.402453021999975,-12.598164381000004],[-69.402341416000013,-12.598112667999999],[-69.400284782000028,-12.605456322999999],[-69.398926340000003,-12.605058595000003],[-69.401075779999985,-12.597526216000006],[-69.39927880800002,-12.596693549999998],[-69.397370452000018,-12.595369029999972],[-69.396938187999979,-12.595133369999985],[-69.396256794999999,-12.594543858999998],[-69.394749519000015,-12.592857367000022],[-69.393885883999985,-12.591694060000009],[-69.393624116000012,-12.591259471000001],[-69.392971332000002,-12.589916800000026],[-69.392159880999998,-12.588001388999999],[-69.391747925999994,-12.587244718000022],[-69.391521609999984,-12.586687631000018],[-69.390783348000014,-12.585206383000013],[-69.385856868000019,-12.590998628000023],[-69.384499335999976,-12.589934603000017],[-69.389965465999978,-12.583499022000012],[-69.389497020000022,-12.582327174999989],[-69.389019173000008,-12.581391721999978],[-69.388749416999985,-12.580960122000022],[-69.387689534000003,-12.579774107999981],[-69.385479746999977,-12.577886633999981],[-69.385020578000024,-12.577413852999996],[-69.379120225999998,-12.583032474999982],[-69.373870294000028,-12.577519633000009],[-69.373191931000008,-12.578099568000027],[-69.371795275000011,-12.576629543000024],[-69.372077993999994,-12.576275360000011],[-69.370338269000001,-12.574933152000028],[-69.376266902999987,-12.567477343000007],[-69.374089814999991,-12.566266156999973],[-69.372000861000004,-12.564773670000022],[-69.368361703000005,-12.571794237999995],[-69.366279115999987,-12.570624864000024],[-69.363822930000026,-12.568727314],[-69.364021028000025,-12.56847039500002],[-69.360358283999972,-12.565638017000026],[-69.360731949000012,-12.565420820999975],[-69.361167251999973,-12.565213927999991],[-69.361640867000006,-12.565088876999994],[-69.362074828000004,-12.56489095500001],[-69.362472575000027,-12.564620244000025],[-69.362838287999978,-12.564294834000009],[-69.363166051999997,-12.563923606000003],[-69.363403380000022,-12.563496446999977],[-69.363647187000026,-12.563087431999975],[-69.363975301999972,-12.562752220999982],[-69.364318503999982,-12.562408324999979],[-69.364638603000003,-12.562072945000011],[-69.364883157000008,-12.561681948],[-69.365058837999982,-12.561244483999985],[-69.365226305000022,-12.560815847000015],[-69.365485938999996,-12.560416164999992],[-69.365646336999987,-12.559996382000008],[-69.365814392000004,-12.559540747000028],[-69.365966609999987,-12.559075774000007],[-69.366016393999985,-12.558927996000023],[-69.365646759000015,-12.558408107999981],[-69.365155967000021,-12.558057446000021],[-69.364923096999973,-12.557822186999999],[-69.364890134999996,-12.557295737000004],[-69.365101820999996,-12.556675090999988],[-69.365143085,-12.556300016000023],[-69.365110286999993,-12.555889050000019],[-69.365032051000014,-12.555701058000011],[-69.365062620000003,-12.554989141000021],[-69.365103970000007,-12.554869714999995],[-69.366072696000003,-12.553843089999987],[-69.366130372999976,-12.553799547999972],[-69.366680625000015,-12.553384139999991],[-69.366918962999989,-12.553176544999985],[-69.367397492999999,-12.552759733000016],[-69.369004092000011,-12.551117206000015],[-69.369236883999974,-12.550946259999989],[-69.369473170999981,-12.550772746000007],[-69.370297927000024,-12.550413144999993],[-69.370759545999988,-12.550107083],[-69.371156527999972,-12.549843876000011],[-69.372763578999979,-12.548417730999972],[-69.37417745800002,-12.547735640999974],[-69.375922381999999,-12.54644095499998],[-69.376338178000026,-12.546028429999978],[-69.370338220000008,-12.53964817100001],[-69.372436619999974,-12.537243326000009],[-69.379002168999989,-12.543048768999995],[-69.379947320999975,-12.541873690999978],[-69.380729029000008,-12.541066032999993],[-69.381699393000019,-12.540229622000027],[-69.382481308000024,-12.539613089999989],[-69.382968415999983,-12.539229008999996],[-69.383331479999981,-12.538942732999999],[-69.384244733000003,-12.538525182000001],[-69.38463518399999,-12.53830188500001],[-69.378722773999982,-12.531856155000014],[-69.381935381999995,-12.529780687000027],[-69.386312579999981,-12.537461233999977],[-69.386971642999981,-12.537183631999994],[-69.387833290000003,-12.536735484000019],[-69.388384683000027,-12.536485613000025],[-69.384155991,-12.529124965999983],[-69.385697161999985,-12.528527010999994],[-69.386818081999991,-12.528343415999984],[-69.391223857,-12.535198982999987],[-69.392457248000028,-12.534640029000002],[-69.39271766600001,-12.53454833699999],[-69.393288938000012,-12.534347197999978],[-69.393272674999992,-12.534295118999978],[-69.391724794000027,-12.529337582999972],[-69.394593253999972,-12.528443216000028],[-69.39582152700001,-12.528063740999983],[-69.394310906999976,-12.524925784000004],[-69.396386376999999,-12.524410955999997],[-69.399560434000023,-12.53267994700002],[-69.399701301999983,-12.533046931000001],[-69.400150585999995,-12.532985434000011],[-69.401811525000028,-12.532588418999978],[-69.402733336999972,-12.532263938000028],[-69.404136557000015,-12.531527088000018],[-69.404354325999975,-12.531396054000027],[-69.404275079999991,-12.531283841000004],[-69.402642214000025,-12.5289717],[-69.405266949000008,-12.522660665999979],[-69.407735799000022,-12.523075484999993],[-69.407630905000019,-12.522244859000011],[-69.407370605999972,-12.521717765000005],[-69.405919196000013,-12.52032232900001],[-69.405023187999973,-12.519281540000009],[-69.403235816000006,-12.517745789999992],[-69.402476630000024,-12.517257776000008],[-69.401436486000023,-12.516737890999991],[-69.400398294000013,-12.516345962999992],[-69.400042738000025,-12.516288429999975],[-69.395743068000002,-12.516029512999978],[-69.395644430999994,-12.516029801000002],[-69.395062698000004,-12.516031500999986],[-69.394042026000022,-12.516106622999985],[-69.393973413000026,-12.516111674999991],[-69.393014154000014,-12.516234338000004],[-69.39192097099999,-12.516233659000022],[-69.390499901999988,-12.516055570999981],[-69.390172489000008,-12.51601453699999],[-69.388719095999988,-12.515917876999993],[-69.386909434000017,-12.515714735000017],[-69.385191669999983,-12.515350121999973],[-69.384789129000012,-12.515219401000024],[-69.384773153000026,-12.515254087000017],[-69.382477064,-12.520239081],[-69.378792267999984,-12.518640199000004],[-69.380946573000017,-12.51351116699999],[-69.380304195000008,-12.513010217999977],[-69.379645115000017,-12.512496241999997],[-69.379468633999977,-12.512337012999978],[-69.379440048999982,-12.512387208000007],[-69.375862573999996,-12.518668780999974],[-69.370117130999972,-12.515594995000015],[-69.369736311999986,-12.515391253000018],[-69.369647545000021,-12.515657361000024],[-69.368167414000027,-12.518835066999998],[-69.367869760000019,-12.519604308999988],[-69.368118227000025,-12.519703644000003],[-69.372634639000012,-12.521509195000021],[-69.372360645000015,-12.52388939299999],[-69.367316457000015,-12.521910664000018],[-69.366937527000005,-12.521762017000015],[-69.366539252999985,-12.522737870000014],[-69.365989615999979,-12.523755517999973],[-69.364979209000012,-12.524779481999985],[-69.364794555999993,-12.524900521999996],[-69.364921257999981,-12.525011529999972],[-69.368996061000018,-12.528581581000026],[-69.35617006199999,-12.539682878999997],[-69.354629058,-12.54257646100001],[-69.353926909999984,-12.544092212999999],[-69.353529771000012,-12.546118583999998],[-69.352416392999999,-12.549255242000015],[-69.352225841000006,-12.553932941000028],[-69.348074872999973,-12.550811115999977],[-69.347707986999978,-12.550535184000012],[-69.347728474999997,-12.550810362999982],[-69.348135110999976,-12.552614315000028],[-69.348909784,-12.55468519599998],[-69.349559519000024,-12.557005918000016],[-69.349880553999981,-12.55791461199999],[-69.350283858000012,-12.559481268000013],[-69.350874316999978,-12.561112342999991],[-69.351249909999979,-12.561990305999984],[-69.351519451000001,-12.562865783999996],[-69.352046368000003,-12.56399531400001],[-69.352358171999981,-12.564467682999975],[-69.352564588000007,-12.565156774000002],[-69.352614903000017,-12.56580220799998],[-69.352266914999973,-12.567288543000018],[-69.351556957000014,-12.569735459000015],[-69.351053201000013,-12.570958749999988],[-69.35063586199999,-12.571687807999979],[-69.350240110000016,-12.572249720999991],[-69.349504603000014,-12.573459562999972],[-69.348789978000013,-12.574252125999976],[-69.348719362999987,-12.574338748000002],[-69.348883806000003,-12.574542808999979],[-69.352958273000013,-12.579598874999988],[-69.352904454999987,-12.580119930000023],[-69.352805063999995,-12.580576994000012],[-69.352728775000003,-12.581025544999989],[-69.352698452000027,-12.581520086000012],[-69.352667772000018,-12.581978605000018],[-69.352622008000026,-12.582445810000024],[-69.352615179999987,-12.582913839000014],[-69.352569017999997,-12.583399040000018],[-69.352477639000028,-12.583856272999981],[-69.352348072999973,-12.584330705000013],[-69.35220306399998,-12.584777800999973],[-69.352064729999995,-12.585234039999989],[-69.351935160999972,-12.585708470999975],[-69.351782685999979,-12.586182416999975],[-69.351607149000017,-12.586610859000018],[-69.351439427999992,-12.587048466999988],[-69.351241340000001,-12.58751244299998],[-69.351035625999998,-12.587958248999996],[-69.350822094000023,-12.588394887999982],[-69.350592370000015,-12.588786164999988],[-69.350348504999999,-12.589195148999977],[-69.350096783000026,-12.589648980999982],[-69.349928660999979,-12.590104585999995],[-69.349784390000025,-12.590569699000014],[-69.349646440000015,-12.591007936999972],[-69.349509634000015,-12.591446196999982],[-69.349348577000001,-12.591892947000019],[-69.349196484000004,-12.592348888000004],[-69.349020736999989,-12.592786323999974],[-69.348777062000011,-12.593186304000028],[-69.348502664000023,-12.593576628999983],[-69.348250773000018,-12.593985438999994],[-69.348067951000019,-12.594431724000003],[-69.347945433000007,-12.59489729400002],[-69.347884362999991,-12.595382174999997],[-69.347815274000027,-12.595866883999975],[-69.347701167000025,-12.596314627000027],[-69.347556333999989,-12.59675271399999],[-69.347380379000015,-12.597199143000012],[-69.347197748999974,-12.597636427999987],[-69.346961092000015,-12.598081568999987],[-69.346702123,-12.598499226000001],[-69.346450025000024,-12.598917029999996],[-69.346244090000027,-12.599371824999992],[-69.346106871000018,-12.599828075999994],[-69.346037776999992,-12.600312783999982],[-69.346052483999983,-12.60079026599999],[-69.346121966999988,-12.601277915000026],[-69.346442749999994,-12.601644854000028],[-69.346663653000007,-12.602072693000025],[-69.347052096000027,-12.602333027999975],[-69.347510288000024,-12.602495805999979],[-69.347922428999993,-12.602720631000011],[-69.348235197999998,-12.603087397000024],[-69.348608913000021,-12.603392434],[-69.34908942200002,-12.603582694000011],[-69.349539997000022,-12.603727304000017],[-69.349974455999984,-12.603979609000021],[-69.350309939999988,-12.604355859000009],[-69.350593291999985,-12.604758015000016],[-69.351012864999973,-12.605010003000018],[-69.351478136000026,-12.605163925999989],[-69.351866986000005,-12.605406258000016],[-69.352279096000018,-12.605685096999991],[-69.352660440000022,-12.606008299999985],[-69.352957936999985,-12.606392748000019],[-69.353202354000018,-12.606794078999997],[-69.353422876000025,-12.607239917000015],[-69.353629103999992,-12.607658442999991],[-69.353842557000007,-12.608113136999975],[-69.354056802999992,-12.608531832999972],[-69.35423933300001,-12.608985872000005],[-69.354407369,-12.609421594000025],[-69.354689387999997,-12.609832724],[-69.354972116999988,-12.610315897000021],[-69.355201256999976,-12.610734911000009],[-69.355391802999975,-12.611189119000016],[-69.355612529999974,-12.611625960000026],[-69.355773499000009,-12.612070539000001],[-69.355903345000002,-12.612523458999988],[-69.35591004600002,-12.613000779999993],[-69.356024804000015,-12.613462384000002],[-69.356284672000015,-12.613891052999975],[-69.356643320999979,-12.614204772999983],[-69.35706983,-12.614402886999983],[-69.357550844000002,-12.614467106000006],[-69.358031630000028,-12.614333245000012],[-69.358360242999993,-12.613980077000008],[-69.358557572999985,-12.613552094999989],[-69.358733931000017,-12.613087656999994],[-69.358909338999979,-12.612614194999992],[-69.359443323999983,-12.612301388999981],[-69.359107223000024,-12.611952137000003],[-69.359236617000022,-12.61148670099999],[-69.359359337000001,-12.611012119999998],[-69.359480909000013,-12.610537516000022],[-69.359664725000016,-12.610046222999983],[-69.359885901999974,-12.60962774699999],[-69.360183776999975,-12.609264918000008],[-69.360587893000002,-12.609021383000027],[-69.361045406000017,-12.608851003999973],[-69.36144991499998,-12.608589467999991],[-69.361816271000009,-12.608291108999993],[-69.362159362,-12.60795624299999],[-69.362571493000019,-12.607712873000025],[-69.363044050999974,-12.607587825999985],[-69.363494882999987,-12.607408297000006],[-69.363952786000027,-12.607219912000005],[-69.364440510999998,-12.607239240000013],[-69.364906118000022,-12.607222082000021],[-69.365325869999992,-12.606996874000004],[-69.365813633000016,-12.606962177000014],[-69.36627209400001,-12.607061912999995],[-69.366728978000026,-12.607233641999983],[-69.367209993000017,-12.607297840000001],[-69.367682904999981,-12.607208803999981],[-69.368163168000024,-12.607254975999979],[-69.368652240000017,-12.607265317999975],[-69.369117659999972,-12.607518258000027],[-69.369445562999999,-12.607876329000021],[-69.369590130999995,-12.608338568000022],[-69.369872574999988,-12.608731694000028],[-69.37029253999998,-12.609019683999975],[-69.370513297000002,-12.609456524999985],[-69.370627692000028,-12.609936130999984],[-69.370780673000013,-12.610380541999973],[-69.370948349000003,-12.610834265999983],[-69.371100936000005,-12.611296674000016],[-69.371215531000018,-12.611767283999995],[-69.371421199999986,-12.612212806999992],[-69.371803571999976,-12.612490999999977],[-69.372184566999977,-12.612832190999995],[-69.372436092999976,-12.613224662999983],[-69.372528333999981,-12.613721810000015],[-69.372467485000016,-12.614197715999978],[-69.372261364999986,-12.614661542000022],[-69.372008876999985,-12.615097376999984],[-69.371833326000001,-12.615525839999975],[-69.371734279000009,-12.616018940999993],[-69.371604900000023,-12.616484389999982],[-69.371482194999999,-12.616958984000007],[-69.371368096000026,-12.617406749999986],[-69.371269247999976,-12.617890853999995],[-69.371208192999973,-12.618375753000009],[-69.371215667999991,-12.618871108000008],[-69.371230568999977,-12.61939363099998],[-69.371268772000008,-12.61989864100002],[-69.371306974999982,-12.620403649000025],[-69.371314842000004,-12.620881005000001],[-69.371390844000018,-12.621386813000015],[-69.371681079999973,-12.621843134000017],[-69.372001850999993,-12.622318107000012],[-69.372047516000009,-12.622796263999987],[-69.371802833999993,-12.62324126599998],[-69.371589471999982,-12.623668921999979],[-69.371276689000013,-12.624031450000018],[-69.370865080999977,-12.624301848000016],[-69.370467575000021,-12.624608559000023],[-69.370116635999977,-12.624934263],[-69.369811672000026,-12.625305953999998],[-69.369567771999982,-12.625714952999999],[-69.369338364999976,-12.626142268000024],[-69.369209164999972,-12.626598710999986],[-69.369239933000017,-12.627076552000005],[-69.369216470000026,-12.627571251000006],[-69.368987258000004,-12.627989563000028],[-69.368682485000022,-12.628352252000013],[-69.36833193199999,-12.628659950999975],[-69.367942631000005,-12.628957823000007],[-69.367530853000005,-12.629183192000028],[-69.367301596999994,-12.629655519999972],[-69.367148688999976,-12.630147473000022],[-69.36699661199998,-12.630549409000025],[-69.367080815999998,-12.631046388000016],[-69.367100757000003,-12.631110157000023],[-69.360840268999993,-12.631118636999986],[-69.360852948999991,-12.640161615000011],[-69.351644426999997,-12.640173826000023],[-69.351656789000003,-12.649216807000016],[-69.324030192000009,-12.649251562000018],[-69.32397331300001,-12.604036466000025],[-69.342387820999988,-12.604013699000006],[-69.342332603999978,-12.598558361000016],[-69.340990191000003,-12.598463046999996],[-69.340978247999999,-12.589420019999977],[-69.342363837999983,-12.585927648999984],[-69.322258653999995,-12.585951151000017],[-69.322273810000013,-12.59236391799999],[-69.314740210000025,-12.592356732999974],[-69.314766046999978,-12.604047373000014],[-69.287144192000028,-12.604078187000027],[-69.287154258999976,-12.613121250999995],[-69.259531358999993,-12.613149228999987],[-69.259522260999972,-12.604106145000003],[-69.231900263999989,-12.604131243999973],[-69.231892140000014,-12.595088136000015],[-69.22268511499999,-12.595095860000015],[-69.222677321999981,-12.586052739000024],[-69.204263899000011,-12.58606722899998],[-69.204213987000003,-12.522765117999995],[-69.195009518000006,-12.522771852999995],[-69.195023110000022,-12.540858212999979],[-69.176612869999985,-12.540870751999989],[-69.176625198000011,-12.558957104000001],[-69.195036722999987,-12.558944546000021],[-69.195043537999993,-12.567987701999982],[-69.195050354999978,-12.577030853999986],[-69.185843949999992,-12.577037299999972],[-69.185850453,-12.586080449000008],[-69.179351467000004,-12.586084812000024],[-69.177744501000006,-12.586949118000007],[-69.173091080000006,-12.588998632000028],[-69.168018893999999,-12.591479901000014],[-69.158235778999995,-12.595141056999978],[-69.139821636000022,-12.595151112999986],[-69.139826531999972,-12.604194269000004],[-69.093789489000017,-12.604213875000028],[-69.071426280000026,-12.586390730000005],[-69.066162599999984,-12.586135465999973],[-69.066160567999987,-12.578186589999973],[-69.060147896999979,-12.57818794100001],[-69.061314598000024,-12.577093374000015],[-69.047747368999978,-12.577095980000024],[-69.047745704000022,-12.568052781000006],[-69.038539562999972,-12.568054157000006],[-69.038535534000005,-12.540924517000008],[-69.038534192999975,-12.53188129199998],[-68.955690460000028,-12.531879432999972],[-68.954466400000001,-12.535472656000024],[-68.950027116999991,-12.538056848999986],[-68.946483734000026,-12.540920871000026],[-68.909663027000022,-12.540910567000026],[-68.909665758000017,-12.533079853000004],[-68.90800819399999,-12.533651942999995],[-68.906877479999991,-12.533821282000019],[-68.904334123000012,-12.534345502999997],[-68.901314748000004,-12.534911208999972],[-68.899031933999993,-12.535364630000004],[-68.895596252000018,-12.53439591099999],[-68.893084547000001,-12.533770451999999],[-68.891256478000003,-12.531860307999978],[-68.882051631000024,-12.531856313999981],[-68.882055741999977,-12.522813097999972],[-68.872851221000019,-12.522808793000024],[-68.872860070999991,-12.504722350000009],[-68.863656192000008,-12.504717733999996],[-68.863660175000007,-12.497121423999999],[-68.853720278000026,-12.497116086000005],[-68.853730438000014,-12.479029621999985],[-68.881339350000019,-12.479043518000026],[-68.889498473000003,-12.478298569999993],[-68.892824272999974,-12.480677304999972],[-68.895396582999979,-12.483758625000007],[-68.898196521999978,-12.487771774000009],[-68.900416462999999,-12.490755128999979],[-68.901996105000023,-12.492302461999998],[-68.909675617000005,-12.504737663000014],[-68.909681894000016,-12.486651172999984],[-68.909685028000013,-12.477607916000011],[-68.909694408999997,-12.450478112999974],[-68.928098363999993,-12.45048385299998],[-68.928100847999985,-12.441440569000008],[-68.955705833000025,-12.441446825000014],[-68.955704303000005,-12.45049011499998],[-68.983310249999988,-12.450493553000001],[-68.983310824,-12.441450260000011],[-69.010915812999997,-12.441450877000023],[-69.010915430000011,-12.432407576999992],[-69.066123474999984,-12.432400356000016],[-69.066116607000026,-12.405270437000013]],[[-70.494741056000009,-12.845670876999975],[-70.494377622999991,-12.845676833000027],[-70.494203081000023,-12.845544661000019],[-70.494034827000007,-12.845494721000023],[-70.493423091000011,-12.844844582999997],[-70.493142874,-12.844837770000026],[-70.493010303000005,-12.844885894000015],[-70.492655882000008,-12.845356738000021],[-70.492553960000009,-12.845649591999972],[-70.492620316999989,-12.846090021000009],[-70.492693605999989,-12.846268966000025],[-70.492694652000012,-12.846898798999973],[-70.492600827999979,-12.847267998999996],[-70.492454626999972,-12.847489049999979],[-70.492085300999975,-12.847854841000014],[-70.491931308000005,-12.847895224000013],[-70.491622439000025,-12.847858104000011],[-70.490808776999984,-12.847572798999977],[-70.490470308999988,-12.847375107999994],[-70.490395792000015,-12.847253308000006],[-70.490055283000004,-12.846959259000016],[-70.489901440999972,-12.84657248100001],[-70.489500394000004,-12.846089468999992],[-70.489369404000001,-12.846046636999972],[-70.488875451000013,-12.846026655000003],[-70.48851016499998,-12.846312413000021],[-70.488420050000002,-12.846436321999988],[-70.488259758000027,-12.847738771000024],[-70.488107502999981,-12.848153047999972],[-70.487779606999993,-12.848561903000018],[-70.487154568999983,-12.848969726000007],[-70.485965478000026,-12.849424408000004],[-70.48512636800001,-12.850264482],[-70.484339595999984,-12.850306898999975],[-70.482794811000019,-12.849781613000005],[-70.480894861000024,-12.84933642499999],[-70.480424509999978,-12.849383284999988],[-70.479997480999998,-12.849653921000026],[-70.479836682999974,-12.850216505999981],[-70.479834066000024,-12.851075445999982],[-70.479767416000016,-12.851541580999992],[-70.479757254999981,-12.852040579000004],[-70.479620699000009,-12.852904431000013],[-70.479617759999996,-12.853330701000004],[-70.479692252999996,-12.853511993999973],[-70.47971770800001,-12.854003917999989],[-70.480631635000009,-12.855312421000008],[-70.480732690000025,-12.855717672000026],[-70.480727221999985,-12.856561259999978],[-70.480568515000016,-12.857072485000003],[-70.480264670999986,-12.857564638999975],[-70.479829101000007,-12.858077784999978],[-70.479392308999991,-12.858288356999992],[-70.479143056999987,-12.858317064000005],[-70.478583216000004,-12.858236955999985],[-70.477898159999995,-12.857684651],[-70.477445064999984,-12.857455677000019],[-70.47734583099998,-12.857471241999974],[-70.477081799000018,-12.857808036999984],[-70.477043159999994,-12.857944492000001],[-70.477311093000026,-12.859597373999975],[-70.477273044000015,-12.860197056000004],[-70.477022605000002,-12.861062546000028],[-70.476133090000019,-12.863395357000002],[-70.475995020000028,-12.863892089999979],[-70.475761981000005,-12.864394419000007],[-70.475577433000012,-12.865326164999999],[-70.475585955999975,-12.865790791999984],[-70.475699410999994,-12.866331584000022],[-70.476144252999973,-12.867148047000001],[-70.476649657999985,-12.867748106000022],[-70.477817137999978,-12.868478863999997],[-70.479392038000015,-12.86967407100002],[-70.479703113000028,-12.870161489999987],[-70.479754951000018,-12.870642234000002],[-70.479703208999979,-12.871058113000004],[-70.479613265000012,-12.871259948999977],[-70.47941337200001,-12.871458609000001],[-70.479281433999972,-12.871523631000002],[-70.479022751999992,-12.871564415000023],[-70.477843641999982,-12.871478127999978],[-70.477564756999982,-12.871499769000025],[-70.477267317999974,-12.871641027999999],[-70.477094908000026,-12.871938523999972],[-70.477091062999989,-12.87235214399999],[-70.477130939000006,-12.872537154999975],[-70.477555784999993,-12.873287462999997],[-70.477852889000019,-12.87365463499998],[-70.478036782000004,-12.873807646999978],[-70.478462771000011,-12.874861882000005],[-70.478785754,-12.875807672000008],[-70.478918656000019,-12.875938458000007],[-70.479146716000002,-12.876347153999973],[-70.479646020000018,-12.876766337999982],[-70.480269046999979,-12.876928802999998],[-70.480662019000022,-12.876940052999998],[-70.481025824000028,-12.877005257000008],[-70.481632350999973,-12.877213734999998],[-70.482451734999984,-12.878049402999977],[-70.483600002000003,-12.878949380999984],[-70.483840308000026,-12.879276365999999],[-70.484030555000004,-12.879740323000021],[-70.484115868000004,-12.880269876],[-70.484069508999994,-12.880409268999983],[-70.482935912000016,-12.881660721999992],[-70.482892289999995,-12.881811401999983],[-70.482867887999987,-12.882315628000015],[-70.482942118999972,-12.88249682899999],[-70.483271854000009,-12.882736971999975],[-70.483882838,-12.882980132],[-70.484334046000015,-12.883302488000027],[-70.484494187999985,-12.884614688999989],[-70.484322238000004,-12.885803834000001],[-70.484176468999976,-12.886368597000001],[-70.483883607999985,-12.886914486000023],[-70.483684707000009,-12.887188539000022],[-70.483417746999976,-12.887454027999979],[-70.482731317999992,-12.887922046000028],[-70.480595373000028,-12.889063449999981],[-70.480311314000005,-12.889274161000003],[-70.479642743999989,-12.889960574999975],[-70.479439162000006,-12.890505953000002],[-70.479448273999992,-12.890896537000003],[-70.479556973000001,-12.891392146999976],[-70.479808552999998,-12.89177005800002],[-70.480212283000014,-12.892227838999986],[-70.480757128999983,-12.892518659000018],[-70.482035189999976,-12.892882263999979],[-70.482765633999975,-12.893016896999995],[-70.483886824000024,-12.893124451000006],[-70.485199207999983,-12.893416247000005],[-70.486996388000023,-12.89408000100002],[-70.488159611000015,-12.894594654999992],[-70.489052276999985,-12.895217247000005],[-70.490051796999978,-12.896408314999974],[-70.490688566000017,-12.897061741000016],[-70.491057916999978,-12.897358144999998],[-70.491359605000014,-12.897526293999988],[-70.492122019000021,-12.897812686000009],[-70.492549326000017,-12.897889711999994],[-70.493937374999973,-12.898022097000023],[-70.494282289000012,-12.898128793000012],[-70.494756316000007,-12.898546911999972],[-70.495133633000023,-12.899035733999995],[-70.495133475999978,-12.899412715999972],[-70.495000800000014,-12.899944409],[-70.494599232999974,-12.900307320000024],[-70.494203374999984,-12.900561534000019],[-70.492762672000026,-12.901197355000022],[-70.492493973000023,-12.901315269999998],[-70.492438864999997,-12.901392552999994],[-70.492417816999989,-12.901430401000027],[-70.492393316000005,-12.901605937999989],[-70.492395735000002,-12.901687603000028],[-70.492483083000025,-12.901933633999988],[-70.492655773000024,-12.902025853999987],[-70.492764962000024,-12.902210016000026],[-70.493079091000027,-12.902408012000024],[-70.493887039000015,-12.902506732000006],[-70.494284490999974,-12.902660405999995],[-70.494466434999993,-12.90277463000001],[-70.495222687000023,-12.903509353000004],[-70.496048565000024,-12.904903252999986],[-70.496200514000009,-12.905303591999996],[-70.50298739599998,-12.928080543000021],[-70.594962247000012,-12.933845841999982],[-70.595076731000006,-12.933315665999999],[-70.595130261000008,-12.932820533999973],[-70.595130397999981,-12.932126084000004],[-70.595030871999995,-12.931249572000013],[-70.594809809000026,-12.930389041000012],[-70.59439789999999,-12.929597435000005],[-70.593863665000015,-12.928866891999974],[-70.593428797999991,-12.928237234999983],[-70.592902491000018,-12.927578976999996],[-70.592330527999991,-12.926739569000006],[-70.591826930000025,-12.925901317000012],[-70.59166641500002,-12.925258265000025],[-70.591605324999989,-12.924680025999976],[-70.591675630999987,-12.924024608000025],[-70.591368043999978,-12.924093427000003],[-70.590830573999995,-12.924049240999977],[-70.590302741000016,-12.92379490899998],[-70.590021911999997,-12.923587166000004],[-70.589347146000023,-12.922890317999986],[-70.589083234999976,-12.922516224999981],[-70.588857222000001,-12.922042641000019],[-70.588726993000023,-12.921501762999981],[-70.588740529999995,-12.920844025999997],[-70.58900384399999,-12.920133244999988],[-70.589196259000005,-12.919796873999985],[-70.589928828999973,-12.919027369999981],[-70.590835469000012,-12.917863296999997],[-70.591519108999989,-12.917401896000001],[-70.592785509000009,-12.915990554000018],[-70.59324488499999,-12.914926197999989],[-70.593668017000027,-12.914134434999994],[-70.593738117999976,-12.913780998999982],[-70.593735234000007,-12.913325767000003],[-70.593648202999987,-12.912912543000004],[-70.593398275000027,-12.912315173000025],[-70.592667855000002,-12.91114958899999],[-70.591777635000028,-12.910200035999992],[-70.590683049000006,-12.909487393000006],[-70.590535709999983,-12.909212480999997],[-70.590510133999999,-12.908781975000011],[-70.590771808,-12.908047156000009],[-70.590653599000007,-12.907875934999993],[-70.590348901000027,-12.906659027999979],[-70.590343846999986,-12.905174251999995],[-70.58987178000001,-12.903879893999999],[-70.589690626999982,-12.903721440000027],[-70.589008841999998,-12.903581667000026],[-70.588722818000008,-12.903612966000026],[-70.588472419000027,-12.903711034000025],[-70.58764557500001,-12.904299490000028],[-70.587709151000013,-12.904736184000001],[-70.58748607299998,-12.907850527999983],[-70.587026019999996,-12.909043879000023],[-70.58620172000002,-12.910784004999982],[-70.585633541999982,-12.911623555999995],[-70.585137029999999,-12.912005700999998],[-70.584328922999987,-12.912296804999983],[-70.583615511000005,-12.912289556000019],[-70.582737641999984,-12.912053688000015],[-70.581657525000026,-12.911441711999998],[-70.580597812000008,-12.910570974999985],[-70.579510115000005,-12.909292880999999],[-70.578721100999985,-12.907795476999979],[-70.578588807000017,-12.906890831999988],[-70.578274609999994,-12.905648649999989],[-70.57827037200002,-12.904870061999986],[-70.578582562000008,-12.90328021800002],[-70.578751479999994,-12.902238336999972],[-70.578977333000012,-12.901737426000011],[-70.579101637000008,-12.901604148999979],[-70.579279663000023,-12.901044766999973],[-70.579355154999973,-12.900489890000017],[-70.579486525999982,-12.900087722000023],[-70.579420439999978,-12.899644982999973],[-70.578942207000011,-12.898972852999975],[-70.578038848000006,-12.898234495999986],[-70.577197020000028,-12.897712542000022],[-70.575695743999972,-12.897288479999986],[-70.574962654999979,-12.896927859000016],[-70.574236140999972,-12.896365874000026],[-70.573598639000011,-12.895595975999981],[-70.573361639999973,-12.89518418199998],[-70.573022005999974,-12.893845683999984],[-70.57296218800002,-12.893046724999977],[-70.573036385000023,-12.892665696999984],[-70.573201304999998,-12.892278517000022],[-70.573405161999972,-12.892091158000028],[-70.573968791000027,-12.891761158000008],[-70.573899100999995,-12.891668100000004],[-70.573629896999989,-12.890702439999984],[-70.573596844000008,-12.889998784999989],[-70.573624315000018,-12.889926933000027],[-70.572885966999991,-12.889280851000024],[-70.57258114199999,-12.888777618000006],[-70.572428491999972,-12.888325991999977],[-70.57203701200001,-12.887594927000009],[-70.571837617000028,-12.887418849000028],[-70.571403449000002,-12.887318943000025],[-70.570971295999982,-12.887424139000018],[-70.570523201000015,-12.887455122000006],[-70.570358904999978,-12.887365977999991],[-70.570114236999984,-12.88733318300001],[-70.568722456999978,-12.886872077000021],[-70.56673003100002,-12.885840422000001],[-70.566622664000022,-12.885333016000004],[-70.565328092000016,-12.88516574099998],[-70.564181062999978,-12.884911880000004],[-70.561835297000016,-12.884103504999985],[-70.559999203000018,-12.883773184000006],[-70.558447440999998,-12.883124576],[-70.557666883000024,-12.882035733000009],[-70.556446844999982,-12.879848687999981],[-70.556236032000015,-12.879148432000022],[-70.556291674000022,-12.878429777000008],[-70.556479684999999,-12.877943481999978],[-70.557263456999976,-12.876855372000023],[-70.557937546999995,-12.876135934999979],[-70.558595620999995,-12.875732543000026],[-70.559707192000019,-12.875564473999987],[-70.560669543000017,-12.87531502600001],[-70.561113372000023,-12.875119107999978],[-70.561599606000016,-12.874732460000018],[-70.562212972999987,-12.873941236999997],[-70.562439267000002,-12.873464472000023],[-70.562700483000015,-12.872214396000004],[-70.562674173999994,-12.871656238000014],[-70.562514019999981,-12.870820535000007],[-70.562325057999999,-12.870317046000025],[-70.561906360000023,-12.869525823999993],[-70.561763229999997,-12.869355910000024],[-70.561505386000022,-12.869186044999992],[-70.561280165000028,-12.869135950999976],[-70.559755188999986,-12.869511779999982],[-70.559060710999972,-12.869448831999989],[-70.557897249999996,-12.869475996000006],[-70.557135415000005,-12.869352514000013],[-70.556264584000019,-12.868870607000019],[-70.55577668799998,-12.868374576999997],[-70.555516628000021,-12.868203094000023],[-70.555160662999981,-12.868078464000007],[-70.554134753000028,-12.867923270000006],[-70.553949542999987,-12.867846983999982],[-70.552961283999991,-12.867027387000007],[-70.552456192000022,-12.866415382000014],[-70.552323729000022,-12.866345470999988],[-70.552100231999987,-12.866335764999974],[-70.551741373000027,-12.866563529000018],[-70.551204192,-12.867311428999983],[-70.550760441000023,-12.867699704000017],[-70.550661101999992,-12.867907672000001],[-70.550660855999979,-12.868107368999972],[-70.55072955899999,-12.868267061999973],[-70.551345222000009,-12.86883448399999],[-70.551581551000027,-12.869268006000027],[-70.551676859999986,-12.86978344900001],[-70.551494177999984,-12.870223155000019],[-70.551256849000026,-12.87045146600002],[-70.550860493000016,-12.870681440999988],[-70.549471516999972,-12.870987704000015],[-70.548876244999974,-12.871295512000017],[-70.548730050000017,-12.871316080999975],[-70.548080493999976,-12.871186394999995],[-70.547713111999997,-12.870898196999974],[-70.547553913000002,-12.870525690000022],[-70.54743634099998,-12.869668928999999],[-70.547257745000024,-12.869108682999979],[-70.546854990999975,-12.868354943999975],[-70.546431482999992,-12.867732769999975],[-70.546169917999975,-12.867525211999975],[-70.545930892000001,-12.867462529000022],[-70.545505253999977,-12.867530035000016],[-70.54526413100001,-12.867711265000025],[-70.545037942000022,-12.868706739000004],[-70.544726267999977,-12.869464961999995],[-70.544812829000023,-12.869998722999981],[-70.544746999999973,-12.871346721000009],[-70.544566042999975,-12.871919936999973],[-70.544275495000022,-12.872472101000028],[-70.544269645999975,-12.872660170000017],[-70.544751861000009,-12.873148929000024],[-70.545107728000005,-12.873287134999998],[-70.54540760499998,-12.873265027000002],[-70.54668092899999,-12.872893020999982],[-70.547031948999972,-12.872886882999978],[-70.548189302000026,-12.873317138999994],[-70.548570435999977,-12.873668355999996],[-70.548938453000005,-12.874254601000018],[-70.549076389999982,-12.874584563999974],[-70.549108767000007,-12.874860366000007],[-70.548971791999975,-12.875572180999995],[-70.548800227000015,-12.876082784999994],[-70.548777158000007,-12.876692676000005],[-70.549222582000027,-12.877953939000008],[-70.549224974000026,-12.878343099000006],[-70.549148629000001,-12.878695122000011],[-70.548529782999992,-12.879608302000008],[-70.548257267999986,-12.880201044999978],[-70.548168470999997,-12.880641098000012],[-70.548231713000007,-12.881201212999997],[-70.548441302000015,-12.881615004000025],[-70.548794158000021,-12.88198085099998],[-70.549678286000017,-12.882400867000001],[-70.550542631999974,-12.883214877],[-70.550872797000011,-12.883366152000008],[-70.551713624999991,-12.883486829999981],[-70.552307994999978,-12.883672606999994],[-70.552595743999973,-12.883848720999993],[-70.55287797699998,-12.884146545000021],[-70.552982040000018,-12.884361172000013],[-70.552966470000001,-12.884959988999981],[-70.552867069999991,-12.885218311000017],[-70.552681360999998,-12.885421909000002],[-70.552371511999979,-12.885621995000008],[-70.551741680000021,-12.885888792000003],[-70.551399874000026,-12.885852668999974],[-70.55140095500002,-12.885743730000002],[-70.551510575999998,-12.885573850000014],[-70.552603402999978,-12.885092317999977],[-70.552657538999995,-12.884696041999973],[-70.55254159399999,-12.884392348999995],[-70.552176293000002,-12.884027125999978],[-70.551903474000028,-12.883866291000004],[-70.550321622000013,-12.883596680999972],[-70.549898590999987,-12.883403105000014],[-70.549542292000012,-12.88312252999998],[-70.549151413000004,-12.882612538999979],[-70.54882425400001,-12.882320037],[-70.548203979999982,-12.882176981999976],[-70.547825574000001,-12.881731914],[-70.547647282000014,-12.881327698999996],[-70.547515426000018,-12.880397528999993],[-70.547545061999983,-12.880046508000021],[-70.547779848999994,-12.879521699000009],[-70.548127756999975,-12.87903735499998],[-70.548443926999994,-12.878291217000026],[-70.548524563000001,-12.877362774000005],[-70.548338086999991,-12.876255648999972],[-70.548399415999995,-12.875679070999979],[-70.548579067999981,-12.875089498000023],[-70.548585703000015,-12.874654358999976],[-70.548493510000014,-12.874330997000015],[-70.548347471,-12.874091394000004],[-70.547933334999982,-12.873662717999991],[-70.547201445999974,-12.873450708000007],[-70.546369130000016,-12.873480208999979],[-70.545201441000017,-12.873799428999973],[-70.544775727000001,-12.873781327000017],[-70.543879100000026,-12.873314893999975],[-70.543307255000002,-12.873101480999992],[-70.542356626000014,-12.872994977000019],[-70.541806587999986,-12.87285158200001],[-70.541160289000004,-12.872471628000028],[-70.540530336000018,-12.871568965999984],[-70.540311298999995,-12.870781141000009],[-70.540227460999972,-12.870027956999991],[-70.540280671000005,-12.869597607000003],[-70.540664590999995,-12.868325120000009],[-70.540806331999988,-12.867635700999983],[-70.540918721000025,-12.866394733999982],[-70.540811061999989,-12.864772750999975],[-70.540856598999994,-12.863689205000014],[-70.540926281999987,-12.863331258000017],[-70.541284127999972,-12.86231729299999],[-70.541351812000016,-12.861843103000012],[-70.541775469000015,-12.861286182000015],[-70.542004550999991,-12.861080075000018],[-70.542469965000009,-12.860798271000021],[-70.543021094999972,-12.860611697000024],[-70.543444455999975,-12.860550264999972],[-70.544406931000026,-12.860628132999977],[-70.545121495999979,-12.860846042999981],[-70.545771420999984,-12.860859573000027],[-70.546302568999977,-12.860359868999979],[-70.546307477000028,-12.859942456999988],[-70.54616693600002,-12.859440473999996],[-70.545971237000003,-12.859109041000011],[-70.545754828999975,-12.858901758999991],[-70.544871038999986,-12.858536771999979],[-70.54428477099998,-12.858174006000013],[-70.543836852000027,-12.858091030000026],[-70.54287597199999,-12.858212576000028],[-70.542214231000003,-12.858375120999995],[-70.540690116000007,-12.858888692999983],[-70.539449482999999,-12.859460259000002],[-70.538787203000027,-12.859535562000019],[-70.537883471999976,-12.859526394],[-70.537038686000017,-12.859301995999999],[-70.53641374099999,-12.858971531000009],[-70.536016034999989,-12.858661159999997],[-70.535167736999995,-12.857706690999976],[-70.534616685000003,-12.857344871999999],[-70.534134637000022,-12.857300500000008],[-70.533712292000018,-12.857377460999999],[-70.532530945000019,-12.857973416999982],[-70.531927178999979,-12.857837091000022],[-70.531556027000022,-12.857619762000013],[-70.531093235000014,-12.857195405000027],[-70.530700525999976,-12.856309587999988],[-70.530023040999993,-12.855577756000002],[-70.529824331999976,-12.855186570000001],[-70.529720839999982,-12.854832527999974],[-70.529693806000012,-12.854369555999995],[-70.529817352000009,-12.854033895999976],[-70.530074452000008,-12.853630110999973],[-70.530632131000004,-12.853049915999975],[-70.531277131000024,-12.852192850999984],[-70.531522440999993,-12.851744743999973],[-70.53158795600001,-12.851274816],[-70.531527416000017,-12.850802278000003],[-70.531329079999978,-12.850137715000017],[-70.530432855000015,-12.849552526000025],[-70.529930008000008,-12.84905309200002],[-70.52980052700002,-12.848529966000001],[-70.529786068000021,-12.848043959999984],[-70.529862689000026,-12.847703059000025],[-70.530004055999996,-12.847434917999976],[-70.530843187000016,-12.846900635999987],[-70.531480500999976,-12.846815106999998],[-70.532240527999988,-12.846865546999993],[-70.533047735000025,-12.846764832000019],[-70.533416013000021,-12.846480809000013],[-70.533622202999993,-12.846176848000027],[-70.533719829000006,-12.845806354999979],[-70.533625769000025,-12.845351731999983],[-70.533412202000022,-12.844880085999989],[-70.532801333000009,-12.844068499000002],[-70.532541835000018,-12.843830990000015],[-70.532000583000013,-12.843484201000024],[-70.531392418999985,-12.843285427000012],[-70.530073463999997,-12.843268975000001],[-70.529651387000001,-12.843188714000007],[-70.52918007300002,-12.842995465999991],[-70.52873533799999,-12.842539223000017],[-70.528493294999976,-12.842540677999978],[-70.497997904999977,-12.842722078000008],[-70.497722420000002,-12.842723698999976],[-70.497672294999973,-12.842812270000024],[-70.496383750000007,-12.844231437000019],[-70.495610806000002,-12.845408098000007],[-70.495274348000009,-12.845581687999982],[-70.494741056000009,-12.845670876999975]],[[-70.45432181000001,-12.644415137999999],[-70.421770712000011,-12.655002878999994],[-70.483249881999996,-12.795008458999973],[-70.483570638999993,-12.794572098999993],[-70.483913508000001,-12.794280404999995],[-70.484279755999978,-12.793998127000009],[-70.484699347000003,-12.793815957999982],[-70.485103759000026,-12.793615493999994],[-70.485500777000027,-12.793378831999973],[-70.485790803999976,-12.793023100000028],[-70.486065329999974,-12.792667105000021],[-70.486423695999974,-12.792375669000023],[-70.486767294000003,-12.792074963000005],[-70.48711031800002,-12.791774245999989],[-70.487446453000018,-12.791473408999991],[-70.487789637999981,-12.791163675999996],[-70.488125195999999,-12.790862828999991],[-70.48846863,-12.790571133000014],[-70.488842583999997,-12.790307014000007],[-70.48919306800002,-12.790006420999987],[-70.489536659999999,-12.789705707999985],[-70.489849318999973,-12.789368391999972],[-70.490169693999974,-12.78904924599999],[-70.490429602999995,-12.788674956000023],[-70.490681058999996,-12.788291501999993],[-70.490917588999991,-12.787907792999988],[-70.491108510999993,-12.787505264000004],[-70.491306642999973,-12.787084825000022],[-70.491466883999976,-12.786663738000016],[-70.491635160999977,-12.786242782999977],[-70.49185634600002,-12.785849792000022],[-70.492123138000011,-12.785475615999985],[-70.492428163999989,-12.785147182000003],[-70.492779208999991,-12.784846591000019],[-70.493061749999981,-12.784490715999993],[-70.493305575000022,-12.784116145999974],[-70.493595417999984,-12.783769414000005],[-70.493908637000004,-12.783432100000027],[-70.494221121999999,-12.783103790999974],[-70.494579878000025,-12.782821362999982],[-70.49489268100001,-12.782475020999982],[-70.495106394000004,-12.782081897000012],[-70.495144665999987,-12.78164067900002],[-70.495121670000003,-12.781189395000013],[-70.494946065000022,-12.780762553999978],[-70.494778178999979,-12.780353880999996],[-70.494648660999985,-12.779918810000026],[-70.49451914399998,-12.779483743000014],[-70.494404711000016,-12.77903991300002],[-70.494374092999976,-12.77859751699998],[-70.494473215000028,-12.778157340999996],[-70.494763046000003,-12.777810606000003],[-70.495190322999974,-12.777646575999995],[-70.495609882999986,-12.77746437899998],[-70.495991526000012,-12.777218407000021],[-70.496281512999985,-12.776862655000002],[-70.49635766900002,-12.776422083999989],[-70.496250534000012,-12.775987396999994],[-70.49618218400002,-12.775535337999997],[-70.49612860000002,-12.775092549000021],[-70.496090260000017,-12.774631985999974],[-70.496037248999983,-12.774189207000006],[-70.495983823000017,-12.773737403999974],[-70.495983625000008,-12.773295528000006],[-70.496044435999977,-12.772845677000021],[-70.496067933999996,-12.772395189000008],[-70.496167048000018,-12.77195500900001],[-70.496289122000007,-12.771515222000005],[-70.496441458999982,-12.771084972999972],[-70.496639974000004,-12.770673546000012],[-70.496723585999973,-12.77023310300001],[-70.496723545000009,-12.769782211000006],[-70.496754340999985,-12.769340864000014],[-70.496807843999989,-12.768881867999994],[-70.496914661999995,-12.768622178999976],[-70.497112752000021,-12.768364045999988],[-70.49720579000001,-12.768242809000014],[-70.497070172999997,-12.767778953000004],[-70.497081653999999,-12.767507315999978],[-70.497192387999974,-12.767104572999983],[-70.497641320000014,-12.766590434000022],[-70.497869891999983,-12.766241174000015],[-70.498573512000007,-12.76458921599999],[-70.498841402999972,-12.764238739000007],[-70.499225701,-12.763839325999982],[-70.499308731999974,-12.763691135999977],[-70.499309040000014,-12.763352570999984],[-70.499195966999991,-12.762575561999995],[-70.499268320999988,-12.76230321700001],[-70.499263765000023,-12.76157675799999],[-70.499071050999987,-12.760866826999973],[-70.498976115999994,-12.760745682999982],[-70.498763515000007,-12.76061562000001],[-70.498298810999984,-12.760435280000024],[-70.497563832000026,-12.760262344000012],[-70.496897005999983,-12.759994727999981],[-70.496649321000007,-12.759850038000025],[-70.496159777999992,-12.759439213000007],[-70.495990751000022,-12.75935726900002],[-70.495695781999984,-12.759033665000004],[-70.495079088000011,-12.758597608999992],[-70.493903366999973,-12.758025128999975],[-70.493764499999997,-12.757935176999979],[-70.493644497999981,-12.757857444000024],[-70.493481399000018,-12.757686781000018],[-70.493389537999974,-12.757476386999997],[-70.493401579000022,-12.75731522000001],[-70.493549873999996,-12.757113505000007],[-70.494329341000025,-12.756801817999985],[-70.494584566000015,-12.75661586199999],[-70.494712470000024,-12.756282181000017],[-70.494783671999983,-12.755609172999982],[-70.494892074999996,-12.755389510999976],[-70.495039141000007,-12.755213931000014],[-70.495455053000001,-12.754913606000002],[-70.496133927000017,-12.754678964999982],[-70.496298405999994,-12.754566837000027],[-70.496404497000015,-12.754408936000004],[-70.49645572999998,-12.754225217999988],[-70.496431335000011,-12.753976473000023],[-70.496179648000009,-12.753603716999976],[-70.496151925999982,-12.753447112999993],[-70.496311778000006,-12.753174815000023],[-70.496661459999984,-12.75288942100002],[-70.496834383000021,-12.752679066999974],[-70.497064505000026,-12.752249973000005],[-70.497130734999985,-12.751891238999974],[-70.497022951000019,-12.751369676000024],[-70.496478690000004,-12.750467361999995],[-70.495952690000024,-12.749914262000004],[-70.495616731999974,-12.749744576000012],[-70.495264046999978,-12.749706157999981],[-70.494603686000005,-12.749766303000001],[-70.494160276999992,-12.74991544400001],[-70.493311602000006,-12.750530642000001],[-70.492472024999984,-12.750671076000003],[-70.491119228999992,-12.751323738999986],[-70.490733101999979,-12.751457363999975],[-70.490315048000014,-12.751501757000028],[-70.489324403000012,-12.751324178000004],[-70.488906020000002,-12.751343979000012],[-70.488679183999977,-12.751486377999981],[-70.488493359000017,-12.751744081000027],[-70.488102706999996,-12.752884918999996],[-70.487900664999984,-12.753141539000012],[-70.487723163999988,-12.753153022999982],[-70.487493156000028,-12.752942139000027],[-70.487299774000007,-12.752568322000002],[-70.486975679000011,-12.75143294999998],[-70.486655228000018,-12.750716577999981],[-70.486427210999977,-12.750025273000006],[-70.484859828000026,-12.748848334000002],[-70.483805453000002,-12.747974010999997],[-70.483292275999986,-12.747244584999976],[-70.483134085000017,-12.746870292999972],[-70.482975810000028,-12.746655567000005],[-70.482089170999984,-12.744483506999984],[-70.481877374000021,-12.744076334999988],[-70.481775688000027,-12.743757415000005],[-70.481736037000019,-12.741911217999984],[-70.48181622300001,-12.741398718000028],[-70.482007119999992,-12.74099959900002],[-70.482145826000021,-12.739908274000015],[-70.482187496999984,-12.739202524000007],[-70.482109223000009,-12.738047413000004],[-70.481900952999979,-12.737357979000024],[-70.481809263999992,-12.737301085000013],[-70.481297435999977,-12.736054016000026],[-70.480795155999999,-12.735229354000012],[-70.480496759999994,-12.734481478000021],[-70.480340582999986,-12.733785241000021],[-70.480469703999972,-12.732643795000001],[-70.480438346000028,-12.732286692000002],[-70.480637113,-12.730927253999994],[-70.48083692199998,-12.730350711000028],[-70.480905737,-12.729180219],[-70.480853635000017,-12.728247447000001],[-70.480687654000008,-12.727035687000011],[-70.480540549000011,-12.726473650000003],[-70.480417852000016,-12.726182236999989],[-70.480041963000019,-12.725567146000003],[-70.479650175000017,-12.725163236000014],[-70.478287604999991,-12.724272398999972],[-70.477735702000018,-12.723761706000005],[-70.477370335999979,-12.723148718999994],[-70.47712715900002,-12.722385809000002],[-70.477079862999972,-12.722237431999986],[-70.476984350000009,-12.722011770999984],[-70.47688817300002,-12.721257246999983],[-70.476755626999989,-12.71897481100001],[-70.476766037000004,-12.717971983999973],[-70.476838136000026,-12.717222488999994],[-70.476980394000009,-12.716454883999972],[-70.477683051999975,-12.714804790000017],[-70.477614613000014,-12.713910161999991],[-70.477340552999976,-12.713254898999992],[-70.477003106999973,-12.712833230999991],[-70.476765286999978,-12.712664684999993],[-70.476313360999995,-12.712446793000026],[-70.475909425999987,-12.712454284999978],[-70.474807288000022,-12.712301029999992],[-70.474357352000027,-12.712140621000003],[-70.473880925000003,-12.711841137000022],[-70.473455383999976,-12.711391746000004],[-70.473274908999997,-12.711138349000009],[-70.472976000000017,-12.710323200000005],[-70.472775529999979,-12.708836881000025],[-70.472524017000012,-12.707888840999999],[-70.47217761600001,-12.706900648999977],[-70.471897710999997,-12.705770149999978],[-70.471845379000001,-12.704901103999987],[-70.471948182999995,-12.704156319999981],[-70.471956728999999,-12.703769159999979],[-70.472422594000022,-12.70098978499999],[-70.472777625999981,-12.699560137999981],[-70.473227432999977,-12.698375509000016],[-70.474577493000027,-12.696102012999972],[-70.476510841999982,-12.693348475999983],[-70.477500248000013,-12.691804735000005],[-70.478575513999999,-12.689537004999977],[-70.478685457999973,-12.689091329000007],[-70.47911264999999,-12.688015753999991],[-70.479439066999987,-12.686821135000002],[-70.479804849000004,-12.686018201000024],[-70.480162210999993,-12.685494845999983],[-70.48271620700001,-12.682218537999972],[-70.483578706000003,-12.680666538000025],[-70.483900338000012,-12.679445634999979],[-70.483928468999977,-12.678405189999978],[-70.483755375999976,-12.677658237000003],[-70.483402531000024,-12.676795301000027],[-70.482965114000024,-12.676114822999978],[-70.482420801999979,-12.675465225999972],[-70.481156092999981,-12.674635935000026],[-70.480823547999989,-12.674351834999982],[-70.48015768800002,-12.674288821000005],[-70.478739607000023,-12.673874968999996],[-70.478105516000028,-12.673828861999993],[-70.477378671999986,-12.673695753999993],[-70.476462276999996,-12.673614595999993],[-70.474061568000025,-12.673624926000002],[-70.472937423000019,-12.673457756000005],[-70.471011761,-12.672482177999996],[-70.470846861999973,-12.672354082000027],[-70.470581564999975,-12.672026201999984],[-70.470368812999993,-12.671950261000006],[-70.469676311000001,-12.671140981999997],[-70.469197849000011,-12.670182614999987],[-70.469067114999973,-12.669782028999975],[-70.468927425000004,-12.66905548699998],[-70.468902172000014,-12.667025573999979],[-70.469081764000009,-12.666280003999987],[-70.46967085,-12.664693935000003],[-70.469886798999994,-12.663978991000022],[-70.47010175600002,-12.662753715000008],[-70.470195907000004,-12.662426649999986],[-70.47128922600001,-12.660534304000009],[-70.471574122999982,-12.659642326999972],[-70.471693768000023,-12.658479143000022],[-70.471926838000002,-12.657251595999981],[-70.471986961000027,-12.65656201500002],[-70.471976316999985,-12.656086540999979],[-70.471776653000006,-12.655593036000027],[-70.47155193399999,-12.655226238000012],[-70.471271258000002,-12.654878100000019],[-70.470888404999982,-12.654548515999977],[-70.470123623999996,-12.654034534999994],[-70.468844842999999,-12.653551950999997],[-70.467719740000007,-12.653346150999994],[-70.46656714400001,-12.653274930000009],[-70.46498752399998,-12.65324745700002],[-70.463472089999982,-12.653287700000021],[-70.463020276000009,-12.653181512000003],[-70.461704080999993,-12.651719553000021],[-70.461291859000028,-12.651387311999997],[-70.458916944999999,-12.650037907000012],[-70.457703267999989,-12.649551475999999],[-70.45727365800002,-12.649236138999981],[-70.456234553999991,-12.648589539],[-70.455828082999972,-12.64819804199999],[-70.455268221999972,-12.647560211999973],[-70.454743114999985,-12.646734595999988],[-70.45455434500002,-12.646288206999998],[-70.454336542000021,-12.645575819999976],[-70.454316332000019,-12.644444858999975],[-70.45432181000001,-12.644415137999999]],[[-69.886743846999991,-12.648288298000011],[-69.886858616999973,-12.650006218999977],[-69.887031981999996,-12.650932656999998],[-69.887101918999974,-12.651959444999989],[-69.886933422000027,-12.653349892999984],[-69.88671100800002,-12.65467288100001],[-69.886338396999975,-12.655700685999989],[-69.885715729000026,-12.657088934000001],[-69.884957799000006,-12.658134295000025],[-69.884249484000009,-12.659176144000014],[-69.883918286999972,-12.659586493999996],[-69.883416829999987,-12.660105192000003],[-69.882329841000001,-12.660930823000001],[-69.88165839200002,-12.661554070000022],[-69.881457463000004,-12.66174057500001],[-69.881547859000023,-12.689035445000002],[-69.966533946000027,-12.688735731000008],[-69.96641176899999,-12.655886441000007],[-69.966401055999995,-12.65502238900001],[-69.966385924999997,-12.655029827000021],[-69.966001257000016,-12.655287382999973],[-69.965645441999982,-12.655601979999972],[-69.964970977999997,-12.656296500999986],[-69.964318408999986,-12.657182635000026],[-69.963447669000004,-12.658209526000007],[-69.962347592000015,-12.659348009999974],[-69.961954546000015,-12.659805329999983],[-69.960720729000002,-12.661109669999973],[-69.959121136000022,-12.662683689000005],[-69.958107439999992,-12.663488101999974],[-69.957480523000015,-12.664078904999997],[-69.954954950000001,-12.66631458400002],[-69.954359264000004,-12.666689612000027],[-69.953715234000015,-12.667015805000005],[-69.951335927000002,-12.667886656000007],[-69.949685499999987,-12.668666909000024],[-69.948923029000014,-12.668966658999977],[-69.948756075999995,-12.669066444999999],[-69.948462875000018,-12.669316690000016],[-69.948044755000012,-12.669801930000006],[-69.947817826000005,-12.67026858700001],[-69.947628346999977,-12.670477410999979],[-69.947327472999973,-12.671243444000027],[-69.947215706999998,-12.671649650999996],[-69.947166372000027,-12.672055184999977],[-69.947200924000015,-12.672459876999994],[-69.947421010000028,-12.673579684000003],[-69.947370007000018,-12.674131794000004],[-69.947292978000007,-12.67424446299998],[-69.947085146999996,-12.674921822999977],[-69.946761702000003,-12.675611890000027],[-69.946494470999994,-12.67598908399998],[-69.94622203900002,-12.676254804999985],[-69.945693242999994,-12.676574333000019],[-69.94522514800002,-12.676747433000003],[-69.944494801000019,-12.67695130300001],[-69.942940625999995,-12.677207365000015],[-69.942109033000008,-12.677226132999976],[-69.941658645000018,-12.67728261100001],[-69.94065939699999,-12.677287046999993],[-69.939015056000017,-12.677216262000002],[-69.93700435400001,-12.67683462399998],[-69.936591673999999,-12.676726574999975],[-69.934553675000018,-12.675928892000002],[-69.934167982000019,-12.675720739999974],[-69.933489918000021,-12.67541423900002],[-69.932808148999982,-12.675000325999974],[-69.932396711000024,-12.674802385000021],[-69.931745707000005,-12.674542352000003],[-69.930748010000002,-12.67428705399999],[-69.930243400999984,-12.674119727999994],[-69.929799687000013,-12.673933561000013],[-69.929061954000019,-12.673473902000012],[-69.928742306000004,-12.673192357999994],[-69.928402973999994,-12.672814131999985],[-69.927855921999992,-12.672114815999976],[-69.927301824999972,-12.671197068000026],[-69.926837780000028,-12.670148347000008],[-69.926749257999973,-12.669835524000007],[-69.926699327999984,-12.669524828000021],[-69.926684559000023,-12.668214850000027],[-69.926770031999979,-12.667403831999991],[-69.926856785999973,-12.666998351000018],[-69.92722480499998,-12.66581236799999],[-69.927409329,-12.665374808000024],[-69.927975000999993,-12.664353604999974],[-69.928264832000025,-12.663981778999982],[-69.928999619000024,-12.663356303],[-69.929350392000003,-12.663108229999978],[-69.930637142000023,-12.66238488800002],[-69.931936340999982,-12.661769553999989],[-69.932727767000017,-12.661429515000009],[-69.933148964999987,-12.661202891000016],[-69.934346319999975,-12.660768473000019],[-69.934852676999981,-12.660613343000023],[-69.935673489999999,-12.660227889999987],[-69.936381321999988,-12.659744181000008],[-69.936755720000008,-12.659437242000024],[-69.937360087000002,-12.658737700000017],[-69.937627270000007,-12.658272446000012],[-69.937658187000011,-12.658089593999989],[-69.937775826000006,-12.657851189999974],[-69.938178350999976,-12.656649701999982],[-69.938281286999995,-12.656243440000026],[-69.938540960000012,-12.654127566],[-69.938534534999974,-12.653780550000022],[-69.938421335999976,-12.653141670000025],[-69.938332230000015,-12.652923251999994],[-69.937899774000016,-12.652104289000022],[-69.937437758999977,-12.651385523999977],[-69.936273174999997,-12.649933916999998],[-69.935138859999995,-12.648826433000011],[-69.934541830000001,-12.648399745000006],[-69.933649574000015,-12.648044073999984],[-69.932798304000016,-12.647892973000012],[-69.932475301000011,-12.647870953999984],[-69.931613728999992,-12.647976771999993],[-69.930917508999983,-12.648127131000024],[-69.930529723000006,-12.648243771000011],[-69.930146562999994,-12.648289775000023],[-69.928850124999997,-12.648581831999991],[-69.928379686000028,-12.648733747999984],[-69.926995291000026,-12.649302792000015],[-69.926347825999983,-12.64951834499999],[-69.925581204000025,-12.649681867000027],[-69.925197060000016,-12.649711592000017],[-69.924015377999979,-12.649655915999972],[-69.922904903000017,-12.649505768999973],[-69.922395345999973,-12.64938220800002],[-69.921602772000028,-12.649268118999998],[-69.921155961000011,-12.649154827000018],[-69.919536546000018,-12.648846013000025],[-69.91781868999999,-12.64858545300001],[-69.916678565999973,-12.648562244000004],[-69.915820053000004,-12.648419341000022],[-69.915313206999997,-12.648279117000016],[-69.914666318000002,-12.648012963999975],[-69.914198267000017,-12.647751708999976],[-69.913632769000003,-12.64737938799999],[-69.912053581999999,-12.646154414000023],[-69.911127844000021,-12.645175139000003],[-69.910566386000028,-12.644406568000022],[-69.910154164999994,-12.643969153],[-69.909899524000025,-12.64374830600002],[-69.909575078999978,-12.643525887999999],[-69.909129026000016,-12.643310392999979],[-69.908395741999982,-12.643057716999976],[-69.907146687000022,-12.642688882000016],[-69.906076578000011,-12.642616830999998],[-69.903715463000026,-12.642577542000026],[-69.901898893999999,-12.642064930000004],[-69.900569350000012,-12.641768130000003],[-69.898508261000018,-12.641526500999987],[-69.896571510999991,-12.641505159000019],[-69.895593403000021,-12.641647873000011],[-69.895122467000022,-12.641687067000021],[-69.89458165100001,-12.641807243000017],[-69.893201843999975,-12.641988094999988],[-69.892731378000008,-12.64210929699999],[-69.891823285999976,-12.642450149000013],[-69.889971289000016,-12.643507401000022],[-69.889497423000023,-12.643845353000017],[-69.888760305000005,-12.644449931999986],[-69.887734561999991,-12.645414989000017],[-69.887281851000012,-12.64593488700001],[-69.886879668000006,-12.646501546000025],[-69.886797132000027,-12.646865681000008],[-69.886741083000004,-12.647327656000016],[-69.886743846999991,-12.648288298000011]],[[-70.551930434999974,-12.855243485000017],[-70.553199581000001,-12.855527160999998],[-70.554644149000012,-12.855630433999977],[-70.556130537000001,-12.855477799000028],[-70.556595248999997,-12.85559527800001],[-70.55992414100001,-12.856875838000008],[-70.561342695999997,-12.857584370999973],[-70.562381791000007,-12.857986074999985],[-70.56302291999998,-12.858426212999973],[-70.563218399999982,-12.858867741999973],[-70.563301982999974,-12.859272147000013],[-70.56328232300001,-12.859638658999984],[-70.563098802000013,-12.860251038000001],[-70.562000574000024,-12.862863014000027],[-70.561678058999973,-12.863482823000027],[-70.560359356999982,-12.865370188999975],[-70.560206586999982,-12.865742281999985],[-70.560068890000025,-12.866331791999983],[-70.560175010000023,-12.866804765999973],[-70.561051996000003,-12.86777551199998],[-70.561580651999975,-12.868245883999975],[-70.562614038999982,-12.869355181000003],[-70.563134029000025,-12.870032525999989],[-70.563279689000012,-12.870565833000001],[-70.563406962999977,-12.871551705999991],[-70.563406035000014,-12.872190120000027],[-70.563325077999991,-12.872641971000007],[-70.56300749899998,-12.873479255000007],[-70.562253671000008,-12.874561321999977],[-70.561427997999999,-12.875440507000008],[-70.561378475000026,-12.875463490000016],[-70.56096547300001,-12.876516675000005],[-70.560603594999975,-12.876868048000006],[-70.560067982000021,-12.877211867000028],[-70.559575242999983,-12.878067457999975],[-70.559541109000008,-12.878358569],[-70.559609937999994,-12.878865216000008],[-70.559806058999982,-12.879482296999981],[-70.559804799000005,-12.880723595999996],[-70.559907439000028,-12.881287987999997],[-70.560269364000021,-12.881806901000004],[-70.560753856000019,-12.882163810000009],[-70.561521688000028,-12.882490550999989],[-70.564858564000019,-12.883465855999987],[-70.565269652999973,-12.883742139999981],[-70.565428236999992,-12.883417953999981],[-70.568853979999972,-12.876414502999978],[-70.571608417999983,-12.876632517000019],[-70.56762594700001,-12.884780964000015],[-70.567599502999997,-12.884835064000015],[-70.567720628000018,-12.884838827999999],[-70.568645446999994,-12.884640287000025],[-70.568954437000002,-12.884630029999983],[-70.570192745999975,-12.884907821000013],[-70.571890798000027,-12.885559815000022],[-70.573403149000001,-12.886426890999985],[-70.57413399699999,-12.886980267000013],[-70.574555214999975,-12.887529445999974],[-70.574647813000013,-12.887787832000015],[-70.574755681999989,-12.88812704999998],[-70.574752954000019,-12.88819188299999],[-70.575164653999991,-12.888633270000014],[-70.575437937000004,-12.88942560800001],[-70.575440028000003,-12.889833930000009],[-70.575517303000026,-12.890210794999973],[-70.575870082999984,-12.890998765999996],[-70.575756199000011,-12.89220809699998],[-70.575931685,-12.892170158999988],[-70.576117051999972,-12.892253204999975],[-70.576458381999998,-12.892594578000001],[-70.577646548000018,-12.894157302999986],[-70.578051037000023,-12.894886379000013],[-70.579889069999979,-12.897640705000015],[-70.580130424999993,-12.89815011799999],[-70.580763272000013,-12.898431123000023],[-70.580964145999985,-12.898356143000001],[-70.581139973000006,-12.898195525000006],[-70.581305440999984,-12.897559559999991],[-70.581450285000017,-12.895708836999972],[-70.581617214999994,-12.895496474000026],[-70.58201895000002,-12.895535811000002],[-70.582424964999973,-12.89577183099999],[-70.583064541999988,-12.896266696999987],[-70.583815760999983,-12.896607929000027],[-70.584566936999977,-12.896766281999987],[-70.584808282999973,-12.89675306800001],[-70.585057279000011,-12.896652302000007],[-70.585190348000026,-12.896097166999994],[-70.584952101999988,-12.895358327999986],[-70.584912717000009,-12.895015682000007],[-70.585356476000015,-12.894543277000025],[-70.585584078000011,-12.894191694000028],[-70.585561284999983,-12.89342515300001],[-70.586039165999978,-12.892387094000014],[-70.586129952000022,-12.891980832000002],[-70.586052944000016,-12.891428867999991],[-70.58586234500001,-12.89082235699999],[-70.585857065000027,-12.890290933000017],[-70.585935421999977,-12.890076481999984],[-70.586389859999997,-12.889765373999978],[-70.586752037999986,-12.889684622999994],[-70.587082021000015,-12.889759190999996],[-70.587576495000008,-12.890639937999993],[-70.587837048999972,-12.890882798000007],[-70.588202915000011,-12.890889888999993],[-70.588365704000012,-12.890782321000017],[-70.588630997999985,-12.890198992000023],[-70.588868617000003,-12.890049024000007],[-70.589224102999992,-12.889959359999978],[-70.590489187999992,-12.889932783999996],[-70.590970330000005,-12.889838557000019],[-70.591402619000007,-12.889639675000012],[-70.592517362000024,-12.888817947000007],[-70.592850274999989,-12.888700212000003],[-70.59321597600001,-12.888711275999981],[-70.593648986000005,-12.888961848000008],[-70.594051343999979,-12.889610995999988],[-70.595339237000019,-12.890480656000022],[-70.595735703000003,-12.890634810999984],[-70.596761656000012,-12.890896859999998],[-70.597617684999989,-12.890940000000001],[-70.598480216999974,-12.89074399399999],[-70.598922847999972,-12.890447945999995],[-70.599056513999983,-12.890297384999997],[-70.60620116299998,-12.90135991599999],[-70.592643268000018,-12.904026403999978],[-70.592017854000005,-12.904149387000018],[-70.592319992,-12.904775137999991],[-70.592235231000018,-12.905331337999996],[-70.592283329999987,-12.905781955999998],[-70.592483571999992,-12.906364080999992],[-70.593687532999979,-12.909070073000009],[-70.593738497999993,-12.909405235000008],[-70.593712965999998,-12.910117011000011],[-70.59398464100002,-12.910336561000008],[-70.594718501999978,-12.911201272000028],[-70.594979320999983,-12.911655833999987],[-70.595220310999991,-12.912296286000014],[-70.595239194999976,-12.913588332000018],[-70.595131075999973,-12.91428208100001],[-70.594848007999985,-12.914954928999975],[-70.594467875000021,-12.915581001000021],[-70.594197318999989,-12.917137786000012],[-70.593907661999992,-12.918007835000026],[-70.593922315999976,-12.918691162000016],[-70.594038721000004,-12.919128795000006],[-70.594345396999984,-12.91961977699998],[-70.594457471999988,-12.919708770999989],[-70.594701953000026,-12.919707277999976],[-70.595052973999998,-12.919474619000027],[-70.595028668999987,-12.91924587699998],[-70.594804291000003,-12.918944681000028],[-70.594855069999994,-12.918654371000002],[-70.594948111000008,-12.918517663999978],[-70.595385813999997,-12.918250575000002],[-70.596053165000001,-12.918215040000007],[-70.597295423999981,-12.918548342999998],[-70.598371407999991,-12.918717948999983],[-70.598879821000025,-12.918919140000014],[-70.599295385999994,-12.919358647000024],[-70.599623549,-12.920183512999984],[-70.600027967000017,-12.920782368999994],[-70.60052730000001,-12.921120205000022],[-70.601437040000008,-12.921100615],[-70.602346655000019,-12.921610941999973],[-70.60287920899998,-12.921579109999982],[-70.603083493999975,-12.921445059999996],[-70.603472678999992,-12.920709631000022],[-70.603911270000026,-12.920481301999985],[-70.604992503999995,-12.920230316000016],[-70.605604821999975,-12.919658669],[-70.605743207999978,-12.919610361000025],[-70.606250116000012,-12.919805489999987],[-70.606279230999974,-12.920078672999978],[-70.606121413999972,-12.920417643999997],[-70.606091258999982,-12.92090480600001],[-70.606243183999993,-12.921071471000005],[-70.606465731000014,-12.921040903999994],[-70.606714662999991,-12.920885062000025],[-70.606959345999996,-12.920281051000018],[-70.607279270999982,-12.91987102500002],[-70.607585786000016,-12.919612227000016],[-70.608456853000007,-12.919138513000007],[-70.608832001999986,-12.918790608999984],[-70.609141442999999,-12.91839917599998],[-70.609471547999988,-12.91780991600001],[-70.60956074500001,-12.917462961000012],[-70.609965939000006,-12.916756080000027],[-70.610985751999976,-12.915610234999974],[-70.611034010000026,-12.915202511000018],[-70.610797564999984,-12.914788860999977],[-70.610855216999994,-12.914524450999977],[-70.610990144000027,-12.914368406999984],[-70.613055351000014,-12.914145039999994],[-70.613298217000022,-12.913979107999978],[-70.613579398000013,-12.913967878999983],[-70.614131900000018,-12.913758904000019],[-70.614925712999991,-12.913271726000005],[-70.615370357000018,-12.913272322000012],[-70.615695421999988,-12.913422362000006],[-70.616162308000014,-12.913385215000005],[-70.616324147,-12.91327329500001],[-70.616475255000012,-12.912939877999975],[-70.616505587999995,-12.912182244000007],[-70.616929254000013,-12.911586521999993],[-70.617223743000011,-12.911510392000025],[-70.617915786000026,-12.911606903999996],[-70.618108312999993,-12.911567202000015],[-70.618167513999992,-12.911372932999996],[-70.618101562999982,-12.910618517999978],[-70.618875989999992,-12.909828163999975],[-70.619074345999991,-12.909520036000004],[-70.619005363999975,-12.908924647999982],[-70.618759875000023,-12.908509794999986],[-70.618602966000026,-12.908069806000015],[-70.618604595000022,-12.907778623000013],[-70.618704245999993,-12.907512055999973],[-70.619014662999973,-12.907190667000009],[-70.62034564999999,-12.907027389999996],[-70.620990767000023,-12.907680675999984],[-70.621176982999998,-12.90776323],[-70.621473488999982,-12.908100742999977],[-70.621502049000014,-12.908342743999981],[-70.620971880000013,-12.908625359999974],[-70.620787902000018,-12.908933038999976],[-70.620832937999978,-12.909029305999979],[-70.621077404999994,-12.909213557999976],[-70.621147826000026,-12.910231273000022],[-70.621243882999977,-12.910422501000028],[-70.621462733999977,-12.910607002000006],[-70.621692630999974,-12.910631791000014],[-70.622316000000012,-12.910497389],[-70.622555182999974,-12.909976207],[-70.622694634000027,-12.909423374000028],[-70.622882589000028,-12.909103732999995],[-70.623595151000018,-12.908497081000007],[-70.62409336799999,-12.908190701000024],[-70.624745565000012,-12.908226334000005],[-70.624948840000002,-12.908495902000027],[-70.624834296000017,-12.909194846999981],[-70.625009519000002,-12.909287139000014],[-70.625434256999995,-12.909331866999992],[-70.626115647999995,-12.910133885999983],[-70.62607200299999,-12.910524133000024],[-70.625906106999992,-12.91079156699999],[-70.626044424999975,-12.911090376000004],[-70.626279539999985,-12.911110337000025],[-70.626490182999987,-12.910951102000013],[-70.626857889000007,-12.910939955000003],[-70.627647695000007,-12.911169953000012],[-70.626846960000023,-12.909607447999974],[-70.626763041999993,-12.909443694999993],[-70.610305670999992,-12.87765478099999],[-70.606277391999981,-12.869857839000019],[-70.584044483000014,-12.853727746000004],[-70.581557132,-12.850637467000013],[-70.556348932999981,-12.848632882000004],[-70.555757610000001,-12.84858583099998],[-70.555676858000027,-12.848681890000023],[-70.55537476500001,-12.849296960000004],[-70.555154053000024,-12.850111603000016],[-70.555035637999993,-12.850931156000001],[-70.554922380999983,-12.851226354000005],[-70.554585873999997,-12.851549721000026],[-70.552780580999979,-12.852218794000009],[-70.552004029999978,-12.852615274000016],[-70.551489726,-12.853228248999983],[-70.551028077000012,-12.853924172999996],[-70.551019893999978,-12.85451218899999],[-70.551134358000013,-12.85477277199999],[-70.551534568000022,-12.855054536000011],[-70.551930434999974,-12.855243485000017]],[[-70.37828151299999,-13.033039863999988],[-70.390831977000005,-13.033525424000004],[-70.381669031000001,-12.984114093000017],[-70.362930699000003,-12.983572444999993],[-70.362357072000009,-12.983555842999976],[-70.36236020299998,-12.983710447000021],[-70.362551489999987,-12.985198627999978],[-70.362556397999981,-12.986099508999985],[-70.362438026000007,-12.986843906999979],[-70.362143862999972,-12.987591486999975],[-70.361955055999999,-12.988335983000013],[-70.361793894000016,-12.989518535000002],[-70.361884062000001,-12.990162483999995],[-70.362120735000019,-12.991079147999983],[-70.362482558000011,-12.991852041000016],[-70.36328365899999,-12.99304401400002],[-70.364386894999996,-12.995605511000008],[-70.364496549000023,-12.99601727999999],[-70.364520836999986,-12.997240267999985],[-70.364442003000022,-12.998049281000021],[-70.364056917000028,-12.999367988000017],[-70.363750961999983,-12.999999818999981],[-70.363244602000009,-13.00102560900001],[-70.363015469000004,-13.001324522999994],[-70.361913629000014,-13.002353436000021],[-70.361732494000023,-13.002476976000025],[-70.361009384999988,-13.003303287999984],[-70.360736095999982,-13.003790024000011],[-70.360553340000024,-13.004344360999994],[-70.360487334000027,-13.004751809000027],[-70.360712263999972,-13.006404264000025],[-70.360892981000006,-13.00709972300001],[-70.360969420000004,-13.007913074999976],[-70.360927317999995,-13.009305561000019],[-70.361170211000001,-13.010665905999986],[-70.361498352000012,-13.01135986700001],[-70.362272822000023,-13.012507857999992],[-70.362622004000002,-13.013153880999994],[-70.363005337000004,-13.014109727999994],[-70.363238979000016,-13.015292378000026],[-70.363472767000019,-13.015876805999994],[-70.363686718999986,-13.016256474999977],[-70.36436177500002,-13.016940651000027],[-70.365631039999982,-13.017703518000019],[-70.366161255000009,-13.01811795399999],[-70.367582149999976,-13.019577498999979],[-70.36847407099998,-13.020897703999992],[-70.368863884999996,-13.021331136000015],[-70.369340626999985,-13.021744129000012],[-70.369637040999976,-13.021942362000004],[-70.370224219000022,-13.022199812999986],[-70.370507546999988,-13.022365477999983],[-70.372176675999981,-13.024255281000023],[-70.374500130999991,-13.027202612999986],[-70.374726778000024,-13.027588621000007],[-70.375117737999972,-13.028092461000028],[-70.37621733200001,-13.02930404],[-70.377316810000025,-13.030209226000011],[-70.378062809000028,-13.031153080000024],[-70.37819454800001,-13.031449182000017],[-70.378257282999982,-13.031755686999986],[-70.378121946000022,-13.033033687999989],[-70.37828151299999,-13.033039863999988]],[[-70.506301242999996,-12.762219381000023],[-70.50609928199998,-12.763512397999989],[-70.506169264999983,-12.76350467200001],[-70.512890973000026,-12.762762453999983],[-70.513693993000004,-12.762093386999993],[-70.513404677999972,-12.761436410999977],[-70.513124757000014,-12.761107048999975],[-70.512831209000012,-12.760871146999989],[-70.512200124999993,-12.760545330000014],[-70.510967912000012,-12.760392906999982],[-70.51013052899998,-12.759912224999994],[-70.509507170000006,-12.759723226999995],[-70.508622281999976,-12.759742562999975],[-70.507598589999986,-12.759947469999986],[-70.507053926000026,-12.760340487000008],[-70.506772296999998,-12.760857030000011],[-70.506301242999996,-12.762219381000023]],[[-70.501895198,-12.763944493999986],[-70.501882781000006,-12.763952425000014],[-70.502896102000022,-12.76383662500001],[-70.503016699999989,-12.763822844000003],[-70.503214737999997,-12.763005384999985],[-70.50329542999998,-12.762398588999986],[-70.503275717000008,-12.762117095999997],[-70.503069473999972,-12.761473420000016],[-70.502807631999985,-12.761271409000017],[-70.502473410999983,-12.761290395000003],[-70.502268653999977,-12.761537638999982],[-70.501990136000018,-12.762193291000017],[-70.501946230999977,-12.762525772999993],[-70.502049420999981,-12.762953157000027],[-70.50206367200002,-12.763307548],[-70.501895198,-12.763944493999986]]]},"properties":{"OBJECTID":153066,"CODIGO":"OT000033","NOMBRE":"ZONAS DE PEQUEÑA MINERIA Y MINERIA ARTESANAL - MADRE DE DIOS - D.L. 1100","CATEGORI":" ","CLASE":" ","ZONA":"19","HAS":498308.19540000003,"ZONEX":"19","OBS":"AREA MINERA","NORMA":" ","ARCHIVO":"MN69M60","FEC_ING":"2012-02-20","ENTIDAD":" ","USO":" ","EST_GRAF":"SIN INF. COMPLETA","LEYENDA":"SIN INF. COMPLETA","SHAPE.AREA":0.41497880405473497,"SHAPE.LEN":11.9722064524139,"FEC_PUB":null,"MINERIA":null,"TP_AREA":" ","ORDENANZA":" ","NM_AREA":"ZONAS DE PEQUEÑA MINERIA Y MINERIA ARTESANAL - MADRE DE DIOS - D.L. 1100","CREATOR":null,"CREATIONDA":null,"EDITOR":" ","EDITDATE":null,"ENV":null,"IDENTI":"af3581d20a144f4db93fd08d484046d2","ESTILO":"ZONA RESERVADA"}}]}