buffer_zone,pa_category,department,year,mining_ha,forest_ha,total_ha
Airo Pai,Reserva Comunal,Loreto,1985,0.0,62046.56748125162,62472.86492013713
Airo Pai,Reserva Comunal,Loreto,1986,0.0,62047.99779844522,62472.864920137115
Airo Pai,Reserva Comunal,Loreto,1987,0.0,62083.753394990745,62472.86492013723
Airo Pai,Reserva Comunal,Loreto,1988,0.0,62110.30163867974,62472.86492013726
Airo Pai,Reserva Comunal,Loreto,1989,0.0,62087.954278291465,62472.864920137166
Airo Pai,Reserva Comunal,Loreto,1990,0.0,62078.74733906414,62472.864920137145
Airo Pai,Reserva Comunal,Loreto,1991,0.0,62096.62517165087,62472.8649201372
Airo Pai,Reserva Comunal,Loreto,1992,0.0,62116.559186665596,62472.864920137275
Airo Pai,Reserva Comunal,Loreto,1993,0.0,62106.36879315363,62472.864920137275
Airo Pai,Reserva Comunal,Loreto,1994,0.0,62078.92616315477,62472.864920137195
Airo Pai,Reserva Comunal,Loreto,1995,0.0,62100.0219334124,62472.864920137254
Airo Pai,Reserva Comunal,Loreto,1996,0.0,62087.2392147661,62472.864920137195
Airo Pai,Reserva Comunal,Loreto,1997,0.0,62103.86569588798,62472.864920137254
Airo Pai,Reserva Comunal,Loreto,1998,0.0,62079.81994868941,62472.86492013716
Airo Pai,Reserva Comunal,Loreto,1999,0.0,62126.9281575335,62472.86492013726
Airo Pai,Reserva Comunal,Loreto,2000,0.0,62103.86567064383,62472.86492013724
Airo Pai,Reserva Comunal,Loreto,2001,0.0,62082.23339992841,62472.86492013715
Airo Pai,Reserva Comunal,Loreto,2002,0.0,62086.88168910689,62472.864920137166
Airo Pai,Reserva Comunal,Loreto,2003,0.0,62112.80458798392,62472.86492013725
Airo Pai,Reserva Comunal,Loreto,2004,0.0,62105.56399384939,62472.86492013724
Airo Pai,Reserva Comunal,Loreto,2005,0.0,62089.7420612382,62472.86492013712
Airo Pai,Reserva Comunal,Loreto,2006,0.0,62102.88230637376,62472.86492013719
Airo Pai,Reserva Comunal,Loreto,2007,0.0,62110.48047635673,62472.864920137254
Airo Pai,Reserva Comunal,Loreto,2008,0.0,62078.03243229538,62472.86492013718
Airo Pai,Reserva Comunal,Loreto,2009,0.0,62094.033210231246,62472.864920137254
Airo Pai,Reserva Comunal,Loreto,2010,0.0,62086.07737633227,62472.8649201372
Airo Pai,Reserva Comunal,Loreto,2011,0.0,62089.02714559496,62472.8649201372
Airo Pai,Reserva Comunal,Loreto,2012,0.0,62093.31778828298,62472.864920137225
Airo Pai,Reserva Comunal,Loreto,2013,0.0,62061.94253534712,62472.864920137166
Airo Pai,Reserva Comunal,Loreto,2014,0.0,62102.2569004961,62472.86492013721
Airo Pai,Reserva Comunal,Loreto,2015,0.0,62098.41292920091,62472.864920137195
Airo Pai,Reserva Comunal,Loreto,2016,0.0,62083.306170955024,62472.86492013715
Airo Pai,Reserva Comunal,Loreto,2017,0.0,62078.74733448651,62472.864920137145
Airo Pai,Reserva Comunal,Loreto,2018,0.0,62089.29522723556,62472.86492013717
Airo Pai,Reserva Comunal,Loreto,2019,0.0,62070.0766050309,62472.86492013711
Airo Pai,Reserva Comunal,Loreto,2020,0.0,62040.488701081864,62472.86492013704
Airo Pai,Reserva Comunal,Loreto,2021,0.0,62015.54906970361,62472.86492013696
Airo Pai,Reserva Comunal,Loreto,2022,0.0,62056.22115563513,62472.864920137086
Airo Pai,Reserva Comunal,Loreto,2023,0.0,62050.410905696146,62472.864920137064
Airo Pai,Reserva Comunal,Loreto,2024,0.0,62055.50614788979,62472.86492013711
Airo Pai,Reserva Comunal,Loreto,2025,0.0,62036.82393247225,62472.86492013705
Allpahuayo Mishana,Reserva Nacional,Loreto,1985,0.0,55858.417337257,65968.68572547706
Allpahuayo Mishana,Reserva Nacional,Loreto,1986,2.58649253540039,54906.73034584905,65968.68572547524
Allpahuayo Mishana,Reserva Nacional,Loreto,1987,0.0,52921.92450130662,65968.68572547614
Allpahuayo Mishana,Reserva Nacional,Loreto,1988,0.0,51826.3402880723,65968.68572547444
Allpahuayo Mishana,Reserva Nacional,Loreto,1989,0.0,51464.91737431598,65968.68572547549
Allpahuayo Mishana,Reserva Nacional,Loreto,1990,7.759165374755858,50765.268903581644,65968.68572547486
Allpahuayo Mishana,Reserva Nacional,Loreto,1991,1.605497064208985,50438.63026098526,65968.68572547514
Allpahuayo Mishana,Reserva Nacional,Loreto,1992,0.0,49628.945396368435,65968.68572547613
Allpahuayo Mishana,Reserva Nacional,Loreto,1993,0.0,49548.319481799146,65968.68572547582
Allpahuayo Mishana,Reserva Nacional,Loreto,1994,0.0,49364.41670396819,65968.68572547685
Allpahuayo Mishana,Reserva Nacional,Loreto,1995,0.0,49104.859441723245,65968.6857254755
Allpahuayo Mishana,Reserva Nacional,Loreto,1996,0.7134792358398437,48742.5641930536,65968.6857254755
Allpahuayo Mishana,Reserva Nacional,Loreto,1997,0.4459244384765625,48552.30709849173,65968.68572547528
Allpahuayo Mishana,Reserva Nacional,Loreto,1998,16.14325362548827,47849.35992955888,65968.68572547565
Allpahuayo Mishana,Reserva Nacional,Loreto,1999,4.815983221435546,47768.74022547535,65968.68572547555
Allpahuayo Mishana,Reserva Nacional,Loreto,2000,5.61892196044922,47637.707840575866,65968.68572547601
Allpahuayo Mishana,Reserva Nacional,Loreto,2001,9.454001275634768,47784.71766314753,65968.6857254768
Allpahuayo Mishana,Reserva Nacional,Loreto,2002,12.84303176269531,47421.68536351871,65968.68572547543
Allpahuayo Mishana,Reserva Nacional,Loreto,2003,16.58910019531249,47284.24253001046,65968.68572547538
Allpahuayo Mishana,Reserva Nacional,Loreto,2004,17.92733645019531,46897.59943994752,65968.68572547616
Allpahuayo Mishana,Reserva Nacional,Loreto,2005,74.02978489990232,46627.065625043106,65968.68572547661
Allpahuayo Mishana,Reserva Nacional,Loreto,2006,79.20289080200196,46488.271754249625,65968.6857254776
Allpahuayo Mishana,Reserva Nacional,Loreto,2007,111.0455276733399,46320.20748477331,65968.68572547742
Allpahuayo Mishana,Reserva Nacional,Loreto,2008,127.7252682617187,46342.12489870695,65968.68572547706
Allpahuayo Mishana,Reserva Nacional,Loreto,2009,126.2083505615237,46148.112929335206,65968.68572547792
Allpahuayo Mishana,Reserva Nacional,Loreto,2010,139.8556489929203,45678.942232802074,65968.6857254778
Allpahuayo Mishana,Reserva Nacional,Loreto,2011,108.0140304382328,45594.031474019226,65968.68572547787
Allpahuayo Mishana,Reserva Nacional,Loreto,2012,120.7685306701665,44853.78478968177,65968.68572547886
Allpahuayo Mishana,Reserva Nacional,Loreto,2013,158.7651750488278,44579.969840944956,65968.68572547888
Allpahuayo Mishana,Reserva Nacional,Loreto,2014,192.1235296447748,43879.526957517126,65968.68572548016
Allpahuayo Mishana,Reserva Nacional,Loreto,2015,280.9598420837399,43502.051284439825,65968.68572547995
Allpahuayo Mishana,Reserva Nacional,Loreto,2016,333.8514234313967,43209.48206401806,65968.6857254808
Allpahuayo Mishana,Reserva Nacional,Loreto,2017,361.7697254333494,42439.89696331595,65968.68572548057
Allpahuayo Mishana,Reserva Nacional,Loreto,2018,421.261523535157,42608.60460339785,65968.68572548086
Allpahuayo Mishana,Reserva Nacional,Loreto,2019,466.7499125610368,42748.28309534135,65968.68572548107
Allpahuayo Mishana,Reserva Nacional,Loreto,2020,501.4459372741712,42518.14936638583,65968.68572548068
Allpahuayo Mishana,Reserva Nacional,Loreto,2021,459.9705443359388,41679.293241782674,65968.68572548016
Allpahuayo Mishana,Reserva Nacional,Loreto,2022,440.97236748047,42373.39511172305,65968.68572548083
Allpahuayo Mishana,Reserva Nacional,Loreto,2023,454.3512004760754,41811.996113908106,65968.68572548064
Allpahuayo Mishana,Reserva Nacional,Loreto,2024,251.7900129943843,41751.43198058266,65968.68572548035
Allpahuayo Mishana,Reserva Nacional,Loreto,2025,138.4272188415522,41545.11961778978,65968.68572548046
Alto Mayo,Bosque de Protección,Amazonas,1985,0.0,89232.69018481144,121142.68014839775
Alto Mayo,Bosque de Protección,Amazonas,1986,0.0,89217.2894905425,121142.6801483976
Alto Mayo,Bosque de Protección,Amazonas,1987,0.0,89351.57617775566,121142.68014839767
Alto Mayo,Bosque de Protección,Amazonas,1988,0.0,88927.98282970308,121142.6801483982
Alto Mayo,Bosque de Protección,Amazonas,1989,0.0,89250.77463088724,121142.68014839823
Alto Mayo,Bosque de Protección,Amazonas,1990,0.0,89081.45129223347,121142.68014839804
Alto Mayo,Bosque de Protección,Amazonas,1991,0.0,89545.30847247591,121142.68014839762
Alto Mayo,Bosque de Protección,Amazonas,1992,0.0,89531.4701589016,121142.68014839751
Alto Mayo,Bosque de Protección,Amazonas,1993,0.0,88185.01694122619,121142.6801483978
Alto Mayo,Bosque de Protección,Amazonas,1994,0.0,88083.10873434714,121142.68014839767
Alto Mayo,Bosque de Protección,Amazonas,1995,0.0,87581.62755951138,121142.68014839692
Alto Mayo,Bosque de Protección,Amazonas,1996,0.0,87623.93561013431,121142.68014839727
Alto Mayo,Bosque de Protección,Amazonas,1997,0.0,87878.02248137526,121142.68014839779
Alto Mayo,Bosque de Protección,Amazonas,1998,0.0,88583.34906691543,121142.68014839721
Alto Mayo,Bosque de Protección,Amazonas,1999,0.0,88695.42832980742,121142.68014839856
Alto Mayo,Bosque de Protección,Amazonas,2000,0.0,88958.2920845857,121142.68014839805
Alto Mayo,Bosque de Protección,Amazonas,2001,0.0,88638.32136280857,121142.68014839821
Alto Mayo,Bosque de Protección,Amazonas,2002,0.0,88241.80371310735,121142.68014839798
Alto Mayo,Bosque de Protección,Amazonas,2003,0.0,88230.0018377105,121142.68014839776
Alto Mayo,Bosque de Protección,Amazonas,2004,0.0,87759.3837709136,121142.68014839766
Alto Mayo,Bosque de Protección,Amazonas,2005,0.0,87489.50474655548,121142.68014839891
Alto Mayo,Bosque de Protección,Amazonas,2006,0.0,87287.61526417601,121142.68014839853
Alto Mayo,Bosque de Protección,Amazonas,2007,0.0,87878.28126639094,121142.68014839792
Alto Mayo,Bosque de Protección,Amazonas,2008,0.0,87689.73636962619,121142.68014839795
Alto Mayo,Bosque de Protección,Amazonas,2009,0.0,87315.66256304632,121142.68014839766
Alto Mayo,Bosque de Protección,Amazonas,2010,0.0,87016.21384651236,121142.68014839831
Alto Mayo,Bosque de Protección,Amazonas,2011,0.0,86992.36722204911,121142.68014839797
Alto Mayo,Bosque de Protección,Amazonas,2012,0.0,86862.98484663432,121142.68014839824
Alto Mayo,Bosque de Protección,Amazonas,2013,0.0,86333.09566040299,121142.68014839763
Alto Mayo,Bosque de Protección,Amazonas,2014,0.0,86035.55364842161,121142.68014839743
Alto Mayo,Bosque de Protección,Amazonas,2015,0.0,86334.57051542016,121142.68014839747
Alto Mayo,Bosque de Protección,Amazonas,2016,0.0,85823.83007540523,121142.6801483973
Alto Mayo,Bosque de Protección,Amazonas,2017,0.0,86447.58294805531,121142.68014839712
Alto Mayo,Bosque de Protección,Amazonas,2018,0.0,86523.56763639789,121142.68014839754
Alto Mayo,Bosque de Protección,Amazonas,2019,0.0,87299.42181515247,121142.68014839826
Alto Mayo,Bosque de Protección,Amazonas,2020,0.0,87258.09163156453,121142.68014839792
Alto Mayo,Bosque de Protección,Amazonas,2021,0.0,87442.54614025525,121142.68014839735
Alto Mayo,Bosque de Protección,Amazonas,2022,0.0,87366.82368231488,121142.68014839788
Alto Mayo,Bosque de Protección,Amazonas,2023,0.0,87072.42466082412,121142.68014839754
Alto Mayo,Bosque de Protección,Amazonas,2024,0.0,85534.00494547341,121142.68014839703
Alto Mayo,Bosque de Protección,Amazonas,2025,0.0,85350.62780552651,121142.68014839778
Alto Mayo,Bosque de Protección,Loreto,1985,0.0,22339.75489382968,22480.914191650725
Alto Mayo,Bosque de Protección,Loreto,1986,0.0,22339.84245930815,22480.91419165068
Alto Mayo,Bosque de Protección,Loreto,1987,0.0,22339.93354177894,22480.914191650765
Alto Mayo,Bosque de Protección,Loreto,1988,0.0,22324.44341923248,22480.914191650692
Alto Mayo,Bosque de Protección,Loreto,1989,0.0,22355.59679594157,22480.914191650798
Alto Mayo,Bosque de Protección,Loreto,1990,0.0,22351.85721789587,22480.914191650754
Alto Mayo,Bosque de Protección,Loreto,1991,0.0,22347.67388876371,22480.914191650674
Alto Mayo,Bosque de Protección,Loreto,1992,0.0,22351.32359673492,22480.914191650692
Alto Mayo,Bosque de Protección,Loreto,1993,0.0,22361.20358921547,22480.914191650772
Alto Mayo,Bosque de Protección,Loreto,1994,0.0,22346.78478762852,22480.914191650736
Alto Mayo,Bosque de Protección,Loreto,1995,0.0,22330.23063481475,22480.91419165069
Alto Mayo,Bosque de Protección,Loreto,1996,0.0,22314.9215556948,22480.914191650612
Alto Mayo,Bosque de Protección,Loreto,1997,0.0,22330.76456934846,22480.914191650707
Alto Mayo,Bosque de Protección,Loreto,1998,0.0,22336.10529756505,22480.914191650743
Alto Mayo,Bosque de Protección,Loreto,1999,0.0,22334.23432105131,22480.914191650674
Alto Mayo,Bosque de Protección,Loreto,2000,0.0,22348.56379924962,22480.914191650743
Alto Mayo,Bosque de Protección,Loreto,2001,0.0,22359.59935368077,22480.91419165074
Alto Mayo,Bosque de Protección,Loreto,2002,0.0,22359.95592793618,22480.91419165078
Alto Mayo,Bosque de Protección,Loreto,2003,0.0,22357.64154916417,22480.914191650743
Alto Mayo,Bosque de Protección,Loreto,2004,0.0,22360.22435175824,22480.914191650816
Alto Mayo,Bosque de Protección,Loreto,2005,0.0,22355.95174926188,22480.914191650794
Alto Mayo,Bosque de Protección,Loreto,2006,0.0,22345.00377771643,22480.914191650754
Alto Mayo,Bosque de Protección,Loreto,2007,0.0,22342.51267597084,22480.914191650772
Alto Mayo,Bosque de Protección,Loreto,2008,0.0,22303.79256486236,22480.914191650692
Alto Mayo,Bosque de Protección,Loreto,2009,0.0,22330.05071195716,22480.91419165076
Alto Mayo,Bosque de Protección,Loreto,2010,0.0,22328.89330587808,22480.914191650783
Alto Mayo,Bosque de Protección,Loreto,2011,0.0,22327.2023781803,22480.914191650758
Alto Mayo,Bosque de Protección,Loreto,2012,0.0,22351.14567548873,22480.914191650838
Alto Mayo,Bosque de Protección,Loreto,2013,0.0,22351.32314132126,22480.91419165085
Alto Mayo,Bosque de Protección,Loreto,2014,0.0,22303.5246472355,22480.914191650783
Alto Mayo,Bosque de Protección,Loreto,2015,0.0,22294.89238510773,22480.9141916507
Alto Mayo,Bosque de Protección,Loreto,2016,0.0,22308.95628156773,22480.91419165074
Alto Mayo,Bosque de Protección,Loreto,2017,0.0,22328.62594492224,22480.914191650758
Alto Mayo,Bosque de Protección,Loreto,2018,0.0,22314.91946144446,22480.914191650758
Alto Mayo,Bosque de Protección,Loreto,2019,0.0,22313.76358428381,22480.914191650754
Alto Mayo,Bosque de Protección,Loreto,2020,0.0,22311.36045363197,22480.91419165077
Alto Mayo,Bosque de Protección,Loreto,2021,0.0,22307.6229404911,22480.91419165077
Alto Mayo,Bosque de Protección,Loreto,2022,0.0,22302.45995913117,22480.914191650703
Alto Mayo,Bosque de Protección,Loreto,2023,0.0,22293.3804772281,22480.914191650707
Alto Mayo,Bosque de Protección,Loreto,2024,0.0,22270.954825867,22480.914191650692
Alto Mayo,Bosque de Protección,Loreto,2025,0.0,22269.26404263337,22480.914191650703
Alto Mayo,Bosque de Protección,San Martín,1985,0.0,78363.01096431655,99484.80446528715
Alto Mayo,Bosque de Protección,San Martín,1986,0.0,78361.1491763897,99484.80446528755
Alto Mayo,Bosque de Protección,San Martín,1987,0.0,78296.99518319331,99484.80446528587
Alto Mayo,Bosque de Protección,San Martín,1988,0.0,77827.75500355293,99484.80446528384
Alto Mayo,Bosque de Protección,San Martín,1989,0.0,77839.1486723829,99484.80446528456
Alto Mayo,Bosque de Protección,San Martín,1990,1.333811883544922,77308.37330287612,99484.80446528447
Alto Mayo,Bosque de Protección,San Martín,1991,0.9781278259277344,76372.72143682628,99484.80446528686
Alto Mayo,Bosque de Protección,San Martín,1992,0.9781278259277344,75470.72057031502,99484.80446528578
Alto Mayo,Bosque de Protección,San Martín,1993,0.3556822204589843,75789.0637110741,99484.80446528555
Alto Mayo,Bosque de Protección,San Martín,1994,0.3556822204589843,74851.6860867079,99484.80446528456
Alto Mayo,Bosque de Protección,San Martín,1995,0.3556822204589843,73926.16487442322,99484.80446528643
Alto Mayo,Bosque de Protección,San Martín,1996,0.7113640991210937,71933.27988106498,99484.80446528751
Alto Mayo,Bosque de Protección,San Martín,1997,0.7113640991210937,69684.69564000765,99484.80446528827
Alto Mayo,Bosque de Protección,San Martín,1998,1.244887878417969,67703.72980411298,99484.80446528895
Alto Mayo,Bosque de Protección,San Martín,1999,0.8002854980468752,66098.45961951178,99484.80446528952
Alto Mayo,Bosque de Protección,San Martín,2000,0.9781268859863282,64287.58294012917,99484.80446528866
Alto Mayo,Bosque de Protección,San Martín,2001,0.0,63238.540630103984,99484.80446529163
Alto Mayo,Bosque de Protección,San Martín,2002,0.0,62618.02273099983,99484.80446528964
Alto Mayo,Bosque de Protección,San Martín,2003,0.3556839721679688,61619.58815199144,99484.80446529156
Alto Mayo,Bosque de Protección,San Martín,2004,1.333814190673828,61119.95552005069,99484.80446529105
Alto Mayo,Bosque de Protección,San Martín,2005,1.778420843505859,60451.248346087115,99484.8044652907
Alto Mayo,Bosque de Protección,San Martín,2006,1.155975579833984,59435.369647669824,99484.80446529262
Alto Mayo,Bosque de Protección,San Martín,2007,1.778422424316406,58685.40477699542,99484.80446529025
Alto Mayo,Bosque de Protección,San Martín,2008,0.7113706787109375,57753.77342131601,99484.80446529377
Alto Mayo,Bosque de Protección,San Martín,2009,0.3556859375,57263.50740592284,99484.80446529297
Alto Mayo,Bosque de Protección,San Martín,2010,0.533525830078125,55911.788533656145,99484.80446529259
Alto Mayo,Bosque de Protección,San Martín,2011,2.134106140136719,55106.78408068404,99484.80446529256
Alto Mayo,Bosque de Protección,San Martín,2012,5.246602526855469,54370.556742451954,99484.80446529265
Alto Mayo,Bosque de Protección,San Martín,2013,9.78207642211914,54394.56513296723,99484.80446529276
Alto Mayo,Bosque de Protección,San Martín,2014,14.31728815917968,54449.27823579904,99484.8044652933
Alto Mayo,Bosque de Protección,San Martín,2015,14.67309472045898,54294.74673653144,99484.80446529263
Alto Mayo,Bosque de Protección,San Martín,2016,14.6731889099121,54084.35251167183,99484.80446529212
Alto Mayo,Bosque de Protección,San Martín,2017,15.74046569824218,54337.783127181116,99484.80446529326
Alto Mayo,Bosque de Protección,San Martín,2018,18.85266690063477,54079.004783064855,99484.80446529319
Alto Mayo,Bosque de Protección,San Martín,2019,24.45439918823242,54073.12397179756,99484.8044652921
Alto Mayo,Bosque de Protección,San Martín,2020,37.79106456298826,54358.352399867654,99484.8044652922
Alto Mayo,Bosque de Protección,San Martín,2021,47.66118615112305,54028.02371262391,99484.80446529246
Alto Mayo,Bosque de Protección,San Martín,2022,61.53250118408198,53051.111414619176,99484.80446529192
Alto Mayo,Bosque de Protección,San Martín,2023,60.19868215942377,52378.253219562415,99484.80446529086
Alto Mayo,Bosque de Protección,San Martín,2024,61.44362361450187,51426.40973014062,99484.80446529163
Alto Mayo,Bosque de Protección,San Martín,2025,93.1020692504882,51060.73078748279,99484.80446529137
Alto Purús,Parque Nacional,Madre de Dios,1985,0.0,868048.5433101791,875237.6939050034
Alto Purús,Parque Nacional,Madre de Dios,1986,0.0,868176.7147969456,875237.6939050021
Alto Purús,Parque Nacional,Madre de Dios,1987,0.0,868400.1315108393,875237.6939050044
Alto Purús,Parque Nacional,Madre de Dios,1988,0.0,868958.7573648046,875237.6939050024
Alto Purús,Parque Nacional,Madre de Dios,1989,0.0,868760.9097024738,875237.6939050007
Alto Purús,Parque Nacional,Madre de Dios,1990,0.0,868503.4638294617,875237.6939049987
Alto Purús,Parque Nacional,Madre de Dios,1991,0.0,869257.4148037506,875237.6939050019
Alto Purús,Parque Nacional,Madre de Dios,1992,0.0,868768.1054599404,875237.6939049965
Alto Purús,Parque Nacional,Madre de Dios,1993,0.0,868899.8776313482,875237.6939049993
Alto Purús,Parque Nacional,Madre de Dios,1994,0.0,868691.5422294255,875237.6939049992
Alto Purús,Parque Nacional,Madre de Dios,1995,0.0,868585.322248493,875237.6939049993
Alto Purús,Parque Nacional,Madre de Dios,1996,0.0,868289.3673535533,875237.6939049998
Alto Purús,Parque Nacional,Madre de Dios,1997,0.0,868395.6707851086,875237.6939049999
Alto Purús,Parque Nacional,Madre de Dios,1998,0.0,868733.9940463568,875237.6939049993
Alto Purús,Parque Nacional,Madre de Dios,1999,0.0,868451.9347347182,875237.6939050001
Alto Purús,Parque Nacional,Madre de Dios,2000,0.0,868625.463094587,875237.6939049996
Alto Purús,Parque Nacional,Madre de Dios,2001,0.0,868572.614481446,875237.6939049994
Alto Purús,Parque Nacional,Madre de Dios,2002,0.0,868480.1658693651,875237.6939049974
Alto Purús,Parque Nacional,Madre de Dios,2003,0.0,868290.5072266703,875237.6939049966
Alto Purús,Parque Nacional,Madre de Dios,2004,0.0,867926.8417469845,875237.6939049923
Alto Purús,Parque Nacional,Madre de Dios,2005,0.0,868520.5292747782,875237.6939049966
Alto Purús,Parque Nacional,Madre de Dios,2006,0.0,868456.3907407244,875237.6939049944
Alto Purús,Parque Nacional,Madre de Dios,2007,0.0,868402.7905690434,875237.6939049931
Alto Purús,Parque Nacional,Madre de Dios,2008,0.0,868285.6525697245,875237.6939049906
Alto Purús,Parque Nacional,Madre de Dios,2009,0.0,868103.5290851501,875237.6939049925
Alto Purús,Parque Nacional,Madre de Dios,2010,0.0,868503.003110333,875237.6939049924
Alto Purús,Parque Nacional,Madre de Dios,2011,0.0,868354.5759664371,875237.693904993
Alto Purús,Parque Nacional,Madre de Dios,2012,0.0,868047.0872703743,875237.6939049934
Alto Purús,Parque Nacional,Madre de Dios,2013,0.0,868290.0360356563,875237.6939049923
Alto Purús,Parque Nacional,Madre de Dios,2014,0.0,868407.7766057036,875237.6939049956
Alto Purús,Parque Nacional,Madre de Dios,2015,0.0,868461.2744580234,875237.693904996
Alto Purús,Parque Nacional,Madre de Dios,2016,0.0,868599.8740023002,875237.6939049918
Alto Purús,Parque Nacional,Madre de Dios,2017,0.0,868885.8080976959,875237.6939049957
Alto Purús,Parque Nacional,Madre de Dios,2018,0.0,868764.4012934177,875237.693904996
Alto Purús,Parque Nacional,Madre de Dios,2019,0.0,868805.4483201966,875237.6939049988
Alto Purús,Parque Nacional,Madre de Dios,2020,0.0,869051.3284705821,875237.6939049999
Alto Purús,Parque Nacional,Madre de Dios,2021,0.0,868634.508139271,875237.6939049998
Alto Purús,Parque Nacional,Madre de Dios,2022,0.0,868728.1407017556,875237.6939049966
Alto Purús,Parque Nacional,Madre de Dios,2023,0.0,868520.387199614,875237.6939049911
Alto Purús,Parque Nacional,Madre de Dios,2024,0.0,868436.5652451782,875237.6939049927
Alto Purús,Parque Nacional,Madre de Dios,2025,0.0,868349.9144155625,875237.6939049913
Alto Purús,Parque Nacional,Ucayali,1985,0.0,821688.4225529999,823915.079626822
Alto Purús,Parque Nacional,Ucayali,1986,0.0,821487.742686095,823915.0796268238
Alto Purús,Parque Nacional,Ucayali,1987,0.0,821530.5315101546,823915.0796268233
Alto Purús,Parque Nacional,Ucayali,1988,0.0,821527.3273620419,823915.0796268246
Alto Purús,Parque Nacional,Ucayali,1989,0.0,821500.0508480415,823915.0796268258
Alto Purús,Parque Nacional,Ucayali,1990,0.0,821502.6676665596,823915.0796268258
Alto Purús,Parque Nacional,Ucayali,1991,0.0,821608.6777746157,823915.0796268252
Alto Purús,Parque Nacional,Ucayali,1992,0.0,821605.2999494573,823915.0796268254
Alto Purús,Parque Nacional,Ucayali,1993,0.0,821573.4230732789,823915.079626825
Alto Purús,Parque Nacional,Ucayali,1994,0.0,821667.3080768426,823915.0796268242
Alto Purús,Parque Nacional,Ucayali,1995,0.0,821559.3784285594,823915.079626826
Alto Purús,Parque Nacional,Ucayali,1996,0.0,821567.2102698304,823915.079626825
Alto Purús,Parque Nacional,Ucayali,1997,0.0,821605.0725375845,823915.079626824
Alto Purús,Parque Nacional,Ucayali,1998,0.0,821612.4061635066,823915.0796268245
Alto Purús,Parque Nacional,Ucayali,1999,0.0,821646.250558154,823915.0796268246
Alto Purús,Parque Nacional,Ucayali,2000,0.0,821620.5130246402,823915.0796268252
Alto Purús,Parque Nacional,Ucayali,2001,0.0,821651.5275587711,823915.0796268253
Alto Purús,Parque Nacional,Ucayali,2002,0.0,821540.7120268933,823915.0796268262
Alto Purús,Parque Nacional,Ucayali,2003,0.0,821550.798215986,823915.0796268258
Alto Purús,Parque Nacional,Ucayali,2004,0.0,821542.1012593517,823915.079626826
Alto Purús,Parque Nacional,Ucayali,2005,0.0,821616.0610885015,823915.0796268255
Alto Purús,Parque Nacional,Ucayali,2006,0.0,821630.4111761965,823915.0796268253
Alto Purús,Parque Nacional,Ucayali,2007,0.0,821599.020870575,823915.0796268249
Alto Purús,Parque Nacional,Ucayali,2008,0.0,821597.2734808167,823915.079626825
Alto Purús,Parque Nacional,Ucayali,2009,0.0,821599.0683437621,823915.0796268248
Alto Purús,Parque Nacional,Ucayali,2010,0.0,821674.4430886897,823915.0796268245
Alto Purús,Parque Nacional,Ucayali,2011,0.0,821661.4613738406,823915.0796268252
Alto Purús,Parque Nacional,Ucayali,2012,0.0,821623.5394693417,823915.0796268247
Alto Purús,Parque Nacional,Ucayali,2013,0.0,821618.0645746456,823915.0796268245
Alto Purús,Parque Nacional,Ucayali,2014,0.0,821603.5401585383,823915.0796268245
Alto Purús,Parque Nacional,Ucayali,2015,0.0,821556.8795020137,823915.0796268245
Alto Purús,Parque Nacional,Ucayali,2016,0.0,821642.0242739539,823915.0796268225
Alto Purús,Parque Nacional,Ucayali,2017,0.0,821629.0911580913,823915.079626823
Alto Purús,Parque Nacional,Ucayali,2018,0.0,821628.4132060766,823915.0796268224
Alto Purús,Parque Nacional,Ucayali,2019,0.0,821583.8889872971,823915.0796268235
Alto Purús,Parque Nacional,Ucayali,2020,0.0,821690.3276318387,823915.0796268217
Alto Purús,Parque Nacional,Ucayali,2021,0.0,821679.0779797379,823915.0796268204
Alto Purús,Parque Nacional,Ucayali,2022,0.0,821679.6400441249,823915.0796268214
Alto Purús,Parque Nacional,Ucayali,2023,0.0,821741.5398317953,823915.0796268209
Alto Purús,Parque Nacional,Ucayali,2024,0.0,821776.3949537675,823915.0796268205
Alto Purús,Parque Nacional,Ucayali,2025,0.0,821722.97913309,823915.0796268218
Amarakaeri,Reserva Comunal,Cusco,1985,0.0,47782.84200204555,49878.5041271371
Amarakaeri,Reserva Comunal,Cusco,1986,0.0,47799.04598184292,49878.50412731412
Amarakaeri,Reserva Comunal,Cusco,1987,0.0,47535.698610261,49878.50412713724
Amarakaeri,Reserva Comunal,Cusco,1988,0.0,47457.06890797226,49878.50412713729
Amarakaeri,Reserva Comunal,Cusco,1989,0.0,47435.9730578745,49878.50412713718
Amarakaeri,Reserva Comunal,Cusco,1990,0.3485446655273438,47323.71001649282,49878.504127137356
Amarakaeri,Reserva Comunal,Cusco,1991,0.0,47215.09559379383,49878.50412713734
Amarakaeri,Reserva Comunal,Cusco,1992,0.0,47152.93705808822,49878.5041271373
Amarakaeri,Reserva Comunal,Cusco,1993,0.4356690979003905,47338.62122062455,49878.504127137
Amarakaeri,Reserva Comunal,Cusco,1994,1.829803546142578,47575.90610965034,49878.50412713693
Amarakaeri,Reserva Comunal,Cusco,1995,1.829803546142578,47664.28341894579,49878.50412713672
Amarakaeri,Reserva Comunal,Cusco,1996,6.099393188476563,47815.44252114905,49878.50412713661
Amarakaeri,Reserva Comunal,Cusco,1997,5.750836370849612,47876.73187542793,49878.50412713692
Amarakaeri,Reserva Comunal,Cusco,1998,7.493537573242194,47798.10139368343,49878.5041271368
Amarakaeri,Reserva Comunal,Cusco,1999,5.663766705322265,47679.54569166969,49878.50412713723
Amarakaeri,Reserva Comunal,Cusco,2000,7.057900415039067,47506.94825198497,49878.50412731456
Amarakaeri,Reserva Comunal,Cusco,2001,6.186571405029299,47442.44020108183,49878.50412713774
Amarakaeri,Reserva Comunal,Cusco,2002,4.79244038696289,47397.1239307448,49878.50412731463
Amarakaeri,Reserva Comunal,Cusco,2003,3.311143865966797,47317.80445752705,49878.50412713765
Amarakaeri,Reserva Comunal,Cusco,2004,2.439792004394532,47292.62295720378,49878.504127137865
Amarakaeri,Reserva Comunal,Cusco,2005,0.0,47274.48500353566,49878.504127314976
Amarakaeri,Reserva Comunal,Cusco,2006,0.0,47221.50987121135,49878.50412713788
Amarakaeri,Reserva Comunal,Cusco,2007,0.0,47147.76131834282,49878.504127137996
Amarakaeri,Reserva Comunal,Cusco,2008,0.0,47074.0995384175,49878.50412731522
Amarakaeri,Reserva Comunal,Cusco,2009,0.0,47129.82371747615,49878.50412713803
Amarakaeri,Reserva Comunal,Cusco,2010,0.0,47153.01302180343,49878.504127137916
Amarakaeri,Reserva Comunal,Cusco,2011,0.0,47190.59821049993,49878.50412713813
Amarakaeri,Reserva Comunal,Cusco,2012,0.0,47280.74320274231,49878.50412713807
Amarakaeri,Reserva Comunal,Cusco,2013,0.0,47307.59263415705,49878.504127138
Amarakaeri,Reserva Comunal,Cusco,2014,1.481084033203125,47186.44353250293,49878.50412713794
Amarakaeri,Reserva Comunal,Cusco,2015,5.401564270019533,47139.97644456975,49878.504127138105
Amarakaeri,Reserva Comunal,Cusco,2016,7.405364337158201,46997.4713012168,49878.5041271384
Amarakaeri,Reserva Comunal,Cusco,2017,9.583442840576163,46820.55639237232,49878.50412713792
Amarakaeri,Reserva Comunal,Cusco,2018,21.60666687011716,46739.6872581682,49878.50412713794
Amarakaeri,Reserva Comunal,Cusco,2019,71.09784816894523,46454.23039446619,49878.5041271383
Amarakaeri,Reserva Comunal,Cusco,2020,109.1739649353032,46273.90272397618,49878.50412713781
Amarakaeri,Reserva Comunal,Cusco,2021,123.5505872009287,46058.35238741572,49878.50412713739
Amarakaeri,Reserva Comunal,Cusco,2022,141.411267321778,46016.13750269307,49878.50412713762
Amarakaeri,Reserva Comunal,Cusco,2023,143.8509758056647,45957.29288782486,49878.50412713757
Amarakaeri,Reserva Comunal,Cusco,2024,163.4547988891607,45889.04431831778,49878.504127137334
Amarakaeri,Reserva Comunal,Cusco,2025,189.9420862731937,45597.19305642149,49878.504127136766
Amarakaeri,Reserva Comunal,Madre de Dios,1985,0.0,221705.05351030713,230454.52777497383
Amarakaeri,Reserva Comunal,Madre de Dios,1986,0.0,221707.73503924493,230454.52777498096
Amarakaeri,Reserva Comunal,Madre de Dios,1987,0.0,221670.32066007057,230454.52777497531
Amarakaeri,Reserva Comunal,Madre de Dios,1988,0.0,221468.2761523998,230454.52777497665
Amarakaeri,Reserva Comunal,Madre de Dios,1989,0.0,221902.6727387199,230454.52777497473
Amarakaeri,Reserva Comunal,Madre de Dios,1990,0.0,221575.90948801654,230454.52777497328
Amarakaeri,Reserva Comunal,Madre de Dios,1991,0.0,221591.31334581412,230454.5277749767
Amarakaeri,Reserva Comunal,Madre de Dios,1992,0.0,221511.96735788663,230454.52777497642
Amarakaeri,Reserva Comunal,Madre de Dios,1993,0.0,222381.27805338165,230454.52777497587
Amarakaeri,Reserva Comunal,Madre de Dios,1994,0.0,221985.15503535603,230454.52777498003
Amarakaeri,Reserva Comunal,Madre de Dios,1995,0.0,222052.6834488868,230454.5277749793
Amarakaeri,Reserva Comunal,Madre de Dios,1996,0.0,222520.06825284133,230454.52777497875
Amarakaeri,Reserva Comunal,Madre de Dios,1997,11.07188807983398,222491.41053716105,230454.52777497837
Amarakaeri,Reserva Comunal,Madre de Dios,1998,0.0,222655.00896919696,230454.52777497697
Amarakaeri,Reserva Comunal,Madre de Dios,1999,25.02201367187501,222629.75810866978,230454.52777497837
Amarakaeri,Reserva Comunal,Madre de Dios,2000,13.77473684692383,222678.50442744273,230454.527774983
Amarakaeri,Reserva Comunal,Madre de Dios,2001,27.99362569580077,222082.10072798605,230454.527774977
Amarakaeri,Reserva Comunal,Madre de Dios,2002,23.45776593017579,221470.64225562027,230454.52777498058
Amarakaeri,Reserva Comunal,Madre de Dios,2003,91.4803394470214,221069.46136358805,230454.5277749833
Amarakaeri,Reserva Comunal,Madre de Dios,2004,166.4341340515137,221003.11341022837,230454.5277749805
Amarakaeri,Reserva Comunal,Madre de Dios,2005,430.0352238464361,221018.18607701757,230454.52777498504
Amarakaeri,Reserva Comunal,Madre de Dios,2006,1105.016467156982,220775.6703251304,230454.5277749778
Amarakaeri,Reserva Comunal,Madre de Dios,2007,2142.680298779377,219646.9501406587,230454.52777497884
Amarakaeri,Reserva Comunal,Madre de Dios,2008,2377.833292199821,218871.12483017106,230454.52777498311
Amarakaeri,Reserva Comunal,Madre de Dios,2009,3255.640924646123,218647.3194463579,230454.5277749774
Amarakaeri,Reserva Comunal,Madre de Dios,2010,3908.422096765119,217970.51934228124,230454.52777497773
Amarakaeri,Reserva Comunal,Madre de Dios,2011,4790.055752307197,217331.6556653814,230454.5277749762
Amarakaeri,Reserva Comunal,Madre de Dios,2012,5377.486951177905,216779.75050496537,230454.52777497872
Amarakaeri,Reserva Comunal,Madre de Dios,2013,5800.521669824173,216472.34565647057,230454.52777497636
Amarakaeri,Reserva Comunal,Madre de Dios,2014,6341.352989538576,215318.51996547988,230454.5277749769
Amarakaeri,Reserva Comunal,Madre de Dios,2015,6638.693694555744,214750.49874333647,230454.52777497715
Amarakaeri,Reserva Comunal,Madre de Dios,2016,6998.676073681388,214398.06199074246,230454.5277749768
Amarakaeri,Reserva Comunal,Madre de Dios,2017,7448.014902898978,213405.66936391377,230454.52777497921
Amarakaeri,Reserva Comunal,Madre de Dios,2018,7490.001020764008,213399.73385667367,230454.52777497796
Amarakaeri,Reserva Comunal,Madre de Dios,2019,7731.806608086819,212448.75534547403,230454.52777497805
Amarakaeri,Reserva Comunal,Madre de Dios,2020,8465.541552019915,212212.93490577,230454.52777497738
Amarakaeri,Reserva Comunal,Madre de Dios,2021,9109.556248418887,211629.39849566086,230454.52777497575
Amarakaeri,Reserva Comunal,Madre de Dios,2022,10177.95447780156,210246.53988459872,230454.52777497354
Amarakaeri,Reserva Comunal,Madre de Dios,2023,12274.32735374734,209352.1762477617,230454.5277749709
Amarakaeri,Reserva Comunal,Madre de Dios,2024,12994.53690545001,208754.35014006885,230454.5277749683
Amarakaeri,Reserva Comunal,Madre de Dios,2025,13905.92386916999,206979.99331096307,230454.52777496947
Ashaninka,Reserva Comunal,Cusco,1985,0.0,37962.64393176344,40979.117731647464
Ashaninka,Reserva Comunal,Cusco,1986,0.0,37976.36894217605,40979.11773164747
Ashaninka,Reserva Comunal,Cusco,1987,0.0,37932.14751776797,40979.117731647355
Ashaninka,Reserva Comunal,Cusco,1988,0.0,37889.58818215981,40979.11773164711
Ashaninka,Reserva Comunal,Cusco,1989,0.0,37873.59554246257,40979.11773164714
Ashaninka,Reserva Comunal,Cusco,1990,0.0,37872.116096655715,40979.11773164716
Ashaninka,Reserva Comunal,Cusco,1991,0.0,37870.02799760176,40979.117731647166
Ashaninka,Reserva Comunal,Cusco,1992,0.0,37897.817613702886,40979.11773164721
Ashaninka,Reserva Comunal,Cusco,1993,0.0,37945.8759887091,40979.117731647326
Ashaninka,Reserva Comunal,Cusco,1994,0.0,37972.966129797955,40979.11773164731
Ashaninka,Reserva Comunal,Cusco,1995,0.0,37948.49068731132,40979.11773164725
Ashaninka,Reserva Comunal,Cusco,1996,0.0,37917.652881030685,40979.11773164714
Ashaninka,Reserva Comunal,Cusco,1997,0.0,37938.80016193286,40979.11773164721
Ashaninka,Reserva Comunal,Cusco,1998,0.0,37957.061596808475,40979.11773164733
Ashaninka,Reserva Comunal,Cusco,1999,0.0,37979.69472136299,40979.117731647406
Ashaninka,Reserva Comunal,Cusco,2000,0.0,37980.74945816719,40979.11773164741
Ashaninka,Reserva Comunal,Cusco,2001,0.0,37998.832351557074,40979.1177316474
Ashaninka,Reserva Comunal,Cusco,2002,0.0,37949.19790485298,40979.11773164741
Ashaninka,Reserva Comunal,Cusco,2003,0.0,37895.64410905202,40979.117731647224
Ashaninka,Reserva Comunal,Cusco,2004,0.0,37878.8674593815,40979.11773164712
Ashaninka,Reserva Comunal,Cusco,2005,0.0,37874.06009088174,40979.117731647115
Ashaninka,Reserva Comunal,Cusco,2006,0.0,37885.77609162641,40979.11773164715
Ashaninka,Reserva Comunal,Cusco,2007,0.0,37926.05650367493,40979.11773164734
Ashaninka,Reserva Comunal,Cusco,2008,0.0,37932.8622050361,40979.11773164742
Ashaninka,Reserva Comunal,Cusco,2009,0.0,37917.12489137643,40979.11773164742
Ashaninka,Reserva Comunal,Cusco,2010,0.0,37887.15541159118,40979.117731647326
Ashaninka,Reserva Comunal,Cusco,2011,0.0,37863.02939072939,40979.11773164735
Ashaninka,Reserva Comunal,Cusco,2012,0.0,37819.15964868216,40979.11773164724
Ashaninka,Reserva Comunal,Cusco,2013,0.0,37754.58379951832,40979.117731647224
Ashaninka,Reserva Comunal,Cusco,2014,0.0,37706.4348082401,40979.11773164707
Ashaninka,Reserva Comunal,Cusco,2015,0.0,37660.29376291529,40979.11773164697
Ashaninka,Reserva Comunal,Cusco,2016,0.0,37563.97578994776,40979.11773164697
Ashaninka,Reserva Comunal,Cusco,2017,0.0,37476.04372316913,40979.117731646904
Ashaninka,Reserva Comunal,Cusco,2018,0.0,37189.8547631285,40979.11773164655
Ashaninka,Reserva Comunal,Cusco,2019,0.0,36939.5955903745,40979.11773164645
Ashaninka,Reserva Comunal,Cusco,2020,0.0,36734.26726400754,40979.11773164667
Ashaninka,Reserva Comunal,Cusco,2021,0.0,36731.98658072513,40979.117731646744
Ashaninka,Reserva Comunal,Cusco,2022,0.0,36637.95023471078,40979.11773164679
Ashaninka,Reserva Comunal,Cusco,2023,0.0,36570.39757186901,40979.11773164683
Ashaninka,Reserva Comunal,Cusco,2024,0.0,36517.60376919578,40979.11773164695
Ashaninka,Reserva Comunal,Cusco,2025,0.0,36493.30905084257,40979.117731647
Ashaninka,Reserva Comunal,Junín,1985,0.0,277523.1827857003,284818.62477591634
Ashaninka,Reserva Comunal,Junín,1986,0.0,277385.0474365256,284818.6247759177
Ashaninka,Reserva Comunal,Junín,1987,0.0,277977.97739027627,284818.6247759147
Ashaninka,Reserva Comunal,Junín,1988,0.0,278687.98668502906,284818.6247759165
Ashaninka,Reserva Comunal,Junín,1989,0.0,279236.81057771004,284818.6247759156
Ashaninka,Reserva Comunal,Junín,1990,0.0,279647.9689100791,284818.62477591773
Ashaninka,Reserva Comunal,Junín,1991,0.0,279213.2371028732,284818.62477591395
Ashaninka,Reserva Comunal,Junín,1992,0.0,279423.301644758,284818.62477591034
Ashaninka,Reserva Comunal,Junín,1993,0.0,279675.8239553902,284818.62477591017
Ashaninka,Reserva Comunal,Junín,1994,0.0,279190.6254213271,284818.6247759108
Ashaninka,Reserva Comunal,Junín,1995,0.0,279251.32199650665,284818.6247759073
Ashaninka,Reserva Comunal,Junín,1996,0.0,279519.674181341,284818.6247759089
Ashaninka,Reserva Comunal,Junín,1997,0.0,279320.8822161942,284818.624775911
Ashaninka,Reserva Comunal,Junín,1998,0.0,278820.2231667135,284818.6247759115
Ashaninka,Reserva Comunal,Junín,1999,0.0,279018.63693658035,284818.6247759114
Ashaninka,Reserva Comunal,Junín,2000,0.0,279018.40772776585,284818.6247759165
Ashaninka,Reserva Comunal,Junín,2001,0.0,278659.5610127139,284818.6247759158
Ashaninka,Reserva Comunal,Junín,2002,0.0,278487.16799288715,284818.62477591936
Ashaninka,Reserva Comunal,Junín,2003,0.0,278558.7699156542,284818.62477592035
Ashaninka,Reserva Comunal,Junín,2004,0.0,278308.0022811901,284818.6247759228
Ashaninka,Reserva Comunal,Junín,2005,0.0,278238.0899592486,284818.62477592344
Ashaninka,Reserva Comunal,Junín,2006,0.0,278192.7053230347,284818.6247759217
Ashaninka,Reserva Comunal,Junín,2007,0.0,278150.6941870431,284818.6247759225
Ashaninka,Reserva Comunal,Junín,2008,0.0,278112.64887302247,284818.62477592163
Ashaninka,Reserva Comunal,Junín,2009,0.0,277794.2388366757,284818.62477592746
Ashaninka,Reserva Comunal,Junín,2010,0.0,277887.448307022,284818.6247759246
Ashaninka,Reserva Comunal,Junín,2011,0.0,277262.71018721326,284818.624775934
Ashaninka,Reserva Comunal,Junín,2012,0.0,277105.6208209179,284818.62477593496
Ashaninka,Reserva Comunal,Junín,2013,0.0,276734.68944250984,284818.6247759327
Ashaninka,Reserva Comunal,Junín,2014,0.0,276401.19715252396,284818.62477593095
Ashaninka,Reserva Comunal,Junín,2015,0.0,276017.5197018857,284818.62477593357
Ashaninka,Reserva Comunal,Junín,2016,0.0,275833.89008016663,284818.6247759308
Ashaninka,Reserva Comunal,Junín,2017,0.0,275837.5309114242,284818.6247759323
Ashaninka,Reserva Comunal,Junín,2018,0.0,274847.0441526429,284818.6247759339
Ashaninka,Reserva Comunal,Junín,2019,0.0,274094.17050927255,284818.62477594125
Ashaninka,Reserva Comunal,Junín,2020,0.0,273433.50951860973,284818.624775934
Ashaninka,Reserva Comunal,Junín,2021,0.0,273142.4002718565,284818.6247759337
Ashaninka,Reserva Comunal,Junín,2022,0.0,273243.24376560736,284818.6247759406
Ashaninka,Reserva Comunal,Junín,2023,0.0,271575.9289588052,284818.6247759438
Ashaninka,Reserva Comunal,Junín,2024,0.0,271050.0862207507,284818.6247759386
Ashaninka,Reserva Comunal,Junín,2025,0.0,270351.0119407645,284818.6247759391
Ashaninka,Reserva Comunal,Ucayali,1985,0.0,16.66429241943357,16.66429241943357
Ashaninka,Reserva Comunal,Ucayali,1986,0.0,16.66429241943357,16.66429241943357
Ashaninka,Reserva Comunal,Ucayali,1987,0.0,16.66429241943357,16.66429241943357
Ashaninka,Reserva Comunal,Ucayali,1988,0.0,16.66429241943357,16.66429241943357
Ashaninka,Reserva Comunal,Ucayali,1989,0.0,16.66429241943357,16.66429241943357
Ashaninka,Reserva Comunal,Ucayali,1990,0.0,16.66429241943357,16.66429241943357
Ashaninka,Reserva Comunal,Ucayali,1991,0.0,16.66429241943357,16.66429241943357
Ashaninka,Reserva Comunal,Ucayali,1992,0.0,16.66429241943357,16.66429241943357
Ashaninka,Reserva Comunal,Ucayali,1993,0.0,16.66429241943357,16.66429241943357
Ashaninka,Reserva Comunal,Ucayali,1994,0.0,16.66429241943357,16.66429241943357
Ashaninka,Reserva Comunal,Ucayali,1995,0.0,16.66429241943357,16.66429241943357
Ashaninka,Reserva Comunal,Ucayali,1996,0.0,16.66429241943357,16.66429241943357
Ashaninka,Reserva Comunal,Ucayali,1997,0.0,16.66429241943357,16.66429241943357
Ashaninka,Reserva Comunal,Ucayali,1998,0.0,16.66429241943357,16.66429241943357
Ashaninka,Reserva Comunal,Ucayali,1999,0.0,16.66429241943357,16.66429241943357
Ashaninka,Reserva Comunal,Ucayali,2000,0.0,16.66429241943357,16.66429241943357
Ashaninka,Reserva Comunal,Ucayali,2001,0.0,16.66429241943357,16.66429241943357
Ashaninka,Reserva Comunal,Ucayali,2002,0.0,16.66429241943357,16.66429241943357
Ashaninka,Reserva Comunal,Ucayali,2003,0.0,16.66429241943357,16.66429241943357
Ashaninka,Reserva Comunal,Ucayali,2004,0.0,16.66429241943357,16.66429241943357
Ashaninka,Reserva Comunal,Ucayali,2005,0.0,16.66429241943357,16.66429241943357
Ashaninka,Reserva Comunal,Ucayali,2006,0.0,16.66429241943357,16.66429241943357
Ashaninka,Reserva Comunal,Ucayali,2007,0.0,16.66429241943357,16.66429241943357
Ashaninka,Reserva Comunal,Ucayali,2008,0.0,16.66429241943357,16.66429241943357
Ashaninka,Reserva Comunal,Ucayali,2009,0.0,16.66429241943357,16.66429241943357
Ashaninka,Reserva Comunal,Ucayali,2010,0.0,16.66429241943357,16.66429241943357
Ashaninka,Reserva Comunal,Ucayali,2011,0.0,16.66429241943357,16.66429241943357
Ashaninka,Reserva Comunal,Ucayali,2012,0.0,16.66429241943357,16.66429241943357
Ashaninka,Reserva Comunal,Ucayali,2013,0.0,16.66429241943357,16.66429241943357
Ashaninka,Reserva Comunal,Ucayali,2014,0.0,16.66429241943357,16.66429241943357
Ashaninka,Reserva Comunal,Ucayali,2015,0.0,16.66429241943357,16.66429241943357
Ashaninka,Reserva Comunal,Ucayali,2016,0.0,16.66429241943357,16.66429241943357
Ashaninka,Reserva Comunal,Ucayali,2017,0.0,16.66429241943357,16.66429241943357
Ashaninka,Reserva Comunal,Ucayali,2018,0.0,16.66429241943357,16.66429241943357
Ashaninka,Reserva Comunal,Ucayali,2019,0.0,16.5765875854492,16.664292419433576
Ashaninka,Reserva Comunal,Ucayali,2020,0.0,16.66429241943357,16.66429241943357
Ashaninka,Reserva Comunal,Ucayali,2021,0.0,16.66429241943357,16.66429241943357
Ashaninka,Reserva Comunal,Ucayali,2022,0.0,16.66429241943357,16.66429241943357
Ashaninka,Reserva Comunal,Ucayali,2023,0.0,16.31347703247068,16.66429241943357
Ashaninka,Reserva Comunal,Ucayali,2024,0.0,16.31347703247068,16.66429241943357
Ashaninka,Reserva Comunal,Ucayali,2025,0.0,14.91021346435546,16.664292419433586
Bahuaja-Sonene,Parque Nacional,Madre de Dios,1985,0.0,120.58018048706077,145.14955490722676
Bahuaja-Sonene,Parque Nacional,Madre de Dios,1986,0.0,122.06133480224631,145.14955490722676
Bahuaja-Sonene,Parque Nacional,Madre de Dios,1987,0.0,116.04967781982441,145.14955490722676
Bahuaja-Sonene,Parque Nacional,Madre de Dios,1988,0.0,113.9586622619631,145.14955490722676
Bahuaja-Sonene,Parque Nacional,Madre de Dios,1989,0.0,110.21229742431657,145.14955490722673
Bahuaja-Sonene,Parque Nacional,Madre de Dios,1990,0.0,112.65180874023457,145.14955490722673
Bahuaja-Sonene,Parque Nacional,Madre de Dios,1991,0.0,109.60241926269549,145.14955490722673
Bahuaja-Sonene,Parque Nacional,Madre de Dios,1992,0.0,108.38265637817398,145.14955490722673
Bahuaja-Sonene,Parque Nacional,Madre de Dios,1993,0.0,110.0380437255861,145.14955490722673
Bahuaja-Sonene,Parque Nacional,Madre de Dios,1994,0.0,121.88701770629908,145.1495549072268
Bahuaja-Sonene,Parque Nacional,Madre de Dios,1995,0.0,121.364267681885,145.1495549072268
Bahuaja-Sonene,Parque Nacional,Madre de Dios,1996,0.0,113.69736846923846,145.14955490722673
Bahuaja-Sonene,Parque Nacional,Madre de Dios,1997,0.0,117.35664003906271,145.1495549072268
Bahuaja-Sonene,Parque Nacional,Madre de Dios,1998,0.0,112.21623099975604,145.14955490722673
Bahuaja-Sonene,Parque Nacional,Madre de Dios,1999,0.0,108.29558194580096,145.14955490722673
Bahuaja-Sonene,Parque Nacional,Madre de Dios,2000,0.0,110.99642009887711,145.14955490722673
Bahuaja-Sonene,Parque Nacional,Madre de Dios,2001,0.0,96.96923514404308,145.14955490722673
Bahuaja-Sonene,Parque Nacional,Madre de Dios,2002,0.0,93.22285841064465,145.14955490722673
Bahuaja-Sonene,Parque Nacional,Madre de Dios,2003,0.0,86.94983085327164,145.1495549072268
Bahuaja-Sonene,Parque Nacional,Madre de Dios,2004,0.0,89.73782730712904,145.14955490722673
Bahuaja-Sonene,Parque Nacional,Madre de Dios,2005,0.0,88.3438446166993,145.14955490722664
Bahuaja-Sonene,Parque Nacional,Madre de Dios,2006,0.0,86.3399988403321,145.14955490722662
Bahuaja-Sonene,Parque Nacional,Madre de Dios,2007,0.0,85.12022269287115,145.14955490722662
Bahuaja-Sonene,Parque Nacional,Madre de Dios,2008,0.0,85.6430105834961,145.14955490722662
Bahuaja-Sonene,Parque Nacional,Madre de Dios,2009,0.0,84.51038358764649,145.14955490722656
Bahuaja-Sonene,Parque Nacional,Madre de Dios,2010,0.0,84.0747572631836,145.1495549072266
Bahuaja-Sonene,Parque Nacional,Madre de Dios,2011,1.132627270507813,85.03316322631827,145.1495549072265
Bahuaja-Sonene,Parque Nacional,Madre de Dios,2012,0.8712523986816406,89.30225239868166,145.14955490722662
Bahuaja-Sonene,Parque Nacional,Madre de Dios,2013,0.0,87.47265889282227,145.14955490722662
Bahuaja-Sonene,Parque Nacional,Madre de Dios,2014,0.3485058166503906,79.80571692504878,145.1495549072265
Bahuaja-Sonene,Parque Nacional,Madre de Dios,2015,0.0,73.7070423034667,145.14955490722642
Bahuaja-Sonene,Parque Nacional,Madre de Dios,2016,0.0,71.87739920654292,145.14955490722653
Bahuaja-Sonene,Parque Nacional,Madre de Dios,2017,0.0,69.17657442626945,145.14955490722653
Bahuaja-Sonene,Parque Nacional,Madre de Dios,2018,0.0,68.82804769897459,145.14955490722662
Bahuaja-Sonene,Parque Nacional,Madre de Dios,2019,0.0,71.09330257568352,145.14955490722647
Bahuaja-Sonene,Parque Nacional,Madre de Dios,2020,0.0,71.35466788940424,145.14955490722653
Bahuaja-Sonene,Parque Nacional,Madre de Dios,2021,0.0871262939453125,76.32075359497068,145.14955490722656
Bahuaja-Sonene,Parque Nacional,Madre de Dios,2022,0.0871262939453125,78.5860294250488,145.1495549072266
Bahuaja-Sonene,Parque Nacional,Madre de Dios,2023,0.0,78.58597152099608,145.14955490722656
Bahuaja-Sonene,Parque Nacional,Madre de Dios,2024,2.265279943847656,79.71858566284182,145.1495549072266
Bahuaja-Sonene,Parque Nacional,Madre de Dios,2025,0.0,78.32461236572263,145.14955490722653
Bahuaja-Sonene,Parque Nacional,Puno,1985,0.0,212137.86921574222,218790.9877256422
Bahuaja-Sonene,Parque Nacional,Puno,1986,0.0,212167.9218675772,218790.98772523718
Bahuaja-Sonene,Parque Nacional,Puno,1987,0.0,212227.25629845262,218790.98772564993
Bahuaja-Sonene,Parque Nacional,Puno,1988,0.0,213029.04931025082,218790.98772524108
Bahuaja-Sonene,Parque Nacional,Puno,1989,0.0,213077.45091607101,218790.98772523852
Bahuaja-Sonene,Parque Nacional,Puno,1990,0.0,212946.75665602932,218790.9877252371
Bahuaja-Sonene,Parque Nacional,Puno,1991,0.0,212978.18918059464,218790.98772523575
Bahuaja-Sonene,Parque Nacional,Puno,1992,0.0,212666.34206270622,218790.98772523066
Bahuaja-Sonene,Parque Nacional,Puno,1993,0.0,212655.96697450883,218790.98772522906
Bahuaja-Sonene,Parque Nacional,Puno,1994,0.0,212754.12128076682,218790.98772522484
Bahuaja-Sonene,Parque Nacional,Puno,1995,0.0,212324.81737082053,218790.98772522117
Bahuaja-Sonene,Parque Nacional,Puno,1996,0.0,212315.517790086,218790.98772523008
Bahuaja-Sonene,Parque Nacional,Puno,1997,0.0,212144.6677353469,218790.98772523346
Bahuaja-Sonene,Parque Nacional,Puno,1998,0.0,212128.11647451154,218790.9877252318
Bahuaja-Sonene,Parque Nacional,Puno,1999,0.0,211996.67130729023,218790.9877252285
Bahuaja-Sonene,Parque Nacional,Puno,2000,0.0,211778.7760750205,218790.98772522196
Bahuaja-Sonene,Parque Nacional,Puno,2001,0.0,211523.52492788166,218790.98772522062
Bahuaja-Sonene,Parque Nacional,Puno,2002,0.0,211401.7813779343,218790.9877252183
Bahuaja-Sonene,Parque Nacional,Puno,2003,0.0,211187.51544063797,218790.98772521448
Bahuaja-Sonene,Parque Nacional,Puno,2004,0.0,211010.95114619474,218790.98772561987
Bahuaja-Sonene,Parque Nacional,Puno,2005,2.874095922851561,211030.1812107034,218790.98772521154
Bahuaja-Sonene,Parque Nacional,Puno,2006,2.787001934814452,211024.09952265173,218790.98772521527
Bahuaja-Sonene,Parque Nacional,Puno,2007,6.18222322998047,210676.33591172827,218790.9877252171
Bahuaja-Sonene,Parque Nacional,Puno,2008,7.401721789550783,210431.23912846082,218790.98772562272
Bahuaja-Sonene,Parque Nacional,Puno,2009,2.351440057373047,210318.3456679977,218790.98772521206
Bahuaja-Sonene,Parque Nacional,Puno,2010,3.048213067626953,210036.86596072704,218790.98772521073
Bahuaja-Sonene,Parque Nacional,Puno,2011,2.177110968017578,209805.66148073785,218790.9877252081
Bahuaja-Sonene,Parque Nacional,Puno,2012,14.69103995361328,209598.9436547055,218790.98772520726
Bahuaja-Sonene,Parque Nacional,Puno,2013,19.0340506652832,209112.71198201124,218790.98772520586
Bahuaja-Sonene,Parque Nacional,Puno,2014,28.5101404724121,208246.64884536352,218790.9877252097
Bahuaja-Sonene,Parque Nacional,Puno,2015,42.84311607055664,207568.54135509784,218790.98772520895
Bahuaja-Sonene,Parque Nacional,Puno,2016,50.39771865234368,207237.73764024745,218790.9877251962
Bahuaja-Sonene,Parque Nacional,Puno,2017,55.44030977783198,206608.93545871702,218790.98772560546
Bahuaja-Sonene,Parque Nacional,Puno,2018,80.41893587036132,205943.62961739462,218790.98772520712
Bahuaja-Sonene,Parque Nacional,Puno,2019,90.16109013061518,204987.02291148115,218790.9877251957
Bahuaja-Sonene,Parque Nacional,Puno,2020,138.6391655334476,204815.13791057677,218790.98772519478
Bahuaja-Sonene,Parque Nacional,Puno,2021,204.8657801391609,204624.64801650183,218790.98772519338
Bahuaja-Sonene,Parque Nacional,Puno,2022,287.8520863220212,204460.70982565693,218790.9877256022
Bahuaja-Sonene,Parque Nacional,Puno,2023,333.2947980834952,203649.141665313,218790.98772520703
Bahuaja-Sonene,Parque Nacional,Puno,2024,373.5519712158197,203222.78635324433,218790.98772519277
Bahuaja-Sonene,Parque Nacional,Puno,2025,532.3178045654294,202257.17935800162,218790.9877251893
Bosque de Pomac,Santuario Histórico,Lambayeque,1985,0.0,6015.781495441089,9292.761776105297
Bosque de Pomac,Santuario Histórico,Lambayeque,1986,0.0,5942.222830475212,9292.76177610525
Bosque de Pomac,Santuario Histórico,Lambayeque,1987,0.0,6074.874131244332,9292.761776105403
Bosque de Pomac,Santuario Histórico,Lambayeque,1988,0.0,6085.091075140819,9292.761776105406
Bosque de Pomac,Santuario Histórico,Lambayeque,1989,0.0,5836.629519897745,9292.76177610521
Bosque de Pomac,Santuario Histórico,Lambayeque,1990,0.0,5966.304920667129,9292.761776105555
Bosque de Pomac,Santuario Histórico,Lambayeque,1991,0.0,5605.175891083189,9292.761776105319
Bosque de Pomac,Santuario Histórico,Lambayeque,1992,0.0,5611.750232251404,9292.761776105322
Bosque de Pomac,Santuario Histórico,Lambayeque,1993,0.0,5591.316353723568,9292.761776105319
Bosque de Pomac,Santuario Histórico,Lambayeque,1994,0.0,5589.894865192071,9292.761776105313
Bosque de Pomac,Santuario Histórico,Lambayeque,1995,0.0,5586.785341272396,9292.761776105317
Bosque de Pomac,Santuario Histórico,Lambayeque,1996,0.0,5290.013403070249,9292.761776105068
Bosque de Pomac,Santuario Histórico,Lambayeque,1997,0.0,4246.371793804721,9292.761776104813
Bosque de Pomac,Santuario Histórico,Lambayeque,1998,0.0,4456.887787005376,9292.76177610481
Bosque de Pomac,Santuario Histórico,Lambayeque,1999,0.0,4336.540573327463,9292.76177610496
Bosque de Pomac,Santuario Histórico,Lambayeque,2000,0.0,4006.835233294637,9292.761776105111
Bosque de Pomac,Santuario Histórico,Lambayeque,2001,0.0,3876.158274352997,9292.761776105135
Bosque de Pomac,Santuario Histórico,Lambayeque,2002,0.0,3600.469717950429,9292.761776105091
Bosque de Pomac,Santuario Histórico,Lambayeque,2003,0.0,3582.347677935752,9292.761776105
Bosque de Pomac,Santuario Histórico,Lambayeque,2004,0.0,3304.757055908152,9292.761776104942
Bosque de Pomac,Santuario Histórico,Lambayeque,2005,0.0,3227.918264916952,9292.761776104937
Bosque de Pomac,Santuario Histórico,Lambayeque,2006,0.0,2910.607623120144,9292.761776104933
Bosque de Pomac,Santuario Histórico,Lambayeque,2007,0.0,2480.288789080844,9292.761776105106
Bosque de Pomac,Santuario Histórico,Lambayeque,2008,0.0,2488.640702484166,9292.761776105126
Bosque de Pomac,Santuario Histórico,Lambayeque,2009,0.0,2238.624847912614,9292.76177610504
Bosque de Pomac,Santuario Histórico,Lambayeque,2010,0.0,2239.686737304723,9292.761776104986
Bosque de Pomac,Santuario Histórico,Lambayeque,2011,0.0,2265.801491308653,9292.76177610498
Bosque de Pomac,Santuario Histórico,Lambayeque,2012,0.0,2398.431522814962,9292.761776104779
Bosque de Pomac,Santuario Histórico,Lambayeque,2013,0.0,2547.666405505359,9292.76177610462
Bosque de Pomac,Santuario Histórico,Lambayeque,2014,0.0,2636.584166009521,9292.76177610461
Bosque de Pomac,Santuario Histórico,Lambayeque,2015,0.0,2666.345011779771,9292.761776104619
Bosque de Pomac,Santuario Histórico,Lambayeque,2016,0.0,2562.056746691865,9292.761776104806
Bosque de Pomac,Santuario Histórico,Lambayeque,2017,0.0,2567.743078411826,9292.76177610488
Bosque de Pomac,Santuario Histórico,Lambayeque,2018,0.0,2856.972303680396,9292.761776104819
Bosque de Pomac,Santuario Histórico,Lambayeque,2019,0.0,2879.61998861082,9292.761776104731
Bosque de Pomac,Santuario Histórico,Lambayeque,2020,0.0,2878.455146795657,9292.761776104699
Bosque de Pomac,Santuario Histórico,Lambayeque,2021,0.0,2985.406407647673,9292.76177610464
Bosque de Pomac,Santuario Histórico,Lambayeque,2022,0.0,2828.434437969923,9292.761776104668
Bosque de Pomac,Santuario Histórico,Lambayeque,2023,0.0,2897.984634326124,9292.761776104695
Bosque de Pomac,Santuario Histórico,Lambayeque,2024,0.0,3407.34629761361,9292.761776104893
Bosque de Pomac,Santuario Histórico,Lambayeque,2025,0.0,3391.888437182699,9292.761776104864
Bosques Nublados de Udima,Refugio de Vida Silvestre,Cajamarca,1985,0.0,2556.9814326904298,4021.764151440421
Bosques Nublados de Udima,Refugio de Vida Silvestre,Cajamarca,1986,0.0,2541.4401631713854,4021.7641514404204
Bosques Nublados de Udima,Refugio de Vida Silvestre,Cajamarca,1987,0.0,2459.9276660888636,4021.764151440417
Bosques Nublados de Udima,Refugio de Vida Silvestre,Cajamarca,1988,0.0,2418.899441693108,4021.7641514404204
Bosques Nublados de Udima,Refugio de Vida Silvestre,Cajamarca,1989,0.0,2409.2168439269963,4021.7641514404218
Bosques Nublados de Udima,Refugio de Vida Silvestre,Cajamarca,1990,0.0,2418.895474371332,4021.764151440417
Bosques Nublados de Udima,Refugio de Vida Silvestre,Cajamarca,1991,0.0,2432.124291253658,4021.764151440417
Bosques Nublados de Udima,Refugio de Vida Silvestre,Cajamarca,1992,0.0,2432.4802736755346,4021.7641514404204
Bosques Nublados de Udima,Refugio de Vida Silvestre,Cajamarca,1993,0.0,2356.038977227773,4021.7641514404113
Bosques Nublados de Udima,Refugio de Vida Silvestre,Cajamarca,1994,0.0,2323.0133949401916,4021.76415144043
Bosques Nublados de Udima,Refugio de Vida Silvestre,Cajamarca,1995,0.0,2328.074631427006,4021.764151440426
Bosques Nublados de Udima,Refugio de Vida Silvestre,Cajamarca,1996,0.0,2283.658425952141,4021.764151440419
Bosques Nublados de Udima,Refugio de Vida Silvestre,Cajamarca,1997,0.0,2369.4363141418416,4021.764151440423
Bosques Nublados de Udima,Refugio de Vida Silvestre,Cajamarca,1998,0.0,2417.3046566101057,4021.7641514404254
Bosques Nublados de Udima,Refugio de Vida Silvestre,Cajamarca,1999,0.0,2425.386609191895,4021.7641514404254
Bosques Nublados de Udima,Refugio de Vida Silvestre,Cajamarca,2000,0.0,2442.6131337829606,4021.7641514404263
Bosques Nublados de Udima,Refugio de Vida Silvestre,Cajamarca,2001,0.0,2424.58642699585,4021.7641514404263
Bosques Nublados de Udima,Refugio de Vida Silvestre,Cajamarca,2002,0.0,2390.838409069822,4021.764151440426
Bosques Nublados de Udima,Refugio de Vida Silvestre,Cajamarca,2003,0.0,2380.2715112060505,4021.764151440423
Bosques Nublados de Udima,Refugio de Vida Silvestre,Cajamarca,2004,0.0,2369.7056647399877,4021.764151440423
Bosques Nublados de Udima,Refugio de Vida Silvestre,Cajamarca,2005,0.0,2354.609456628415,4021.764151440422
Bosques Nublados de Udima,Refugio de Vida Silvestre,Cajamarca,2006,0.0,2369.7062202270495,4021.764151440426
Bosques Nublados de Udima,Refugio de Vida Silvestre,Cajamarca,2007,0.0,2364.8213693359367,4021.7641514404263
Bosques Nublados de Udima,Refugio de Vida Silvestre,Cajamarca,2008,0.0,2344.7565941589346,4021.7641514404268
Bosques Nublados de Udima,Refugio de Vida Silvestre,Cajamarca,2009,0.0,2313.944285852049,4021.764151440425
Bosques Nublados de Udima,Refugio de Vida Silvestre,Cajamarca,2010,0.0,2305.8673896972646,4021.7641514404268
Bosques Nublados de Udima,Refugio de Vida Silvestre,Cajamarca,2011,0.0,2285.3535200012184,4021.7641514404277
Bosques Nublados de Udima,Refugio de Vida Silvestre,Cajamarca,2012,0.0,2278.073388848873,4021.764151440423
Bosques Nublados de Udima,Refugio de Vida Silvestre,Cajamarca,2013,0.0,2263.336310119619,4021.7641514404163
Bosques Nublados de Udima,Refugio de Vida Silvestre,Cajamarca,2014,0.0,2283.5798335327127,4021.7641514404245
Bosques Nublados de Udima,Refugio de Vida Silvestre,Cajamarca,2015,0.0,2291.217120953369,4021.7641514404268
Bosques Nublados de Udima,Refugio de Vida Silvestre,Cajamarca,2016,0.0,2309.504843743896,4021.7641514404263
Bosques Nublados de Udima,Refugio de Vida Silvestre,Cajamarca,2017,0.0,2294.058093487547,4021.764151440426
Bosques Nublados de Udima,Refugio de Vida Silvestre,Cajamarca,2018,0.0,2290.6852578185963,4021.7641514404186
Bosques Nublados de Udima,Refugio de Vida Silvestre,Cajamarca,2019,0.0,2303.8275212707454,4021.76415144042
Bosques Nublados de Udima,Refugio de Vida Silvestre,Cajamarca,2020,0.0,2310.486945172114,4021.764151440421
Bosques Nublados de Udima,Refugio de Vida Silvestre,Cajamarca,2021,0.0,2313.1508594299285,4021.7641514404218
Bosques Nublados de Udima,Refugio de Vida Silvestre,Cajamarca,2022,0.0,2306.313583044429,4021.764151440419
Bosques Nublados de Udima,Refugio de Vida Silvestre,Cajamarca,2023,0.0,2287.300975762939,4021.764151440424
Bosques Nublados de Udima,Refugio de Vida Silvestre,Cajamarca,2024,0.0,2276.731286462402,4021.764151440425
Bosques Nublados de Udima,Refugio de Vida Silvestre,Cajamarca,2025,0.0,2265.8106205017084,4021.764151440426
Bosques Nublados de Udima,Refugio de Vida Silvestre,Lambayeque,1985,0.0,0.532709912109375,0.532709912109375
Bosques Nublados de Udima,Refugio de Vida Silvestre,Lambayeque,1986,0.0,0.532709912109375,0.532709912109375
Bosques Nublados de Udima,Refugio de Vida Silvestre,Lambayeque,1987,0.0,0.532709912109375,0.532709912109375
Bosques Nublados de Udima,Refugio de Vida Silvestre,Lambayeque,1988,0.0,0.532709912109375,0.532709912109375
Bosques Nublados de Udima,Refugio de Vida Silvestre,Lambayeque,1989,0.0,0.532709912109375,0.532709912109375
Bosques Nublados de Udima,Refugio de Vida Silvestre,Lambayeque,1990,0.0,0.532709912109375,0.532709912109375
Bosques Nublados de Udima,Refugio de Vida Silvestre,Lambayeque,1991,0.0,0.532709912109375,0.532709912109375
Bosques Nublados de Udima,Refugio de Vida Silvestre,Lambayeque,1992,0.0,0.532709912109375,0.532709912109375
Bosques Nublados de Udima,Refugio de Vida Silvestre,Lambayeque,1993,0.0,0.532709912109375,0.532709912109375
Bosques Nublados de Udima,Refugio de Vida Silvestre,Lambayeque,1994,0.0,0.532709912109375,0.532709912109375
Bosques Nublados de Udima,Refugio de Vida Silvestre,Lambayeque,1995,0.0,0.532709912109375,0.532709912109375
Bosques Nublados de Udima,Refugio de Vida Silvestre,Lambayeque,1996,0.0,0.532709912109375,0.532709912109375
Bosques Nublados de Udima,Refugio de Vida Silvestre,Lambayeque,1997,0.0,0.532709912109375,0.532709912109375
Bosques Nublados de Udima,Refugio de Vida Silvestre,Lambayeque,1998,0.0,0.532709912109375,0.532709912109375
Bosques Nublados de Udima,Refugio de Vida Silvestre,Lambayeque,1999,0.0,0.532709912109375,0.532709912109375
Bosques Nublados de Udima,Refugio de Vida Silvestre,Lambayeque,2000,0.0,0.532709912109375,0.532709912109375
Bosques Nublados de Udima,Refugio de Vida Silvestre,Lambayeque,2001,0.0,0.532709912109375,0.532709912109375
Bosques Nublados de Udima,Refugio de Vida Silvestre,Lambayeque,2002,0.0,0.532709912109375,0.532709912109375
Bosques Nublados de Udima,Refugio de Vida Silvestre,Lambayeque,2003,0.0,0.532709912109375,0.532709912109375
Bosques Nublados de Udima,Refugio de Vida Silvestre,Lambayeque,2004,0.0,0.532709912109375,0.532709912109375
Bosques Nublados de Udima,Refugio de Vida Silvestre,Lambayeque,2005,0.0,0.532709912109375,0.532709912109375
Bosques Nublados de Udima,Refugio de Vida Silvestre,Lambayeque,2006,0.0,0.532709912109375,0.532709912109375
Bosques Nublados de Udima,Refugio de Vida Silvestre,Lambayeque,2007,0.0,0.532709912109375,0.532709912109375
Bosques Nublados de Udima,Refugio de Vida Silvestre,Lambayeque,2008,0.0,0.532709912109375,0.532709912109375
Bosques Nublados de Udima,Refugio de Vida Silvestre,Lambayeque,2009,0.0,0.532709912109375,0.532709912109375
Bosques Nublados de Udima,Refugio de Vida Silvestre,Lambayeque,2010,0.0,0.532709912109375,0.532709912109375
Bosques Nublados de Udima,Refugio de Vida Silvestre,Lambayeque,2011,0.0,0.532709912109375,0.532709912109375
Bosques Nublados de Udima,Refugio de Vida Silvestre,Lambayeque,2012,0.0,0.532709912109375,0.532709912109375
Bosques Nublados de Udima,Refugio de Vida Silvestre,Lambayeque,2013,0.0,0.532709912109375,0.532709912109375
Bosques Nublados de Udima,Refugio de Vida Silvestre,Lambayeque,2014,0.0,0.532709912109375,0.532709912109375
Bosques Nublados de Udima,Refugio de Vida Silvestre,Lambayeque,2015,0.0,0.532709912109375,0.532709912109375
Bosques Nublados de Udima,Refugio de Vida Silvestre,Lambayeque,2016,0.0,0.532709912109375,0.532709912109375
Bosques Nublados de Udima,Refugio de Vida Silvestre,Lambayeque,2017,0.0,0.532709912109375,0.532709912109375
Bosques Nublados de Udima,Refugio de Vida Silvestre,Lambayeque,2018,0.0,0.532709912109375,0.532709912109375
Bosques Nublados de Udima,Refugio de Vida Silvestre,Lambayeque,2019,0.0,0.532709912109375,0.532709912109375
Bosques Nublados de Udima,Refugio de Vida Silvestre,Lambayeque,2020,0.0,0.532709912109375,0.532709912109375
Bosques Nublados de Udima,Refugio de Vida Silvestre,Lambayeque,2021,0.0,0.532709912109375,0.532709912109375
Bosques Nublados de Udima,Refugio de Vida Silvestre,Lambayeque,2022,0.0,0.532709912109375,0.532709912109375
Bosques Nublados de Udima,Refugio de Vida Silvestre,Lambayeque,2023,0.0,0.532709912109375,0.532709912109375
Bosques Nublados de Udima,Refugio de Vida Silvestre,Lambayeque,2024,0.0,0.532709912109375,0.532709912109375
Bosques Nublados de Udima,Refugio de Vida Silvestre,Lambayeque,2025,0.0,0.532709912109375,0.532709912109375
Cerros de Amotape,Parque Nacional,Piura,1985,0.0,23224.63375379211,23908.368376094357
Cerros de Amotape,Parque Nacional,Piura,1986,0.0,23225.88210852844,23908.368376094357
Cerros de Amotape,Parque Nacional,Piura,1987,0.0,23224.18802782165,23908.368376094353
Cerros de Amotape,Parque Nacional,Piura,1988,0.0,23225.34711848327,23908.368376094353
Cerros de Amotape,Parque Nacional,Piura,1989,0.0,23484.16291463187,23908.368376094273
Cerros de Amotape,Parque Nacional,Piura,1990,0.0,23329.028946809,23908.36837609367
Cerros de Amotape,Parque Nacional,Piura,1991,0.0,22561.2363805441,23908.368376094637
Cerros de Amotape,Parque Nacional,Piura,1992,0.0,22559.542387142,23908.368376094637
Cerros de Amotape,Parque Nacional,Piura,1993,0.0,22559.89907522794,23908.36837609464
Cerros de Amotape,Parque Nacional,Piura,1994,0.0,22558.56152605802,23908.368376094644
Cerros de Amotape,Parque Nacional,Piura,1995,0.0,22559.36386901456,23908.36837609464
Cerros de Amotape,Parque Nacional,Piura,1996,0.0,23734.33078657947,23908.36837609363
Cerros de Amotape,Parque Nacional,Piura,1997,0.0,23710.79249721221,23908.368376094044
Cerros de Amotape,Parque Nacional,Piura,1998,0.0,23326.62320429767,23908.368376093327
Cerros de Amotape,Parque Nacional,Piura,1999,0.0,23330.45645045855,23908.368376093316
Cerros de Amotape,Parque Nacional,Piura,2000,0.0,23298.98568920382,23908.36837609347
Cerros de Amotape,Parque Nacional,Piura,2001,0.0,23309.68233784869,23908.36837609332
Cerros de Amotape,Parque Nacional,Piura,2002,0.0,23332.50700097119,23908.368376093258
Cerros de Amotape,Parque Nacional,Piura,2003,0.0,23391.88581010882,23908.368376093928
Cerros de Amotape,Parque Nacional,Piura,2004,0.0,23658.37013042771,23908.368376094215
Cerros de Amotape,Parque Nacional,Piura,2005,0.0,23264.92938344859,23908.368376093855
Cerros de Amotape,Parque Nacional,Piura,2006,0.0,23657.38945017843,23908.368376093957
Cerros de Amotape,Parque Nacional,Piura,2007,0.0,23187.4701441549,23908.368376094597
Cerros de Amotape,Parque Nacional,Piura,2008,0.0,23631.61649241469,23908.36837609389
Cerros de Amotape,Parque Nacional,Piura,2009,0.0,23693.49897556315,23908.368376094157
Cerros de Amotape,Parque Nacional,Piura,2010,0.0,23631.53518762347,23908.36837609393
Cerros de Amotape,Parque Nacional,Piura,2011,0.0,23726.5785346387,23908.368376093775
Cerros de Amotape,Parque Nacional,Piura,2012,0.0,23606.1293167797,23908.368376093666
Cerros de Amotape,Parque Nacional,Piura,2013,0.0,23658.55068048246,23908.368376094033
Cerros de Amotape,Parque Nacional,Piura,2014,0.0,23621.90273049425,23908.368376093615
Cerros de Amotape,Parque Nacional,Piura,2015,0.0,23778.99663470545,23908.36837609339
Cerros de Amotape,Parque Nacional,Piura,2016,0.0,23726.30553344255,23908.36837609392
Cerros de Amotape,Parque Nacional,Piura,2017,0.0,23286.41713413854,23908.36837609411
Cerros de Amotape,Parque Nacional,Piura,2018,0.0,23471.49784456963,23908.368376094288
Cerros de Amotape,Parque Nacional,Piura,2019,0.0,23571.80132165058,23908.36837609394
Cerros de Amotape,Parque Nacional,Piura,2020,0.0,23156.07231706125,23908.368376094455
Cerros de Amotape,Parque Nacional,Piura,2021,0.0,23547.10722305447,23908.368376094022
Cerros de Amotape,Parque Nacional,Piura,2022,0.0,23680.56987346941,23908.36837609392
Cerros de Amotape,Parque Nacional,Piura,2023,0.0,23240.32390327886,23908.3683760938
Cerros de Amotape,Parque Nacional,Piura,2024,0.0,23343.92328449829,23908.36837609375
Cerros de Amotape,Parque Nacional,Piura,2025,0.0,23414.1752567332,23908.368376093553
Cerros de Amotape,Parque Nacional,Tumbes,1985,0.0,63245.9736698343,67888.78031947419
Cerros de Amotape,Parque Nacional,Tumbes,1986,0.0,63427.08330901898,67888.78031947429
Cerros de Amotape,Parque Nacional,Tumbes,1987,0.0,63462.85956813149,67888.78031947426
Cerros de Amotape,Parque Nacional,Tumbes,1988,0.0,63451.35024041546,67888.78031947427
Cerros de Amotape,Parque Nacional,Tumbes,1989,0.0,63940.715376029446,67888.78031947426
Cerros de Amotape,Parque Nacional,Tumbes,1990,0.0,64019.03032790899,67888.78031947392
Cerros de Amotape,Parque Nacional,Tumbes,1991,0.0,63660.82956824779,67888.78031947458
Cerros de Amotape,Parque Nacional,Tumbes,1992,0.0,63641.46974828323,67888.78031947461
Cerros de Amotape,Parque Nacional,Tumbes,1993,0.0,63592.40035853709,67888.78031947455
Cerros de Amotape,Parque Nacional,Tumbes,1994,0.0,63517.010241941665,67888.78031947461
Cerros de Amotape,Parque Nacional,Tumbes,1995,0.0,63424.40158315258,67888.78031947464
Cerros de Amotape,Parque Nacional,Tumbes,1996,0.0,63802.359999888096,67888.7803194743
Cerros de Amotape,Parque Nacional,Tumbes,1997,0.0,63784.59063667398,67888.7803194743
Cerros de Amotape,Parque Nacional,Tumbes,1998,0.0,63404.55661456006,67888.78031947343
Cerros de Amotape,Parque Nacional,Tumbes,1999,0.0,63005.53510751055,67888.78031947347
Cerros de Amotape,Parque Nacional,Tumbes,2000,0.0,63129.129598452906,67888.7803194734
Cerros de Amotape,Parque Nacional,Tumbes,2001,0.0,62405.32423942558,67888.78031947315
Cerros de Amotape,Parque Nacional,Tumbes,2002,0.0,62736.272130124155,67888.7803194735
Cerros de Amotape,Parque Nacional,Tumbes,2003,0.0,62515.486060910844,67888.78031947406
Cerros de Amotape,Parque Nacional,Tumbes,2004,0.0,62155.35029361323,67888.78031947385
Cerros de Amotape,Parque Nacional,Tumbes,2005,0.0,62454.18869845926,67888.78031947368
Cerros de Amotape,Parque Nacional,Tumbes,2006,0.0,62184.476365061055,67888.7803194739
Cerros de Amotape,Parque Nacional,Tumbes,2007,0.0,61106.3101669221,67888.78031947339
Cerros de Amotape,Parque Nacional,Tumbes,2008,0.0,61599.2462325594,67888.78031947349
Cerros de Amotape,Parque Nacional,Tumbes,2009,0.0,61370.921318106484,67888.78031947363
Cerros de Amotape,Parque Nacional,Tumbes,2010,0.0,61571.229228494914,67888.78031947387
Cerros de Amotape,Parque Nacional,Tumbes,2011,0.0,61674.20581147213,67888.78031947384
Cerros de Amotape,Parque Nacional,Tumbes,2012,0.0,62057.173414694334,67888.78031947336
Cerros de Amotape,Parque Nacional,Tumbes,2013,0.0,61549.83303495184,67888.78031947328
Cerros de Amotape,Parque Nacional,Tumbes,2014,0.0,61837.70618027668,67888.78031947343
Cerros de Amotape,Parque Nacional,Tumbes,2015,0.0,62027.7398387482,67888.78031947328
Cerros de Amotape,Parque Nacional,Tumbes,2016,0.0,61928.1986617764,67888.7803194729
Cerros de Amotape,Parque Nacional,Tumbes,2017,0.0,61685.78131435815,67888.78031947288
Cerros de Amotape,Parque Nacional,Tumbes,2018,0.0,61255.91067940909,67888.78031947253
Cerros de Amotape,Parque Nacional,Tumbes,2019,0.0,61773.68694523601,67888.78031947307
Cerros de Amotape,Parque Nacional,Tumbes,2020,0.0,60481.18398959055,67888.78031947333
Cerros de Amotape,Parque Nacional,Tumbes,2021,0.0,61702.22336296694,67888.78031947326
Cerros de Amotape,Parque Nacional,Tumbes,2022,0.0,61451.81831111723,67888.7803194729
Cerros de Amotape,Parque Nacional,Tumbes,2023,0.0,61304.76600540455,67888.78031947312
Cerros de Amotape,Parque Nacional,Tumbes,2024,0.0,60507.70493262059,67888.7803194736
Cerros de Amotape,Parque Nacional,Tumbes,2025,0.0,60735.489672391435,67888.78031947384
Chancaybaños,Zona Reservada,Cajamarca,1985,0.0,900.3706574157821,4042.468810534671
Chancaybaños,Zona Reservada,Cajamarca,1986,0.0,902.5912525512806,4042.468810534669
Chancaybaños,Zona Reservada,Cajamarca,1987,0.0,908.3665077026425,4042.4688105346363
Chancaybaños,Zona Reservada,Cajamarca,1988,0.0,903.3921300720275,4042.468810534637
Chancaybaños,Zona Reservada,Cajamarca,1989,0.0,961.0412730163615,4042.468810534648
Chancaybaños,Zona Reservada,Cajamarca,1990,0.0,1064.7042159973216,4042.4688105346613
Chancaybaños,Zona Reservada,Cajamarca,1991,0.0,1056.3541814392152,4042.4688105346804
Chancaybaños,Zona Reservada,Cajamarca,1992,0.0,1058.5746965454164,4042.468810534674
Chancaybaños,Zona Reservada,Cajamarca,1993,0.0,1003.1459517089912,4042.468810534676
Chancaybaños,Zona Reservada,Cajamarca,1994,0.0,1007.0541624572824,4042.4688105346804
Chancaybaños,Zona Reservada,Cajamarca,1995,0.0,1010.0746496337956,4042.4688105346545
Chancaybaños,Zona Reservada,Cajamarca,1996,0.0,976.675684100347,4042.46881053466
Chancaybaños,Zona Reservada,Cajamarca,1997,0.0,1017.0034898010314,4042.468810534659
Chancaybaños,Zona Reservada,Cajamarca,1998,0.0,956.8670092163122,4042.4688105346654
Chancaybaños,Zona Reservada,Cajamarca,1999,0.0,956.7784145813015,4042.46881053468
Chancaybaños,Zona Reservada,Cajamarca,2000,0.0,1007.1434477356042,4042.468810534663
Chancaybaños,Zona Reservada,Cajamarca,2001,0.0,1067.7242688049453,4042.4688105346704
Chancaybaños,Zona Reservada,Cajamarca,2002,0.0,1086.377746057142,4042.468810534668
Chancaybaños,Zona Reservada,Cajamarca,2003,0.0,1082.4688937622232,4042.4688105346904
Chancaybaños,Zona Reservada,Cajamarca,2004,0.0,1065.9467741150042,4042.468810534686
Chancaybaños,Zona Reservada,Cajamarca,2005,0.0,1081.8467237671043,4042.468810534686
Chancaybaños,Zona Reservada,Cajamarca,2006,0.0,1006.8753088317985,4042.4688105346795
Chancaybaños,Zona Reservada,Cajamarca,2007,0.0,984.5797633117786,4042.4688105346686
Chancaybaños,Zona Reservada,Cajamarca,2008,0.0,984.4020364441034,4042.468810534661
Chancaybaños,Zona Reservada,Cajamarca,2009,0.0,992.7522604004041,4042.4688105346677
Chancaybaños,Zona Reservada,Cajamarca,2010,0.0,998.7924261902001,4042.46881053468
Chancaybaños,Zona Reservada,Cajamarca,2011,0.0,967.8803016601681,4042.4688105346777
Chancaybaños,Zona Reservada,Cajamarca,2012,0.0,952.1577483520624,4042.4688105346745
Chancaybaños,Zona Reservada,Cajamarca,2013,0.0,986.4452017578262,4042.4688105346686
Chancaybaños,Zona Reservada,Cajamarca,2014,0.0,1010.2514542480641,4042.4688105346777
Chancaybaños,Zona Reservada,Cajamarca,2015,0.0,1031.214725683612,4042.468810534674
Chancaybaños,Zona Reservada,Cajamarca,2016,0.0,1036.7221666198911,4042.468810534694
Chancaybaños,Zona Reservada,Cajamarca,2017,0.0,1070.8323293884482,4042.4688105347013
Chancaybaños,Zona Reservada,Cajamarca,2018,0.0,1105.7423233886925,4042.4688105347022
Chancaybaños,Zona Reservada,Cajamarca,2019,0.0,1135.5886813965044,4042.4688105346886
Chancaybaños,Zona Reservada,Cajamarca,2020,0.0,1111.959960620136,4042.4688105346854
Chancaybaños,Zona Reservada,Cajamarca,2021,0.0,1091.6181838440134,4042.4688105346822
Chancaybaños,Zona Reservada,Cajamarca,2022,0.0,1107.5190797058315,4042.468810534678
Chancaybaños,Zona Reservada,Cajamarca,2023,0.0,1098.4586833130084,4042.4688105346854
Chancaybaños,Zona Reservada,Cajamarca,2024,0.0,1159.7506513550002,4042.468810534688
Chancaybaños,Zona Reservada,Cajamarca,2025,0.0,1131.237295770284,4042.46881053469
Chayu Naín,Reserva Comunal,Amazonas,1985,0.0,12322.11067257707,12370.263249908612
Chayu Naín,Reserva Comunal,Amazonas,1986,0.0,12320.15224024066,12370.26324990863
Chayu Naín,Reserva Comunal,Amazonas,1987,0.0,12308.66929401878,12370.263249908672
Chayu Naín,Reserva Comunal,Amazonas,1988,0.0,12289.44143008445,12370.263249908669
Chayu Naín,Reserva Comunal,Amazonas,1989,0.0,12297.18553703632,12370.263249908634
Chayu Naín,Reserva Comunal,Amazonas,1990,0.0,12298.52056965961,12370.263249908632
Chayu Naín,Reserva Comunal,Amazonas,1991,0.0,12291.22157605001,12370.263249908652
Chayu Naín,Reserva Comunal,Amazonas,1992,0.0,12298.16488101215,12370.263249908634
Chayu Naín,Reserva Comunal,Amazonas,1993,0.0,12302.70481087056,12370.263249908647
Chayu Naín,Reserva Comunal,Amazonas,1994,0.0,12302.17093955708,12370.263249908643
Chayu Naín,Reserva Comunal,Amazonas,1995,0.0,12300.30129127828,12370.26324990865
Chayu Naín,Reserva Comunal,Amazonas,1996,0.0,12305.19724071066,12370.26324990866
Chayu Naín,Reserva Comunal,Amazonas,1997,0.0,12306.97743013936,12370.263249908649
Chayu Naín,Reserva Comunal,Amazonas,1998,0.0,12292.55744731463,12370.263249908625
Chayu Naín,Reserva Comunal,Amazonas,1999,0.0,12294.33751101092,12370.263249908625
Chayu Naín,Reserva Comunal,Amazonas,2000,0.0,12286.41544164448,12370.26324990864
Chayu Naín,Reserva Comunal,Amazonas,2001,0.0,12281.25267772241,12370.26324990869
Chayu Naín,Reserva Comunal,Amazonas,2002,0.0,12283.56674821801,12370.263249908685
Chayu Naín,Reserva Comunal,Amazonas,2003,0.0,12275.3771159121,12370.263249908683
Chayu Naín,Reserva Comunal,Amazonas,2004,0.0,12275.55551351953,12370.26324990869
Chayu Naín,Reserva Comunal,Amazonas,2005,0.0,12269.23512943139,12370.263249908685
Chayu Naín,Reserva Comunal,Amazonas,2006,0.0,12267.27693735375,12370.263249908681
Chayu Naín,Reserva Comunal,Amazonas,2007,0.0,12258.73237718526,12370.263249908649
Chayu Naín,Reserva Comunal,Amazonas,2008,0.0,12261.22456907365,12370.263249908612
Chayu Naín,Reserva Comunal,Amazonas,2009,0.0,12266.12015717791,12370.263249908621
Chayu Naín,Reserva Comunal,Amazonas,2010,0.0,12274.22081328142,12370.263249908616
Chayu Naín,Reserva Comunal,Amazonas,2011,0.0,12276.62429257829,12370.263249908612
Chayu Naín,Reserva Comunal,Amazonas,2012,0.0,12289.88790206924,12370.263249908596
Chayu Naín,Reserva Comunal,Amazonas,2013,0.0,12313.38752081924,12370.263249908596
Chayu Naín,Reserva Comunal,Amazonas,2014,0.0,12309.02583089616,12370.263249908612
Chayu Naín,Reserva Comunal,Amazonas,2015,0.0,12318.90636668716,12370.263249908596
Chayu Naín,Reserva Comunal,Amazonas,2016,0.0,12317.39364572767,12370.26324990858
Chayu Naín,Reserva Comunal,Amazonas,2017,0.0,12320.68661239644,12370.263249908647
Chayu Naín,Reserva Comunal,Amazonas,2018,0.0,12314.63410416281,12370.26324990866
Chayu Naín,Reserva Comunal,Amazonas,2019,0.0,12296.65469909073,12370.263249908601
Chayu Naín,Reserva Comunal,Amazonas,2020,0.0,12310.45085808123,12370.263249908623
Chayu Naín,Reserva Comunal,Amazonas,2021,0.0,12290.33452982194,12370.263249908608
Chayu Naín,Reserva Comunal,Amazonas,2022,0.0,12301.63817128313,12370.263249908618
Chayu Naín,Reserva Comunal,Amazonas,2023,0.0,12291.40255924088,12370.263249908605
Chayu Naín,Reserva Comunal,Amazonas,2024,0.0,12291.31424143072,12370.263249908503
Chayu Naín,Reserva Comunal,Amazonas,2025,0.0,12283.57131944584,12370.263249908487
Cordillera Azul,Parque Nacional,Huánuco,1985,0.0,41223.022930791565,55853.32653210594
Cordillera Azul,Parque Nacional,Huánuco,1986,0.0,41182.893995366874,55853.326532106075
Cordillera Azul,Parque Nacional,Huánuco,1987,0.0,41465.321175052755,55853.326532104504
Cordillera Azul,Parque Nacional,Huánuco,1988,0.0,41217.06112023114,55853.32653210491
Cordillera Azul,Parque Nacional,Huánuco,1989,0.0,41272.903185635856,55853.32653210448
Cordillera Azul,Parque Nacional,Huánuco,1990,0.0,41180.2925626925,55853.32653210428
Cordillera Azul,Parque Nacional,Huánuco,1991,0.0,40632.58233549631,55853.32653210459
Cordillera Azul,Parque Nacional,Huánuco,1992,0.0,40761.91549180187,55853.3265321055
Cordillera Azul,Parque Nacional,Huánuco,1993,0.0,40669.35928389845,55853.326532105726
Cordillera Azul,Parque Nacional,Huánuco,1994,0.0,40620.144354803175,55853.32653210622
Cordillera Azul,Parque Nacional,Huánuco,1995,0.0,40986.717743041816,55853.32653210631
Cordillera Azul,Parque Nacional,Huánuco,1996,0.0,40563.68139820673,55853.32653210702
Cordillera Azul,Parque Nacional,Huánuco,1997,0.0,40100.21953661688,55853.32653210926
Cordillera Azul,Parque Nacional,Huánuco,1998,0.0,39780.57504893395,55853.326532109386
Cordillera Azul,Parque Nacional,Huánuco,1999,0.0,39570.8227380758,55853.3265321094
Cordillera Azul,Parque Nacional,Huánuco,2000,0.0,39781.757180616456,55853.32653210845
Cordillera Azul,Parque Nacional,Huánuco,2001,0.0,39414.17420320582,55853.32653210873
Cordillera Azul,Parque Nacional,Huánuco,2002,0.0,39275.912039223185,55853.32653210916
Cordillera Azul,Parque Nacional,Huánuco,2003,0.0,38708.95180567379,55853.32653211079
Cordillera Azul,Parque Nacional,Huánuco,2004,0.0,38768.94275181643,55853.326532110754
Cordillera Azul,Parque Nacional,Huánuco,2005,0.0,39014.37649037165,55853.32653210994
Cordillera Azul,Parque Nacional,Huánuco,2006,0.0,39170.35872597279,55853.326532109364
Cordillera Azul,Parque Nacional,Huánuco,2007,0.0,39172.678981905236,55853.32653210912
Cordillera Azul,Parque Nacional,Huánuco,2008,0.0,39454.38950999911,55853.32653210856
Cordillera Azul,Parque Nacional,Huánuco,2009,0.0,39807.8629243049,55853.3265321078
Cordillera Azul,Parque Nacional,Huánuco,2010,0.0,39994.30167236384,55853.32653210754
Cordillera Azul,Parque Nacional,Huánuco,2011,0.0,40758.6604247173,55853.32653210377
Cordillera Azul,Parque Nacional,Huánuco,2012,0.0,40744.31742057282,55853.32653210363
Cordillera Azul,Parque Nacional,Huánuco,2013,0.0,40698.4343043868,55853.32653210411
Cordillera Azul,Parque Nacional,Huánuco,2014,0.0,40213.62608948317,55853.32653210536
Cordillera Azul,Parque Nacional,Huánuco,2015,0.0,39960.53577321176,55853.3265321062
Cordillera Azul,Parque Nacional,Huánuco,2016,0.0,40027.56904990778,55853.326532105886
Cordillera Azul,Parque Nacional,Huánuco,2017,0.0,40309.46332561478,55853.32653210498
Cordillera Azul,Parque Nacional,Huánuco,2018,0.0,41115.20643085643,55853.32653210356
Cordillera Azul,Parque Nacional,Huánuco,2019,0.0,41211.87424853171,55853.32653210314
Cordillera Azul,Parque Nacional,Huánuco,2020,0.0,41186.31557934323,55853.32653210401
Cordillera Azul,Parque Nacional,Huánuco,2021,0.0,41097.9216040384,55853.32653210443
Cordillera Azul,Parque Nacional,Huánuco,2022,0.0,40961.928606968235,55853.32653210458
Cordillera Azul,Parque Nacional,Huánuco,2023,0.0,40926.118873557665,55853.32653210464
Cordillera Azul,Parque Nacional,Huánuco,2024,0.0,40781.67390290492,55853.32653210623
Cordillera Azul,Parque Nacional,Huánuco,2025,0.0,40448.29934491742,55853.326532108134
Cordillera Azul,Parque Nacional,Loreto,1985,0.0,1056974.6252980207,1127726.2578323355
Cordillera Azul,Parque Nacional,Loreto,1986,0.0,1056203.7093169282,1127726.2578323341
Cordillera Azul,Parque Nacional,Loreto,1987,0.0,1055539.5192961427,1127726.2578323311
Cordillera Azul,Parque Nacional,Loreto,1988,0.0,1055027.1409831601,1127726.257832349
Cordillera Azul,Parque Nacional,Loreto,1989,0.0,1058048.5252459345,1127726.2578323486
Cordillera Azul,Parque Nacional,Loreto,1990,0.0,1058374.7763193275,1127726.2578323348
Cordillera Azul,Parque Nacional,Loreto,1991,0.0,1060096.1836870436,1127726.257832332
Cordillera Azul,Parque Nacional,Loreto,1992,0.0,1062107.344383741,1127726.2578323444
Cordillera Azul,Parque Nacional,Loreto,1993,0.0,1061974.5455816982,1127726.2578323395
Cordillera Azul,Parque Nacional,Loreto,1994,0.0,1058239.648414126,1127726.257832333
Cordillera Azul,Parque Nacional,Loreto,1995,0.0,1059571.6990993088,1127726.2578323295
Cordillera Azul,Parque Nacional,Loreto,1996,0.0,1061575.5161043506,1127726.2578323479
Cordillera Azul,Parque Nacional,Loreto,1997,0.0,1056293.9507052137,1127726.257832345
Cordillera Azul,Parque Nacional,Loreto,1998,0.0,1053380.607329297,1127726.2578323556
Cordillera Azul,Parque Nacional,Loreto,1999,0.0,1054413.880345759,1127726.25783235
Cordillera Azul,Parque Nacional,Loreto,2000,0.0,1055739.159002557,1127726.2578323423
Cordillera Azul,Parque Nacional,Loreto,2001,0.0,1050626.4531757047,1127726.2578323518
Cordillera Azul,Parque Nacional,Loreto,2002,0.0,1051080.8367783464,1127726.257832357
Cordillera Azul,Parque Nacional,Loreto,2003,0.0,1052234.59462274,1127726.2578323479
Cordillera Azul,Parque Nacional,Loreto,2004,0.0,1052246.4117154507,1127726.2578323456
Cordillera Azul,Parque Nacional,Loreto,2005,0.0,1048838.205251303,1127726.2578323518
Cordillera Azul,Parque Nacional,Loreto,2006,0.0,1047966.7038284852,1127726.2578323495
Cordillera Azul,Parque Nacional,Loreto,2007,0.0,1049375.4716035458,1127726.2578323304
Cordillera Azul,Parque Nacional,Loreto,2008,0.0,1044210.5150952053,1127726.2578323395
Cordillera Azul,Parque Nacional,Loreto,2009,0.0,1042592.1803057624,1127726.257832344
Cordillera Azul,Parque Nacional,Loreto,2010,0.0,1041317.012222748,1127726.2578323432
Cordillera Azul,Parque Nacional,Loreto,2011,0.0,1039736.5861127197,1127726.2578323362
Cordillera Azul,Parque Nacional,Loreto,2012,0.0,1040381.0147221328,1127726.2578323502
Cordillera Azul,Parque Nacional,Loreto,2013,0.0,1037153.9837635667,1127726.2578323537
Cordillera Azul,Parque Nacional,Loreto,2014,0.0,1035917.0025517155,1127726.2578323497
Cordillera Azul,Parque Nacional,Loreto,2015,0.0,1038114.2234420471,1127726.2578323493
Cordillera Azul,Parque Nacional,Loreto,2016,0.0,1036106.7036427599,1127726.2578323479
Cordillera Azul,Parque Nacional,Loreto,2017,0.0,1033222.7850163212,1127726.2578323553
Cordillera Azul,Parque Nacional,Loreto,2018,0.0,1037372.5342655539,1127726.2578323574
Cordillera Azul,Parque Nacional,Loreto,2019,0.0,1035510.459669403,1127726.257832355
Cordillera Azul,Parque Nacional,Loreto,2020,0.0,1029983.9752149148,1127726.2578323525
Cordillera Azul,Parque Nacional,Loreto,2021,0.0,1028031.4676598236,1127726.2578323511
Cordillera Azul,Parque Nacional,Loreto,2022,0.0,1019763.3030142263,1127726.2578323542
Cordillera Azul,Parque Nacional,Loreto,2023,0.0,1018589.8967633625,1127726.257832364
Cordillera Azul,Parque Nacional,Loreto,2024,0.0,1014534.8157093867,1127726.2578323616
Cordillera Azul,Parque Nacional,Loreto,2025,0.0,1012730.238964533,1127726.2578323625
Cordillera Azul,Parque Nacional,San Martín,1985,92.78886849365254,767409.2776355665,926514.4269223629
Cordillera Azul,Parque Nacional,San Martín,1986,92.78886849365254,767051.4217707439,926514.4269223537
Cordillera Azul,Parque Nacional,San Martín,1987,72.8992322021487,772226.278058677,926514.426922377
Cordillera Azul,Parque Nacional,San Martín,1988,55.7621519409183,767906.8531193013,926514.4269223631
Cordillera Azul,Parque Nacional,San Martín,1989,64.55257716674826,764426.2034052692,926514.4269223623
Cordillera Azul,Parque Nacional,San Martín,1990,46.79411112060547,765316.175748234,926514.4269223674
Cordillera Azul,Parque Nacional,San Martín,1991,45.63985635375978,766099.664074031,926514.426922351
Cordillera Azul,Parque Nacional,San Martín,1992,41.02260392456058,767375.4604716772,926514.4269223654
Cordillera Azul,Parque Nacional,San Martín,1993,56.82790077514679,767886.441726856,926514.4269223695
Cordillera Azul,Parque Nacional,San Martín,1994,53.72016526489271,767830.7412014402,926514.4269223738
Cordillera Azul,Parque Nacional,San Martín,1995,56.29508779907256,767608.3538538761,926514.4269223746
Cordillera Azul,Parque Nacional,San Martín,1996,45.90627169799807,762757.4484674179,926514.4269223878
Cordillera Azul,Parque Nacional,San Martín,1997,41.91069981079106,754674.5254905772,926514.4269224014
Cordillera Azul,Parque Nacional,San Martín,1998,43.77524387817387,747326.6037775789,926514.426922375
Cordillera Azul,Parque Nacional,San Martín,1999,46.7054438781739,740324.8167009371,926514.4269223742
Cordillera Azul,Parque Nacional,San Martín,2000,48.39251565551766,736255.0992208277,926514.4269223687
Cordillera Azul,Parque Nacional,San Martín,2001,49.45812366943368,725050.2466734333,926514.4269223794
Cordillera Azul,Parque Nacional,San Martín,2002,67.74937730102556,715934.5293782819,926514.4269223578
Cordillera Azul,Parque Nacional,San Martín,2003,61.00109099731472,711422.0439138673,926514.4269223755
Cordillera Azul,Parque Nacional,San Martín,2004,66.32869838867205,706798.7314093886,926514.4269223722
Cordillera Azul,Parque Nacional,San Martín,2005,64.02010930175807,695494.2233784924,926514.4269223505
Cordillera Azul,Parque Nacional,San Martín,2006,66.59506802978531,689657.9804853315,926514.4269223849
Cordillera Azul,Parque Nacional,San Martín,2007,74.49754884643572,681004.4542251304,926514.426922389
Cordillera Azul,Parque Nacional,San Martín,2008,70.85699475708034,673417.4710732101,926514.4269223902
Cordillera Azul,Parque Nacional,San Martín,2009,70.76819700317412,663760.5293280442,926514.4269223836
Cordillera Azul,Parque Nacional,San Martín,2010,92.34283373413098,656877.7586841917,926514.4269224022
Cordillera Azul,Parque Nacional,San Martín,2011,90.12504578247086,651565.05673595,926514.4269224108
Cordillera Azul,Parque Nacional,San Martín,2012,74.94154234619175,649989.031770073,926514.4269223976
Cordillera Azul,Parque Nacional,San Martín,2013,96.78094958496092,645908.327065515,926514.42692239
Cordillera Azul,Parque Nacional,San Martín,2014,95.09365707397465,643740.6828383195,926514.4269223987
Cordillera Azul,Parque Nacional,San Martín,2015,93.8505731567383,636940.587702348,926514.4269223926
Cordillera Azul,Parque Nacional,San Martín,2016,78.4891773376468,634742.5213305008,926514.4269223829
Cordillera Azul,Parque Nacional,San Martín,2017,89.94330198364253,637785.1347156193,926514.4269223856
Cordillera Azul,Parque Nacional,San Martín,2018,78.48615451660177,636233.2244442822,926514.4269223829
Cordillera Azul,Parque Nacional,San Martín,2019,88.60703708496112,635470.2909344605,926514.426922397
Cordillera Azul,Parque Nacional,San Martín,2020,91.43483470459014,624671.2841725807,926514.4269223952
Cordillera Azul,Parque Nacional,San Martín,2021,98.50980550537129,619548.0047644228,926514.4269223794
Cordillera Azul,Parque Nacional,San Martín,2022,113.0890181884769,610149.3344909652,926514.4269223853
Cordillera Azul,Parque Nacional,San Martín,2023,111.8461594970708,610126.7082778693,926514.4269223922
Cordillera Azul,Parque Nacional,San Martín,2024,122.3216687500001,607434.6300892961,926514.4269223807
Cordillera Azul,Parque Nacional,San Martín,2025,110.7651664855962,604756.7987560971,926514.4269223969
Cordillera Azul,Parque Nacional,Ucayali,1985,0.0,189169.8115426257,194461.8643133838
Cordillera Azul,Parque Nacional,Ucayali,1986,0.0,189086.7232702811,194461.86431338414
Cordillera Azul,Parque Nacional,Ucayali,1987,0.0,189061.83373548987,194461.86431338295
Cordillera Azul,Parque Nacional,Ucayali,1988,0.0,188820.57925582642,194461.8643133826
Cordillera Azul,Parque Nacional,Ucayali,1989,0.0,188710.0293513458,194461.86431338193
Cordillera Azul,Parque Nacional,Ucayali,1990,0.0,188774.6872315581,194461.86431338187
Cordillera Azul,Parque Nacional,Ucayali,1991,0.0,188566.53156143925,194461.8643133802
Cordillera Azul,Parque Nacional,Ucayali,1992,0.0,188839.66566124625,194461.8643133825
Cordillera Azul,Parque Nacional,Ucayali,1993,0.0,188774.14419484636,194461.86431338277
Cordillera Azul,Parque Nacional,Ucayali,1994,0.0,188676.21891152704,194461.86431338254
Cordillera Azul,Parque Nacional,Ucayali,1995,0.0,188661.91935157793,194461.86431338216
Cordillera Azul,Parque Nacional,Ucayali,1996,0.0,188466.81091946166,194461.8643133826
Cordillera Azul,Parque Nacional,Ucayali,1997,0.0,188480.8360738682,194461.8643133824
Cordillera Azul,Parque Nacional,Ucayali,1998,0.0,188540.9842987334,194461.86431338184
Cordillera Azul,Parque Nacional,Ucayali,1999,0.0,188753.38673246602,194461.86431338036
Cordillera Azul,Parque Nacional,Ucayali,2000,0.0,189031.0178954929,194461.86431338234
Cordillera Azul,Parque Nacional,Ucayali,2001,0.0,189235.23165655287,194461.8643133827
Cordillera Azul,Parque Nacional,Ucayali,2002,0.0,189423.02124854515,194461.8643133828
Cordillera Azul,Parque Nacional,Ucayali,2003,0.0,189276.3949701457,194461.864313383
Cordillera Azul,Parque Nacional,Ucayali,2004,0.0,189268.74605284174,194461.86431338254
Cordillera Azul,Parque Nacional,Ucayali,2005,0.0,189296.97135236138,194461.86431337823
Cordillera Azul,Parque Nacional,Ucayali,2006,0.0,189264.00243909223,194461.86431337814
Cordillera Azul,Parque Nacional,Ucayali,2007,0.0,188605.36747708317,194461.86431337468
Cordillera Azul,Parque Nacional,Ucayali,2008,0.0,188466.3959979637,194461.8643133751
Cordillera Azul,Parque Nacional,Ucayali,2009,0.0,187890.8261647527,194461.86431337945
Cordillera Azul,Parque Nacional,Ucayali,2010,0.0,187146.38220044706,194461.86431338039
Cordillera Azul,Parque Nacional,Ucayali,2011,0.0,186931.9441464248,194461.86431338033
Cordillera Azul,Parque Nacional,Ucayali,2012,0.0,186521.339901945,194461.86431338298
Cordillera Azul,Parque Nacional,Ucayali,2013,0.0,185422.3031673001,194461.8643133816
Cordillera Azul,Parque Nacional,Ucayali,2014,0.0,184808.1780641839,194461.8643133782
Cordillera Azul,Parque Nacional,Ucayali,2015,0.0,184012.34219685761,194461.8643133798
Cordillera Azul,Parque Nacional,Ucayali,2016,0.0,183529.86410809873,194461.86431338437
Cordillera Azul,Parque Nacional,Ucayali,2017,0.0,182873.67368431878,194461.86431337762
Cordillera Azul,Parque Nacional,Ucayali,2018,0.0,182742.2516412633,194461.86431337634
Cordillera Azul,Parque Nacional,Ucayali,2019,0.0,181163.87569547002,194461.8643133837
Cordillera Azul,Parque Nacional,Ucayali,2020,0.0,179344.2947816485,194461.86431338658
Cordillera Azul,Parque Nacional,Ucayali,2021,0.0,177505.24455712034,194461.86431338213
Cordillera Azul,Parque Nacional,Ucayali,2022,0.0,176296.36679506255,194461.86431339112
Cordillera Azul,Parque Nacional,Ucayali,2023,0.0,175266.84689373855,194461.86431339756
Cordillera Azul,Parque Nacional,Ucayali,2024,0.0,173716.6177915049,194461.8643134038
Cordillera Azul,Parque Nacional,Ucayali,2025,0.0,172809.80580630986,194461.8643134016
Cordillera de Colán,Santuario Nacional,Amazonas,1985,0.0,17485.19105354608,18830.88318723138
Cordillera de Colán,Santuario Nacional,Amazonas,1986,0.0,17484.83459982906,18830.8831872314
Cordillera de Colán,Santuario Nacional,Amazonas,1987,0.0,17469.79317503651,18830.883187231328
Cordillera de Colán,Santuario Nacional,Amazonas,1988,0.0,17463.830992047,18830.883187231317
Cordillera de Colán,Santuario Nacional,Amazonas,1989,0.0,17489.7296108581,18830.883187231386
Cordillera de Colán,Santuario Nacional,Amazonas,1990,0.0,17490.53178887939,18830.88318723144
Cordillera de Colán,Santuario Nacional,Amazonas,1991,0.0,17500.1355800107,18830.883187231157
Cordillera de Colán,Santuario Nacional,Amazonas,1992,0.0,17391.05194444579,18830.88318723143
Cordillera de Colán,Santuario Nacional,Amazonas,1993,0.0,17386.24517694699,18830.88318723141
Cordillera de Colán,Santuario Nacional,Amazonas,1994,0.0,17390.42853094481,18830.883187231426
Cordillera de Colán,Santuario Nacional,Amazonas,1995,0.0,17392.7372411559,18830.88318723134
Cordillera de Colán,Santuario Nacional,Amazonas,1996,0.0,17401.99295676264,18830.883187231386
Cordillera de Colán,Santuario Nacional,Amazonas,1997,0.0,17420.59340360718,18830.883187231444
Cordillera de Colán,Santuario Nacional,Amazonas,1998,0.0,17453.24600097042,18830.8831872314
Cordillera de Colán,Santuario Nacional,Amazonas,1999,0.0,17380.90558563239,18830.883187231506
Cordillera de Colán,Santuario Nacional,Amazonas,2000,0.0,17337.48405664682,18830.88318723153
Cordillera de Colán,Santuario Nacional,Amazonas,2001,0.0,16684.38667682506,18830.88318723159
Cordillera de Colán,Santuario Nacional,Amazonas,2002,0.0,16691.95157636734,18830.88318723163
Cordillera de Colán,Santuario Nacional,Amazonas,2003,0.0,17011.29293044438,18830.883187231477
Cordillera de Colán,Santuario Nacional,Amazonas,2004,0.0,17022.32842358404,18830.88318723149
Cordillera de Colán,Santuario Nacional,Amazonas,2005,0.0,17042.17096875627,18830.88318723161
Cordillera de Colán,Santuario Nacional,Amazonas,2006,0.0,17094.30880905789,18830.88318723172
Cordillera de Colán,Santuario Nacional,Amazonas,2007,0.0,17107.92187916891,18830.883187231655
Cordillera de Colán,Santuario Nacional,Amazonas,2008,0.0,17184.43904633186,18830.88318723152
Cordillera de Colán,Santuario Nacional,Amazonas,2009,0.0,17170.20314248042,18830.8831872314
Cordillera de Colán,Santuario Nacional,Amazonas,2010,0.0,17170.91730750115,18830.88318723138
Cordillera de Colán,Santuario Nacional,Amazonas,2011,0.0,17112.80770003664,18830.883187231462
Cordillera de Colán,Santuario Nacional,Amazonas,2012,0.0,17127.39951387933,18830.88318723138
Cordillera de Colán,Santuario Nacional,Amazonas,2013,0.0,17171.7120592466,18830.883187231222
Cordillera de Colán,Santuario Nacional,Amazonas,2014,0.0,17160.67658316022,18830.883187231266
Cordillera de Colán,Santuario Nacional,Amazonas,2015,0.0,17171.35244711291,18830.883187231313
Cordillera de Colán,Santuario Nacional,Amazonas,2016,0.0,17132.55508401463,18830.883187231182
Cordillera de Colán,Santuario Nacional,Amazonas,2017,0.0,17149.7258635984,18830.883187231204
Cordillera de Colán,Santuario Nacional,Amazonas,2018,0.0,17097.94337703842,18830.883187231288
Cordillera de Colán,Santuario Nacional,Amazonas,2019,0.0,17069.10931933581,18830.883187231306
Cordillera de Colán,Santuario Nacional,Amazonas,2020,0.0,17124.8992684019,18830.883187231233
Cordillera de Colán,Santuario Nacional,Amazonas,2021,0.0,17070.17145807477,18830.883187231248
Cordillera de Colán,Santuario Nacional,Amazonas,2022,0.0,17121.06643670025,18830.88318723125
Cordillera de Colán,Santuario Nacional,Amazonas,2023,0.0,17047.47533905619,18830.883187231237
Cordillera de Colán,Santuario Nacional,Amazonas,2024,0.0,17096.49550034786,18830.883187231404
Cordillera de Colán,Santuario Nacional,Amazonas,2025,0.0,16959.81925866692,18830.883187231375
El Angolo,Coto de Caza,Piura,1985,0.0,29494.71282497711,29606.589139851378
El Angolo,Coto de Caza,Piura,1986,0.0,29496.763086134342,29606.589139851385
El Angolo,Coto de Caza,Piura,1987,0.0,29488.472664326473,29606.589139851378
El Angolo,Coto de Caza,Piura,1988,0.0,29482.589605714413,29606.589139851378
El Angolo,Coto de Caza,Piura,1989,0.0,29566.29579447797,29606.589139851505
El Angolo,Coto de Caza,Piura,1990,0.0,29558.8971774614,29606.589139851538
El Angolo,Coto de Caza,Piura,1991,0.0,29501.93535597069,29606.589139851305
El Angolo,Coto de Caza,Piura,1992,0.0,29476.26264400776,29606.589139851265
El Angolo,Coto de Caza,Piura,1993,0.0,29500.77650294335,29606.58913985131
El Angolo,Coto de Caza,Piura,1994,0.0,29503.89645583642,29606.589139851312
El Angolo,Coto de Caza,Piura,1995,0.0,29503.00503991845,29606.589139851312
El Angolo,Coto de Caza,Piura,1996,0.0,29552.8352814714,29606.589139851527
El Angolo,Coto de Caza,Piura,1997,0.0,29560.7688347795,29606.589139851523
El Angolo,Coto de Caza,Piura,1998,0.0,29214.81092675915,29606.589139851192
El Angolo,Coto de Caza,Piura,1999,0.0,29329.97716145786,29606.589139851414
El Angolo,Coto de Caza,Piura,2000,0.0,29310.36655838156,29606.589139851287
El Angolo,Coto de Caza,Piura,2001,0.0,29298.77950576364,29606.589139851774
El Angolo,Coto de Caza,Piura,2002,0.0,29327.5739479085,29606.589139851858
El Angolo,Coto de Caza,Piura,2003,0.0,29407.88453013456,29606.58913985136
El Angolo,Coto de Caza,Piura,2004,0.0,29427.05366109761,29606.589139851272
El Angolo,Coto de Caza,Piura,2005,0.0,29486.42047614912,29606.589139851512
El Angolo,Coto de Caza,Piura,2006,0.0,29535.27398979637,29606.5891398513
El Angolo,Coto de Caza,Piura,2007,0.0,29537.23319514935,29606.589139851498
El Angolo,Coto de Caza,Piura,2008,0.0,29562.2852973465,29606.589139851385
El Angolo,Coto de Caza,Piura,2009,0.0,29511.92263396749,29606.58913985128
El Angolo,Coto de Caza,Piura,2010,0.0,29528.41155544573,29606.58913985125
El Angolo,Coto de Caza,Piura,2011,0.0,29540.71098266767,29606.58913985151
El Angolo,Coto de Caza,Piura,2012,0.0,29582.25374287265,29606.58913985141
El Angolo,Coto de Caza,Piura,2013,0.0,29504.69771435084,29606.58913985133
El Angolo,Coto de Caza,Piura,2014,0.0,29559.78777367108,29606.5891398515
El Angolo,Coto de Caza,Piura,2015,0.0,29580.7372207231,29606.589139851516
El Angolo,Coto de Caza,Piura,2016,0.0,29572.98304506375,29606.58913985135
El Angolo,Coto de Caza,Piura,2017,0.0,29430.71535096037,29606.58913985197
El Angolo,Coto de Caza,Piura,2018,0.0,29496.22916561425,29606.589139851312
El Angolo,Coto de Caza,Piura,2019,0.0,29533.93800080717,29606.58913985136
El Angolo,Coto de Caza,Piura,2020,0.0,29503.36220075236,29606.58913985148
El Angolo,Coto de Caza,Piura,2021,0.0,29549.27035125276,29606.589139851392
El Angolo,Coto de Caza,Piura,2022,0.0,29571.46655944989,29606.5891398515
El Angolo,Coto de Caza,Piura,2023,0.0,29124.52511332461,29606.58913985049
El Angolo,Coto de Caza,Piura,2024,0.0,29435.43626273352,29606.58913985144
El Angolo,Coto de Caza,Piura,2025,0.0,29491.41488297876,29606.58913985132
El Sira,Reserva Comunal,Huánuco,1985,43.0530669494629,204626.59954040765,238575.88336352128
El Sira,Reserva Comunal,Huánuco,1986,4.852928625488283,204561.59731126408,238575.883363522
El Sira,Reserva Comunal,Huánuco,1987,0.0,201443.34366873952,238575.88336352684
El Sira,Reserva Comunal,Huánuco,1988,0.7058975280761717,200364.6095700818,238575.88336353254
El Sira,Reserva Comunal,Huánuco,1989,0.0,198472.71871104868,238575.88336352672
El Sira,Reserva Comunal,Huánuco,1990,2.029499395751953,197577.46681633126,238575.88336354203
El Sira,Reserva Comunal,Huánuco,1991,0.0,196216.91806750445,238575.88336354296
El Sira,Reserva Comunal,Huánuco,1992,2.293489892578125,193260.8703441807,238575.88336354724
El Sira,Reserva Comunal,Huánuco,1993,0.6176146545410157,191008.46071759384,238575.88336354765
El Sira,Reserva Comunal,Huánuco,1994,0.0,189501.73767758638,238575.88336353688
El Sira,Reserva Comunal,Huánuco,1995,0.0,189227.0830466835,238575.8833635361
El Sira,Reserva Comunal,Huánuco,1996,0.0,188096.69102088513,238575.88336353705
El Sira,Reserva Comunal,Huánuco,1997,0.0,188155.31062414794,238575.88336353464
El Sira,Reserva Comunal,Huánuco,1998,0.0,186233.06335116466,238575.88336354317
El Sira,Reserva Comunal,Huánuco,1999,0.7059046142578126,183139.17816657765,238575.88336354532
El Sira,Reserva Comunal,Huánuco,2000,0.0,182688.12479473223,238575.88336353825
El Sira,Reserva Comunal,Huánuco,2001,0.0,180569.6694105379,238575.8833635478
El Sira,Reserva Comunal,Huánuco,2002,0.0,176977.224123373,238575.88336354683
El Sira,Reserva Comunal,Huánuco,2003,0.0,175583.25066930545,238575.88336354287
El Sira,Reserva Comunal,Huánuco,2004,0.9706482177734375,175238.9758510465,238575.88336354573
El Sira,Reserva Comunal,Huánuco,2005,6.8827464050293,173432.02141169968,238575.88336354145
El Sira,Reserva Comunal,Huánuco,2006,0.0,174224.51223492416,238575.8833635425
El Sira,Reserva Comunal,Huánuco,2007,0.0,176156.71161469741,238575.8833635374
El Sira,Reserva Comunal,Huánuco,2008,0.0,174316.96025554012,238575.88336354183
El Sira,Reserva Comunal,Huánuco,2009,0.0,172804.97331928564,238575.88336354189
El Sira,Reserva Comunal,Huánuco,2010,2.381549169921875,170879.85245587194,238575.88336354366
El Sira,Reserva Comunal,Huánuco,2011,0.0,169255.26844937325,238575.8833635516
El Sira,Reserva Comunal,Huánuco,2012,0.0,165616.82939242283,238575.88336356
El Sira,Reserva Comunal,Huánuco,2013,2.470733221435547,164850.1113344645,238575.8833635619
El Sira,Reserva Comunal,Huánuco,2014,0.0,163985.90914461482,238575.88336356252
El Sira,Reserva Comunal,Huánuco,2015,0.0,161554.7089234736,238575.88336356313
El Sira,Reserva Comunal,Huánuco,2016,0.0,160209.2856226376,238575.8833635628
El Sira,Reserva Comunal,Huánuco,2017,0.7059607238769532,156689.19182384093,238575.88336356447
El Sira,Reserva Comunal,Huánuco,2018,1.941187823486328,150367.24559902877,238575.88336357052
El Sira,Reserva Comunal,Huánuco,2019,50.38260191650392,148299.19970164806,238575.88336356662
El Sira,Reserva Comunal,Huánuco,2020,40.41119713745118,145434.7541922033,238575.88336357026
El Sira,Reserva Comunal,Huánuco,2021,138.8848778564466,143223.56921780974,238575.88336357343
El Sira,Reserva Comunal,Huánuco,2022,410.6623416625944,139422.01327852462,238575.88336357375
El Sira,Reserva Comunal,Huánuco,2023,526.3184043212858,135585.71005620487,238575.88336357972
El Sira,Reserva Comunal,Huánuco,2024,755.7529395812986,132000.26077061606,238575.88336358347
El Sira,Reserva Comunal,Huánuco,2025,1132.860210601815,129054.6293746819,238575.883363584
El Sira,Reserva Comunal,Junín,1985,0.0,375.6287777099619,375.6287777099619
El Sira,Reserva Comunal,Junín,1986,0.0,375.6287777099619,375.6287777099619
El Sira,Reserva Comunal,Junín,1987,0.0,375.6287777099619,375.6287777099619
El Sira,Reserva Comunal,Junín,1988,0.0,375.6287777099619,375.6287777099619
El Sira,Reserva Comunal,Junín,1989,0.0,375.6287777099619,375.6287777099619
El Sira,Reserva Comunal,Junín,1990,0.0,375.6287777099619,375.6287777099619
El Sira,Reserva Comunal,Junín,1991,0.0,375.6287777099619,375.6287777099619
El Sira,Reserva Comunal,Junín,1992,0.0,375.6287777099619,375.6287777099619
El Sira,Reserva Comunal,Junín,1993,0.0,375.6287777099619,375.6287777099619
El Sira,Reserva Comunal,Junín,1994,0.0,375.6287777099619,375.6287777099619
El Sira,Reserva Comunal,Junín,1995,0.0,375.6287777099619,375.6287777099619
El Sira,Reserva Comunal,Junín,1996,0.0,375.6287777099619,375.6287777099619
El Sira,Reserva Comunal,Junín,1997,0.0,375.6287777099619,375.6287777099619
El Sira,Reserva Comunal,Junín,1998,0.0,375.6287777099619,375.6287777099619
El Sira,Reserva Comunal,Junín,1999,0.0,375.6287777099619,375.6287777099619
El Sira,Reserva Comunal,Junín,2000,0.0,375.6287777099619,375.6287777099619
El Sira,Reserva Comunal,Junín,2001,0.0,375.6287777099619,375.6287777099619
El Sira,Reserva Comunal,Junín,2002,0.0,375.6287777099619,375.6287777099619
El Sira,Reserva Comunal,Junín,2003,0.0,375.6287777099619,375.6287777099619
El Sira,Reserva Comunal,Junín,2004,0.0,375.6287777099619,375.6287777099619
El Sira,Reserva Comunal,Junín,2005,0.0,375.62877770996187,375.62877770996187
El Sira,Reserva Comunal,Junín,2006,0.0,375.4531059570323,375.628777709962
El Sira,Reserva Comunal,Junín,2007,0.0,375.277434362794,375.628777709962
El Sira,Reserva Comunal,Junín,2008,0.0,375.277434362794,375.628777709962
El Sira,Reserva Comunal,Junín,2009,0.0,374.92614956054797,375.62877770996204
El Sira,Reserva Comunal,Junín,2010,0.0,372.6425221740736,375.6287777099622
El Sira,Reserva Comunal,Junín,2011,0.0,372.6425221740736,375.6287777099622
El Sira,Reserva Comunal,Junín,2012,0.0,371.32498770752096,375.6287777099624
El Sira,Reserva Comunal,Junín,2013,0.0,370.62243743286297,375.62877770996255
El Sira,Reserva Comunal,Junín,2014,0.0,365.8799571289081,375.6287777099628
El Sira,Reserva Comunal,Junín,2015,0.0,366.2312416870136,375.62877770996283
El Sira,Reserva Comunal,Junín,2016,0.0,366.93400522461116,375.6287777099627
El Sira,Reserva Comunal,Junín,2017,0.0,367.5488336120624,375.62877770996283
El Sira,Reserva Comunal,Junín,2018,0.0,367.5488336120624,375.62877770996283
El Sira,Reserva Comunal,Junín,2019,0.0,369.3053998657244,375.62877770996266
El Sira,Reserva Comunal,Junín,2020,0.0,374.13570743408326,375.62877770996215
El Sira,Reserva Comunal,Junín,2021,0.0,374.7505579467786,375.6287777099622
El Sira,Reserva Comunal,Junín,2022,0.0,373.4332144165055,375.62877770996255
El Sira,Reserva Comunal,Junín,2023,0.0,371.32546847534365,375.6287777099628
El Sira,Reserva Comunal,Junín,2024,0.0,368.25151651001147,375.6287777099626
El Sira,Reserva Comunal,Junín,2025,0.0,368.1636700134295,375.6287777099627
El Sira,Reserva Comunal,Pasco,1985,0.0,450365.9199572871,467757.09181601444
El Sira,Reserva Comunal,Pasco,1986,0.0,450589.4943069689,467757.0918160136
El Sira,Reserva Comunal,Pasco,1987,0.0,449907.5540802031,467757.0918160301
El Sira,Reserva Comunal,Pasco,1988,0.0,449370.7181642962,467757.09181602875
El Sira,Reserva Comunal,Pasco,1989,0.0,448730.5073095125,467757.0918160364
El Sira,Reserva Comunal,Pasco,1990,0.0,449017.8855732517,467757.09181603655
El Sira,Reserva Comunal,Pasco,1991,0.0,449202.4441965283,467757.09181603434
El Sira,Reserva Comunal,Pasco,1992,0.0,448957.2322336677,467757.09181603993
El Sira,Reserva Comunal,Pasco,1993,0.0,448688.33623984177,467757.0918160433
El Sira,Reserva Comunal,Pasco,1994,0.0,448907.98691684153,467757.0918160411
El Sira,Reserva Comunal,Pasco,1995,0.0,448759.23559011746,467757.0918160383
El Sira,Reserva Comunal,Pasco,1996,0.0,448428.8215299302,467757.091816044
El Sira,Reserva Comunal,Pasco,1997,0.0,449287.2983294868,467757.09181603394
El Sira,Reserva Comunal,Pasco,1998,0.0,448833.578249025,467757.0918160347
El Sira,Reserva Comunal,Pasco,1999,0.0,447398.22631402663,467757.09181605856
El Sira,Reserva Comunal,Pasco,2000,0.0,447560.5502684558,467757.09181605047
El Sira,Reserva Comunal,Pasco,2001,0.0,446885.486601151,467757.09181605524
El Sira,Reserva Comunal,Pasco,2002,0.0,446302.81252500456,467757.0918160442
El Sira,Reserva Comunal,Pasco,2003,0.0,445484.8387415557,467757.0918160366
El Sira,Reserva Comunal,Pasco,2004,0.0,445248.6747029632,467757.0918160366
El Sira,Reserva Comunal,Pasco,2005,0.0,444631.7822137073,467757.0918160325
El Sira,Reserva Comunal,Pasco,2006,0.0,443635.0707357576,467757.09181603073
El Sira,Reserva Comunal,Pasco,2007,0.0,443413.1803464191,467757.0918160357
El Sira,Reserva Comunal,Pasco,2008,0.0,443085.1714086676,467757.0918160282
El Sira,Reserva Comunal,Pasco,2009,0.0,443235.4862787764,467757.0918160261
El Sira,Reserva Comunal,Pasco,2010,0.0,441920.883270142,467757.0918160403
El Sira,Reserva Comunal,Pasco,2011,0.0,441427.1849134539,467757.09181604756
El Sira,Reserva Comunal,Pasco,2012,0.0,438901.540308175,467757.09181603586
El Sira,Reserva Comunal,Pasco,2013,0.0,437700.4815882363,467757.0918160375
El Sira,Reserva Comunal,Pasco,2014,0.0,437059.465350905,467757.09181604744
El Sira,Reserva Comunal,Pasco,2015,0.0,436121.5119432553,467757.09181605175
El Sira,Reserva Comunal,Pasco,2016,0.0,434937.5902854222,467757.0918160374
El Sira,Reserva Comunal,Pasco,2017,0.0,433391.1194063741,467757.0918160487
El Sira,Reserva Comunal,Pasco,2018,0.0,429398.9634519683,467757.09181605506
El Sira,Reserva Comunal,Pasco,2019,0.0,427680.60804593127,467757.0918160494
El Sira,Reserva Comunal,Pasco,2020,0.0,423325.1228715376,467757.0918160385
El Sira,Reserva Comunal,Pasco,2021,0.0,421767.2050810998,467757.09181603696
El Sira,Reserva Comunal,Pasco,2022,0.0,420058.6075423523,467757.0918160403
El Sira,Reserva Comunal,Pasco,2023,0.0,417536.1968319883,467757.0918160333
El Sira,Reserva Comunal,Pasco,2024,0.0,415844.5744289323,467757.0918160308
El Sira,Reserva Comunal,Pasco,2025,0.0,413722.5476754537,467757.0918160293
El Sira,Reserva Comunal,Ucayali,1985,0.0,326984.5089204446,389734.2182869244
El Sira,Reserva Comunal,Ucayali,1986,0.0,325823.5778484086,389734.2182869282
El Sira,Reserva Comunal,Ucayali,1987,0.0,322915.8402791799,389734.21828692517
El Sira,Reserva Comunal,Ucayali,1988,0.0,319667.0791451901,389734.21828693786
El Sira,Reserva Comunal,Ucayali,1989,0.0,320557.0226412613,389734.2182869336
El Sira,Reserva Comunal,Ucayali,1990,0.0,322060.3784249044,389734.21828692826
El Sira,Reserva Comunal,Ucayali,1991,0.0,320871.4970328724,389734.21828693117
El Sira,Reserva Comunal,Ucayali,1992,0.0,318827.2518104086,389734.2182869341
El Sira,Reserva Comunal,Ucayali,1993,0.0,317207.98137465655,389734.2182869423
El Sira,Reserva Comunal,Ucayali,1994,0.0,315031.6578760784,389734.21828694217
El Sira,Reserva Comunal,Ucayali,1995,0.0,315077.771752069,389734.218286944
El Sira,Reserva Comunal,Ucayali,1996,0.0,314350.4865712633,389734.2182869426
El Sira,Reserva Comunal,Ucayali,1997,0.0,316907.19108159724,389734.218286931
El Sira,Reserva Comunal,Ucayali,1998,0.0,315946.99351655727,389734.21828693047
El Sira,Reserva Comunal,Ucayali,1999,0.0,313401.06693825196,389734.2182869329
El Sira,Reserva Comunal,Ucayali,2000,0.0,312837.39569189353,389734.2182869309
El Sira,Reserva Comunal,Ucayali,2001,0.0,313051.1122035036,389734.21828693245
El Sira,Reserva Comunal,Ucayali,2002,0.0,312540.7599029962,389734.2182869371
El Sira,Reserva Comunal,Ucayali,2003,0.2647483276367188,309270.8288519704,389734.21828694356
El Sira,Reserva Comunal,Ucayali,2004,0.08824955444335937,311078.0511359857,389734.2182869443
El Sira,Reserva Comunal,Ucayali,2005,0.3529976806640625,311700.8741001446,389734.21828694275
El Sira,Reserva Comunal,Ucayali,2006,0.3529978149414063,309840.93217910454,389734.2182869414
El Sira,Reserva Comunal,Ucayali,2007,0.0,310770.2764934768,389734.21828693984
El Sira,Reserva Comunal,Ucayali,2008,0.3529979492187501,314710.2483506276,389734.2182869373
El Sira,Reserva Comunal,Ucayali,2009,0.08824968872070313,314193.3575856311,389734.2182869371
El Sira,Reserva Comunal,Ucayali,2010,0.2647485961914062,311121.3569399687,389734.21828694094
El Sira,Reserva Comunal,Ucayali,2011,0.08824968872070313,309583.0920918318,389734.2182869425
El Sira,Reserva Comunal,Ucayali,2012,0.1764990417480469,308800.2698795913,389734.2182869391
El Sira,Reserva Comunal,Ucayali,2013,0.0,309190.3351803742,389734.2182869348
El Sira,Reserva Comunal,Ucayali,2014,0.0,309012.42890239763,389734.21828693675
El Sira,Reserva Comunal,Ucayali,2015,0.0,307958.9881365645,389734.2182869357
El Sira,Reserva Comunal,Ucayali,2016,0.0,307208.581798785,389734.21828693117
El Sira,Reserva Comunal,Ucayali,2017,0.0,304856.83414539776,389734.21828693716
El Sira,Reserva Comunal,Ucayali,2018,0.0,301236.2011009975,389734.21828694036
El Sira,Reserva Comunal,Ucayali,2019,0.0,299656.5518758236,389734.218286938
El Sira,Reserva Comunal,Ucayali,2020,0.0,299635.45180019364,389734.2182869372
El Sira,Reserva Comunal,Ucayali,2021,0.0,297017.15458451305,389734.2182869367
El Sira,Reserva Comunal,Ucayali,2022,0.0,293297.1081213866,389734.2182869391
El Sira,Reserva Comunal,Ucayali,2023,0.0,291082.2190291791,389734.2182869368
El Sira,Reserva Comunal,Ucayali,2024,0.7060041320800781,285845.4481957059,389734.21828692895
El Sira,Reserva Comunal,Ucayali,2025,0.0,284406.2720685217,389734.21828693064
Huascarán,Parque Nacional,Áncash,1985,0.0,3950.395214855943,178266.46029536708
Huascarán,Parque Nacional,Áncash,1986,0.0,3950.398136364732,178266.46029536685
Huascarán,Parque Nacional,Áncash,1987,0.0,4149.471614886454,178266.4602953672
Huascarán,Parque Nacional,Áncash,1988,0.0,4215.112817077627,178266.46029536822
Huascarán,Parque Nacional,Áncash,1989,0.0,4386.278143267816,178266.46029536732
Huascarán,Parque Nacional,Áncash,1990,0.0,4441.036398614488,178266.46029536816
Huascarán,Parque Nacional,Áncash,1991,0.0,4451.801296868884,178266.46029536828
Huascarán,Parque Nacional,Áncash,1992,0.0,4526.477242065421,178266.46029536804
Huascarán,Parque Nacional,Áncash,1993,0.0,4408.616284301753,178266.4602953671
Huascarán,Parque Nacional,Áncash,1994,0.0,4424.850577813711,178266.4602953676
Huascarán,Parque Nacional,Áncash,1995,0.0,4305.706577819814,178266.46029536764
Huascarán,Parque Nacional,Áncash,1996,0.3524978332519532,4462.488620446769,178266.46029536714
Huascarán,Parque Nacional,Áncash,1997,0.3524978332519532,4478.340269738771,178266.46029536726
Huascarán,Parque Nacional,Áncash,1998,0.3524978332519532,4163.77715146484,178266.46029536705
Huascarán,Parque Nacional,Áncash,1999,0.3524978332519532,4054.389711322013,178266.4602953673
Huascarán,Parque Nacional,Áncash,2000,0.0,4060.129530029292,178266.4602953678
Huascarán,Parque Nacional,Áncash,2001,0.0,4040.025241375733,178266.46029536825
Huascarán,Parque Nacional,Áncash,2002,0.0,3962.645444036862,178266.4602953681
Huascarán,Parque Nacional,Áncash,2003,0.8812508728027342,3916.754436889641,178266.46029536804
Huascarán,Parque Nacional,Áncash,2004,2.380192724609375,4059.367524536127,178266.4602953688
Huascarán,Parque Nacional,Áncash,2005,3.084377813720703,4055.83675129394,178266.4602953683
Huascarán,Parque Nacional,Áncash,2006,6.60936669311524,3972.188483422842,178266.46029536927
Huascarán,Parque Nacional,Áncash,2007,9.16629660644532,4133.172453015122,178266.46029536903
Huascarán,Parque Nacional,Áncash,2008,10.84050376586915,4217.133350115944,178266.4602953686
Huascarán,Parque Nacional,Áncash,2009,13.57629501953126,4322.229177093485,178266.46029536892
Huascarán,Parque Nacional,Áncash,2010,16.57514790039063,4423.077309686259,178266.46029536874
Huascarán,Parque Nacional,Áncash,2011,17.10471387939454,4464.091934423811,178266.46029536898
Huascarán,Parque Nacional,Áncash,2012,17.45639725952149,4486.716363977027,178266.460295369
Huascarán,Parque Nacional,Áncash,2013,14.72125910644532,4328.513848626692,178266.46029536912
Huascarán,Parque Nacional,Áncash,2014,14.10422265014649,4419.854648364246,178266.46029536898
Huascarán,Parque Nacional,Áncash,2015,13.57286824951172,4703.716499963367,178266.46029536953
Huascarán,Parque Nacional,Áncash,2016,13.13126687011719,4901.200403247066,178266.4602953696
Huascarán,Parque Nacional,Áncash,2017,13.13126687011719,4934.828101556395,178266.46029536886
Huascarán,Parque Nacional,Áncash,2018,11.36809937744141,4995.457172509764,178266.46029536915
Huascarán,Parque Nacional,Áncash,2019,11.80872564086915,5020.071750268548,178266.46029536898
Huascarán,Parque Nacional,Áncash,2020,13.83559815063477,4947.690195068342,178266.46029536947
Huascarán,Parque Nacional,Áncash,2021,14.89310435180664,4848.608711889638,178266.46029536953
Huascarán,Parque Nacional,Áncash,2022,17.00809518432616,4858.50107979125,178266.46029536886
Huascarán,Parque Nacional,Áncash,2023,17.09622061767577,4978.772762786861,178266.4602953703
Huascarán,Parque Nacional,Áncash,2024,17.36059545898437,5180.656528332515,178266.46029537017
Huascarán,Parque Nacional,Áncash,2025,17.36059176025391,5113.856245971671,178266.46029537002
Ichigkat Muja-Cordillera del Cóndor,Parque Nacional,Amazonas,1985,0.0,137196.12922771246,138620.9104078272
Ichigkat Muja-Cordillera del Cóndor,Parque Nacional,Amazonas,1986,0.0,137208.2627387286,138620.9104078265
Ichigkat Muja-Cordillera del Cóndor,Parque Nacional,Amazonas,1987,0.0,137103.16569918365,138620.91040782625
Ichigkat Muja-Cordillera del Cóndor,Parque Nacional,Amazonas,1988,0.0,137080.85455970652,138620.91040782665
Ichigkat Muja-Cordillera del Cóndor,Parque Nacional,Amazonas,1989,0.0,137187.0465545175,138620.9104078256
Ichigkat Muja-Cordillera del Cóndor,Parque Nacional,Amazonas,1990,0.0,137164.18629624732,138620.9104078257
Ichigkat Muja-Cordillera del Cóndor,Parque Nacional,Amazonas,1991,0.0,137215.96280184298,138620.91040782444
Ichigkat Muja-Cordillera del Cóndor,Parque Nacional,Amazonas,1992,0.0,137260.23609800744,138620.9104078219
Ichigkat Muja-Cordillera del Cóndor,Parque Nacional,Amazonas,1993,0.0,137206.94125313024,138620.91040782383
Ichigkat Muja-Cordillera del Cóndor,Parque Nacional,Amazonas,1994,0.0,137128.26656670927,138620.91040782863
Ichigkat Muja-Cordillera del Cóndor,Parque Nacional,Amazonas,1995,0.0,137048.7765519092,138620.9104078296
Ichigkat Muja-Cordillera del Cóndor,Parque Nacional,Amazonas,1996,0.0,137354.53316107037,138620.9104078233
Ichigkat Muja-Cordillera del Cóndor,Parque Nacional,Amazonas,1997,0.0,137344.45134360247,138620.91040782366
Ichigkat Muja-Cordillera del Cóndor,Parque Nacional,Amazonas,1998,0.0,137273.49405854536,138620.91040782517
Ichigkat Muja-Cordillera del Cóndor,Parque Nacional,Amazonas,1999,0.0,137221.28456580924,138620.91040782584
Ichigkat Muja-Cordillera del Cóndor,Parque Nacional,Amazonas,2000,0.0,137170.21567776284,138620.91040782875
Ichigkat Muja-Cordillera del Cóndor,Parque Nacional,Amazonas,2001,0.0,137091.15582868783,138620.910407826
Ichigkat Muja-Cordillera del Cóndor,Parque Nacional,Amazonas,2002,0.0,137005.47176709815,138620.9104078269
Ichigkat Muja-Cordillera del Cóndor,Parque Nacional,Amazonas,2003,0.0,136988.2499128621,138620.91040782668
Ichigkat Muja-Cordillera del Cóndor,Parque Nacional,Amazonas,2004,0.0,136964.33698554285,138620.91040782677
Ichigkat Muja-Cordillera del Cóndor,Parque Nacional,Amazonas,2005,0.0,137002.97894488697,138620.91040782642
Ichigkat Muja-Cordillera del Cóndor,Parque Nacional,Amazonas,2006,0.0,137024.3812231273,138620.91040782578
Ichigkat Muja-Cordillera del Cóndor,Parque Nacional,Amazonas,2007,0.0,136848.11952365556,138620.91040782916
Ichigkat Muja-Cordillera del Cóndor,Parque Nacional,Amazonas,2008,0.0,136964.5918852488,138620.91040782572
Ichigkat Muja-Cordillera del Cóndor,Parque Nacional,Amazonas,2009,0.0,137093.9187386004,138620.91040782648
Ichigkat Muja-Cordillera del Cóndor,Parque Nacional,Amazonas,2010,0.0,137163.97250010146,138620.9104078224
Ichigkat Muja-Cordillera del Cóndor,Parque Nacional,Amazonas,2011,0.0,137014.2280727882,138620.9104078285
Ichigkat Muja-Cordillera del Cóndor,Parque Nacional,Amazonas,2012,0.0,137068.29870178679,138620.91040782927
Ichigkat Muja-Cordillera del Cóndor,Parque Nacional,Amazonas,2013,0.0,137099.4353292888,138620.91040782887
Ichigkat Muja-Cordillera del Cóndor,Parque Nacional,Amazonas,2014,0.0,137006.8934213419,138620.91040782872
Ichigkat Muja-Cordillera del Cóndor,Parque Nacional,Amazonas,2015,0.0,136993.68867999048,138620.9104078286
Ichigkat Muja-Cordillera del Cóndor,Parque Nacional,Amazonas,2016,0.0,137003.32371635578,138620.91040782916
Ichigkat Muja-Cordillera del Cóndor,Parque Nacional,Amazonas,2017,0.0,136937.6629331529,138620.91040782942
Ichigkat Muja-Cordillera del Cóndor,Parque Nacional,Amazonas,2018,0.0,136825.29725883994,138620.91040782677
Ichigkat Muja-Cordillera del Cóndor,Parque Nacional,Amazonas,2019,0.0,136767.21561731864,138620.91040782767
Ichigkat Muja-Cordillera del Cóndor,Parque Nacional,Amazonas,2020,0.0,136747.3982050433,138620.9104078265
Ichigkat Muja-Cordillera del Cóndor,Parque Nacional,Amazonas,2021,0.0,136577.63180360972,138620.91040782724
Ichigkat Muja-Cordillera del Cóndor,Parque Nacional,Amazonas,2022,0.0,136489.33721161142,138620.91040782724
Ichigkat Muja-Cordillera del Cóndor,Parque Nacional,Amazonas,2023,0.0,136495.4848204066,138620.91040782726
Ichigkat Muja-Cordillera del Cóndor,Parque Nacional,Amazonas,2024,0.0,136539.73721960798,138620.9104078282
Ichigkat Muja-Cordillera del Cóndor,Parque Nacional,Amazonas,2025,0.0,136480.74430022042,138620.9104078315
Lagunas de Mejía,Santuario Nacional,Arequipa,1985,0.0,0.0,1582.7633408752479
Lagunas de Mejía,Santuario Nacional,Arequipa,1986,0.0,0.0,1582.7633408752515
Lagunas de Mejía,Santuario Nacional,Arequipa,1987,0.0,0.0,1582.7633408752158
Lagunas de Mejía,Santuario Nacional,Arequipa,1988,0.0,0.0,1582.7633408751697
Lagunas de Mejía,Santuario Nacional,Arequipa,1989,0.0,0.0,1582.7633408751767
Lagunas de Mejía,Santuario Nacional,Arequipa,1990,0.0,0.0,1582.7633408751758
Lagunas de Mejía,Santuario Nacional,Arequipa,1991,0.0,0.0,1582.7633408751726
Lagunas de Mejía,Santuario Nacional,Arequipa,1992,0.0,0.0,1582.7633408751713
Lagunas de Mejía,Santuario Nacional,Arequipa,1993,0.0,0.0,1582.7633408751703
Lagunas de Mejía,Santuario Nacional,Arequipa,1994,0.0,0.0,1582.7633408751703
Lagunas de Mejía,Santuario Nacional,Arequipa,1995,0.0,0.0,1582.7633408751663
Lagunas de Mejía,Santuario Nacional,Arequipa,1996,0.0,0.0,1582.7633408751622
Lagunas de Mejía,Santuario Nacional,Arequipa,1997,0.0,0.0,1582.7633408751806
Lagunas de Mejía,Santuario Nacional,Arequipa,1998,0.0,0.0,1582.7633408751697
Lagunas de Mejía,Santuario Nacional,Arequipa,1999,0.0,0.0,1582.76334087516
Lagunas de Mejía,Santuario Nacional,Arequipa,2000,0.0,0.0,1582.7633408751742
Lagunas de Mejía,Santuario Nacional,Arequipa,2001,0.0,0.0,1582.7633408751617
Lagunas de Mejía,Santuario Nacional,Arequipa,2002,0.0,0.0,1582.763340875185
Lagunas de Mejía,Santuario Nacional,Arequipa,2003,0.0,0.0,1582.763340875163
Lagunas de Mejía,Santuario Nacional,Arequipa,2004,0.0,0.0,1582.7633408751633
Lagunas de Mejía,Santuario Nacional,Arequipa,2005,0.0,0.0,1582.7633408751783
Lagunas de Mejía,Santuario Nacional,Arequipa,2006,0.0,0.0,1582.7633408751801
Lagunas de Mejía,Santuario Nacional,Arequipa,2007,0.0,0.0,1582.7633408752147
Lagunas de Mejía,Santuario Nacional,Arequipa,2008,0.0,0.0,1582.7633408752054
Lagunas de Mejía,Santuario Nacional,Arequipa,2009,0.0,0.0,1582.7633408751938
Lagunas de Mejía,Santuario Nacional,Arequipa,2010,0.0,0.0,1582.763340875198
Lagunas de Mejía,Santuario Nacional,Arequipa,2011,0.0,0.0,1582.7633408751858
Lagunas de Mejía,Santuario Nacional,Arequipa,2012,0.0,0.0,1582.7633408752026
Lagunas de Mejía,Santuario Nacional,Arequipa,2013,0.0,0.0,1582.7633408751913
Lagunas de Mejía,Santuario Nacional,Arequipa,2014,0.0,0.0,1582.763340875185
Lagunas de Mejía,Santuario Nacional,Arequipa,2015,0.0,0.0,1582.7633408752097
Lagunas de Mejía,Santuario Nacional,Arequipa,2016,0.0,0.0,1582.7633408752072
Lagunas de Mejía,Santuario Nacional,Arequipa,2017,0.0,0.0,1582.7633408752054
Lagunas de Mejía,Santuario Nacional,Arequipa,2018,0.0,0.0,1582.7633408752133
Lagunas de Mejía,Santuario Nacional,Arequipa,2019,0.0,0.0,1582.7633408752208
Lagunas de Mejía,Santuario Nacional,Arequipa,2020,0.0,0.0,1582.7633408752067
Lagunas de Mejía,Santuario Nacional,Arequipa,2021,0.0,0.0,1582.7633408751906
Lagunas de Mejía,Santuario Nacional,Arequipa,2022,0.0,0.0,1582.7633408751788
Lagunas de Mejía,Santuario Nacional,Arequipa,2023,0.0,0.0,1582.7633408752079
Lagunas de Mejía,Santuario Nacional,Arequipa,2024,0.0,0.0,1582.7633408751838
Lagunas de Mejía,Santuario Nacional,Arequipa,2025,0.0,0.0,1582.7633408752183
Laquipampa,Refugio de Vida Silvestre,Cajamarca,1985,0.0,2.399420117187501,2.6660000610351573
Laquipampa,Refugio de Vida Silvestre,Cajamarca,1986,0.0,2.399420117187501,2.6660000610351573
Laquipampa,Refugio de Vida Silvestre,Cajamarca,1987,0.0,2.399420117187501,2.6660000610351573
Laquipampa,Refugio de Vida Silvestre,Cajamarca,1988,0.0,2.488280084228516,2.666000061035157
Laquipampa,Refugio de Vida Silvestre,Cajamarca,1989,0.0,2.399420117187501,2.6660000610351573
Laquipampa,Refugio de Vida Silvestre,Cajamarca,1990,0.0,2.221682177734375,2.6660000610351564
Laquipampa,Refugio de Vida Silvestre,Cajamarca,1991,0.0,2.399420117187501,2.6660000610351573
Laquipampa,Refugio de Vida Silvestre,Cajamarca,1992,0.0,2.399420117187501,2.6660000610351573
Laquipampa,Refugio de Vida Silvestre,Cajamarca,1993,0.0,2.399420117187501,2.6660000610351573
Laquipampa,Refugio de Vida Silvestre,Cajamarca,1994,0.0,2.399420117187501,2.6660000610351573
Laquipampa,Refugio de Vida Silvestre,Cajamarca,1995,0.0,2.399420117187501,2.6660000610351573
Laquipampa,Refugio de Vida Silvestre,Cajamarca,1996,0.0,2.399420117187501,2.6660000610351573
Laquipampa,Refugio de Vida Silvestre,Cajamarca,1997,0.0,1.68846714477539,2.6660000610351555
Laquipampa,Refugio de Vida Silvestre,Cajamarca,1998,0.0,1.955074322509766,2.6660000610351564
Laquipampa,Refugio de Vida Silvestre,Cajamarca,1999,0.0,1.955074322509766,2.6660000610351564
Laquipampa,Refugio de Vida Silvestre,Cajamarca,2000,0.0,1.955074322509766,2.6660000610351564
Laquipampa,Refugio de Vida Silvestre,Cajamarca,2001,0.0,2.399420117187501,2.6660000610351573
Laquipampa,Refugio de Vida Silvestre,Cajamarca,2002,0.0,2.399420117187501,2.6660000610351573
Laquipampa,Refugio de Vida Silvestre,Cajamarca,2003,0.0,2.399420117187501,2.6660000610351573
Laquipampa,Refugio de Vida Silvestre,Cajamarca,2004,0.0,2.310550561523438,2.666000061035157
Laquipampa,Refugio de Vida Silvestre,Cajamarca,2005,0.0,2.310550561523438,2.666000061035157
Laquipampa,Refugio de Vida Silvestre,Cajamarca,2006,0.0,2.221681231689454,2.6660000610351573
Laquipampa,Refugio de Vida Silvestre,Cajamarca,2007,0.0,2.310550787353516,2.6660000610351564
Laquipampa,Refugio de Vida Silvestre,Cajamarca,2008,0.0,2.310550787353516,2.6660000610351564
Laquipampa,Refugio de Vida Silvestre,Cajamarca,2009,0.0,2.399420117187501,2.6660000610351573
Laquipampa,Refugio de Vida Silvestre,Cajamarca,2010,0.0,2.399420117187501,2.6660000610351573
Laquipampa,Refugio de Vida Silvestre,Cajamarca,2011,0.0,2.399420117187501,2.6660000610351573
Laquipampa,Refugio de Vida Silvestre,Cajamarca,2012,0.0,2.399420117187501,2.6660000610351573
Laquipampa,Refugio de Vida Silvestre,Cajamarca,2013,0.0,2.399420117187501,2.6660000610351573
Laquipampa,Refugio de Vida Silvestre,Cajamarca,2014,0.0,2.399420117187501,2.6660000610351573
Laquipampa,Refugio de Vida Silvestre,Cajamarca,2015,0.0,2.399420117187501,2.6660000610351573
Laquipampa,Refugio de Vida Silvestre,Cajamarca,2016,0.0,2.399420117187501,2.6660000610351573
Laquipampa,Refugio de Vida Silvestre,Cajamarca,2017,0.0,2.399420117187501,2.6660000610351573
Laquipampa,Refugio de Vida Silvestre,Cajamarca,2018,0.0,2.399420117187501,2.6660000610351573
Laquipampa,Refugio de Vida Silvestre,Cajamarca,2019,0.0,2.399420117187501,2.6660000610351573
Laquipampa,Refugio de Vida Silvestre,Cajamarca,2020,0.0,2.399420117187501,2.6660000610351573
Laquipampa,Refugio de Vida Silvestre,Cajamarca,2021,0.0,2.399420117187501,2.6660000610351573
Laquipampa,Refugio de Vida Silvestre,Cajamarca,2022,0.0,2.399420117187501,2.6660000610351573
Laquipampa,Refugio de Vida Silvestre,Cajamarca,2023,0.0,2.399420117187501,2.6660000610351573
Laquipampa,Refugio de Vida Silvestre,Cajamarca,2024,0.0,2.399420117187501,2.6660000610351573
Laquipampa,Refugio de Vida Silvestre,Cajamarca,2025,0.0,2.399420117187501,2.6660000610351573
Laquipampa,Refugio de Vida Silvestre,Lambayeque,1985,0.0,3929.795690759295,4618.046394665546
Laquipampa,Refugio de Vida Silvestre,Lambayeque,1986,0.0,3915.931259527598,4618.046394665539
Laquipampa,Refugio de Vida Silvestre,Lambayeque,1987,0.0,4007.3735596740444,4618.046394665501
Laquipampa,Refugio de Vida Silvestre,Lambayeque,1988,0.0,4016.1700868102653,4618.046394665491
Laquipampa,Refugio de Vida Silvestre,Lambayeque,1989,0.0,3931.3930092346236,4618.046394665533
Laquipampa,Refugio de Vida Silvestre,Lambayeque,1990,0.0,3844.6634530579126,4618.046394665579
Laquipampa,Refugio de Vida Silvestre,Lambayeque,1991,0.0,3816.1393118408273,4618.046394665536
Laquipampa,Refugio de Vida Silvestre,Lambayeque,1992,0.0,3822.626434014906,4618.046394665542
Laquipampa,Refugio de Vida Silvestre,Lambayeque,1993,0.0,3823.0711001159775,4618.046394665539
Laquipampa,Refugio de Vida Silvestre,Lambayeque,1994,0.0,3823.337747814952,4618.046394665538
Laquipampa,Refugio de Vida Silvestre,Lambayeque,1995,0.0,3818.8942087707615,4618.046394665538
Laquipampa,Refugio de Vida Silvestre,Lambayeque,1996,0.0,3852.3971193847874,4618.046394665551
Laquipampa,Refugio de Vida Silvestre,Lambayeque,1997,0.0,3777.8358346618584,4618.046394665518
Laquipampa,Refugio de Vida Silvestre,Lambayeque,1998,0.0,3830.6236671203833,4618.046394665553
Laquipampa,Refugio de Vida Silvestre,Lambayeque,1999,0.0,3802.9859791992308,4618.046394665542
Laquipampa,Refugio de Vida Silvestre,Lambayeque,2000,0.0,3773.8378020934797,4618.046394665501
Laquipampa,Refugio de Vida Silvestre,Lambayeque,2001,0.0,3801.0312840576025,4618.0463946655145
Laquipampa,Refugio de Vida Silvestre,Lambayeque,2002,0.0,3792.322410168445,4618.046394665515
Laquipampa,Refugio de Vida Silvestre,Lambayeque,2003,0.0,3727.1837801879906,4618.046394665526
Laquipampa,Refugio de Vida Silvestre,Lambayeque,2004,0.0,3619.563227063031,4618.0463946655655
Laquipampa,Refugio de Vida Silvestre,Lambayeque,2005,0.0,3596.1889703674688,4618.046394665557
Laquipampa,Refugio de Vida Silvestre,Lambayeque,2006,0.0,3588.280263330098,4618.04639466554
Laquipampa,Refugio de Vida Silvestre,Lambayeque,2007,0.0,3589.0800080810586,4618.046394665525
Laquipampa,Refugio de Vida Silvestre,Lambayeque,2008,0.0,3582.770044696045,4618.046394665522
Laquipampa,Refugio de Vida Silvestre,Lambayeque,2009,0.0,3597.7879244934034,4618.046394665522
Laquipampa,Refugio de Vida Silvestre,Lambayeque,2010,0.0,3611.7400862121444,4618.046394665512
Laquipampa,Refugio de Vida Silvestre,Lambayeque,2011,0.0,3616.9835729553097,4618.046394665513
Laquipampa,Refugio de Vida Silvestre,Lambayeque,2012,0.0,3620.2718643066255,4618.04639466551
Laquipampa,Refugio de Vida Silvestre,Lambayeque,2013,0.0,3593.8775143188377,4618.0463946655145
Laquipampa,Refugio de Vida Silvestre,Lambayeque,2014,0.0,3591.1244185241744,4618.046394665526
Laquipampa,Refugio de Vida Silvestre,Lambayeque,2015,0.0,3599.833948547367,4618.04639466553
Laquipampa,Refugio de Vida Silvestre,Lambayeque,2016,0.0,3601.967075292971,4618.046394665526
Laquipampa,Refugio de Vida Silvestre,Lambayeque,2017,0.0,3614.319750561524,4618.046394665526
Laquipampa,Refugio de Vida Silvestre,Lambayeque,2018,0.0,3596.81289071045,4618.046394665526
Laquipampa,Refugio de Vida Silvestre,Lambayeque,2019,0.0,3587.5699860168493,4618.046394665528
Laquipampa,Refugio de Vida Silvestre,Lambayeque,2020,0.0,3566.418890173358,4618.046394665539
Laquipampa,Refugio de Vida Silvestre,Lambayeque,2021,0.0,3559.3994976135536,4618.046394665552
Laquipampa,Refugio de Vida Silvestre,Lambayeque,2022,0.0,3557.7111628906523,4618.04639466555
Laquipampa,Refugio de Vida Silvestre,Lambayeque,2023,0.0,3552.0235374695103,4618.04639466555
Laquipampa,Refugio de Vida Silvestre,Lambayeque,2024,0.0,3541.9815180114915,4618.046394665538
Laquipampa,Refugio de Vida Silvestre,Lambayeque,2025,0.0,3540.2040929199397,4618.046394665542
Los Pantanos de Villa,Refugio de Vida Silvestre,Lima,1985,0.0,0.0,1027.9049370727578
Los Pantanos de Villa,Refugio de Vida Silvestre,Lima,1986,0.0,0.0,1027.9049370727575
Los Pantanos de Villa,Refugio de Vida Silvestre,Lima,1987,0.0,0.0,1027.904937072759
Los Pantanos de Villa,Refugio de Vida Silvestre,Lima,1988,0.0,0.0,1027.9049370727562
Los Pantanos de Villa,Refugio de Vida Silvestre,Lima,1989,0.0,0.0,1027.904937072757
Los Pantanos de Villa,Refugio de Vida Silvestre,Lima,1990,0.0,0.0,1027.9049370727553
Los Pantanos de Villa,Refugio de Vida Silvestre,Lima,1991,0.0,0.0,1027.9049370727537
Los Pantanos de Villa,Refugio de Vida Silvestre,Lima,1992,0.0,0.0,1027.904937072755
Los Pantanos de Villa,Refugio de Vida Silvestre,Lima,1993,0.0,0.0,1027.9049370727525
Los Pantanos de Villa,Refugio de Vida Silvestre,Lima,1994,0.0,0.0,1027.9049370727516
Los Pantanos de Villa,Refugio de Vida Silvestre,Lima,1995,0.0,0.0,1027.904937072752
Los Pantanos de Villa,Refugio de Vida Silvestre,Lima,1996,0.0,0.0,1027.9049370727523
Los Pantanos de Villa,Refugio de Vida Silvestre,Lima,1997,0.0,0.0,1027.904937072752
Los Pantanos de Villa,Refugio de Vida Silvestre,Lima,1998,0.0,0.0,1027.9049370727528
Los Pantanos de Villa,Refugio de Vida Silvestre,Lima,1999,0.0,0.0,1027.9049370727532
Los Pantanos de Villa,Refugio de Vida Silvestre,Lima,2000,0.0,0.0,1027.9049370727498
Los Pantanos de Villa,Refugio de Vida Silvestre,Lima,2001,0.0,0.0,1027.9049370727482
Los Pantanos de Villa,Refugio de Vida Silvestre,Lima,2002,0.0,0.0,1027.9049370727487
Los Pantanos de Villa,Refugio de Vida Silvestre,Lima,2003,0.0,0.0,1027.9049370727491
Los Pantanos de Villa,Refugio de Vida Silvestre,Lima,2004,0.0,0.0,1027.904937072749
Los Pantanos de Villa,Refugio de Vida Silvestre,Lima,2005,0.0,0.0,1027.9049370727487
Los Pantanos de Villa,Refugio de Vida Silvestre,Lima,2006,0.0,0.0,1027.904937072749
Los Pantanos de Villa,Refugio de Vida Silvestre,Lima,2007,0.0,0.0,1027.904937072749
Los Pantanos de Villa,Refugio de Vida Silvestre,Lima,2008,0.0,0.0,1027.904937072748
Los Pantanos de Villa,Refugio de Vida Silvestre,Lima,2009,0.0,0.0,1027.9049370727478
Los Pantanos de Villa,Refugio de Vida Silvestre,Lima,2010,0.0,0.0,1027.9049370727469
Los Pantanos de Villa,Refugio de Vida Silvestre,Lima,2011,0.0,0.0,1027.9049370727455
Los Pantanos de Villa,Refugio de Vida Silvestre,Lima,2012,0.0,0.0,1027.9049370727444
Los Pantanos de Villa,Refugio de Vida Silvestre,Lima,2013,0.0,0.0,1027.9049370727441
Los Pantanos de Villa,Refugio de Vida Silvestre,Lima,2014,0.0,0.0,1027.9049370727441
Los Pantanos de Villa,Refugio de Vida Silvestre,Lima,2015,0.0,0.0,1027.9049370727444
Los Pantanos de Villa,Refugio de Vida Silvestre,Lima,2016,0.0,0.0,1027.9049370727448
Los Pantanos de Villa,Refugio de Vida Silvestre,Lima,2017,0.0,0.0,1027.904937072745
Los Pantanos de Villa,Refugio de Vida Silvestre,Lima,2018,0.0,0.0,1027.9049370727457
Los Pantanos de Villa,Refugio de Vida Silvestre,Lima,2019,0.0,0.0,1027.9049370727457
Los Pantanos de Villa,Refugio de Vida Silvestre,Lima,2020,0.0,0.0,1027.9049370727462
Los Pantanos de Villa,Refugio de Vida Silvestre,Lima,2021,0.0,0.0,1027.9049370727462
Los Pantanos de Villa,Refugio de Vida Silvestre,Lima,2022,0.0,0.0,1027.9049370727464
Los Pantanos de Villa,Refugio de Vida Silvestre,Lima,2023,0.0,0.0,1027.904937072747
Los Pantanos de Villa,Refugio de Vida Silvestre,Lima,2024,0.0,0.0,1027.9049370727473
Los Pantanos de Villa,Refugio de Vida Silvestre,Lima,2025,0.0,0.0,1027.9049370727473
Machiguenga,Reserva Comunal,Cusco,1985,0.0,436399.3236477532,466019.8926174991
Machiguenga,Reserva Comunal,Cusco,1986,0.0,436493.411647368,466019.8926174984
Machiguenga,Reserva Comunal,Cusco,1987,0.0,436671.43846866133,466019.8926174966
Machiguenga,Reserva Comunal,Cusco,1988,0.0,437375.9437748317,466019.89261749637
Machiguenga,Reserva Comunal,Cusco,1989,0.0,437160.09766178293,466019.8926174969
Machiguenga,Reserva Comunal,Cusco,1990,0.0,437103.0734389934,466019.89261749794
Machiguenga,Reserva Comunal,Cusco,1991,0.0,437142.7259633988,466019.89261749526
Machiguenga,Reserva Comunal,Cusco,1992,0.0,437230.0482044837,466019.8926174975
Machiguenga,Reserva Comunal,Cusco,1993,0.0,437351.6491276139,466019.8926174954
Machiguenga,Reserva Comunal,Cusco,1994,0.0,437366.98255914706,466019.8926174977
Machiguenga,Reserva Comunal,Cusco,1995,0.0,437341.7015910301,466019.892617496
Machiguenga,Reserva Comunal,Cusco,1996,0.0,437289.0612406318,466019.8926175005
Machiguenga,Reserva Comunal,Cusco,1997,0.0,437411.8224183242,466019.89261750126
Machiguenga,Reserva Comunal,Cusco,1998,0.0,436958.8349917234,466019.89261749963
Machiguenga,Reserva Comunal,Cusco,1999,0.0,437404.0785341001,466019.8926174996
Machiguenga,Reserva Comunal,Cusco,2000,0.0,437388.5173023722,466019.8926174977
Machiguenga,Reserva Comunal,Cusco,2001,0.0,437218.8673236364,466019.89261749736
Machiguenga,Reserva Comunal,Cusco,2002,0.0,437405.6135054615,466019.89261749864
Machiguenga,Reserva Comunal,Cusco,2003,0.0,437075.7716683203,466019.89261749736
Machiguenga,Reserva Comunal,Cusco,2004,0.0,437267.90926421375,466019.8926174985
Machiguenga,Reserva Comunal,Cusco,2005,0.0,437208.49236403406,466019.8926174958
Machiguenga,Reserva Comunal,Cusco,2006,0.0,436815.40555400576,466019.89261749556
Machiguenga,Reserva Comunal,Cusco,2007,0.0,436579.8153963122,466019.8926174986
Machiguenga,Reserva Comunal,Cusco,2008,0.0,436908.2872996492,466019.8926174969
Machiguenga,Reserva Comunal,Cusco,2009,0.0,436788.53925051575,466019.8926174967
Machiguenga,Reserva Comunal,Cusco,2010,0.0,436567.6511411709,466019.89261749637
Machiguenga,Reserva Comunal,Cusco,2011,0.0,436538.2570401331,466019.8926174962
Machiguenga,Reserva Comunal,Cusco,2012,0.0,436150.5613285656,466019.89261749486
Machiguenga,Reserva Comunal,Cusco,2013,0.0,436231.0002416468,466019.8926174962
Machiguenga,Reserva Comunal,Cusco,2014,0.0,436225.7292172548,466019.8926174939
Machiguenga,Reserva Comunal,Cusco,2015,0.0,436480.99780426885,466019.89261749625
Machiguenga,Reserva Comunal,Cusco,2016,0.0,436080.77133839874,466019.8926174952
Machiguenga,Reserva Comunal,Cusco,2017,0.0,436049.1021002826,466019.89261749556
Machiguenga,Reserva Comunal,Cusco,2018,0.0,435869.18147800444,466019.8926174952
Machiguenga,Reserva Comunal,Cusco,2019,0.0,435749.26963880344,466019.8926175032
Machiguenga,Reserva Comunal,Cusco,2020,0.0,435680.6199074375,466019.8926175032
Machiguenga,Reserva Comunal,Cusco,2021,0.0,435586.7449965645,466019.89261750673
Machiguenga,Reserva Comunal,Cusco,2022,0.0,435266.7348400292,466019.8926175022
Machiguenga,Reserva Comunal,Cusco,2023,0.0,434726.5690147286,466019.89261750056
Machiguenga,Reserva Comunal,Cusco,2024,0.0,434932.18625767826,466019.892617506
Machiguenga,Reserva Comunal,Cusco,2025,0.0,434305.886314076,466019.89261750726
Machiguenga,Reserva Comunal,Junín,1985,0.0,6301.227105603026,6427.874213812254
Machiguenga,Reserva Comunal,Junín,1986,0.0,6281.585928863505,6427.874213812235
Machiguenga,Reserva Comunal,Junín,1987,0.0,6286.495979748524,6427.874213812245
Machiguenga,Reserva Comunal,Junín,1988,0.0,6322.2710139465335,6427.874213812256
Machiguenga,Reserva Comunal,Junín,1989,0.0,6315.256950500486,6427.8742138122525
Machiguenga,Reserva Comunal,Junín,1990,0.0,6318.939540112305,6427.874213812255
Machiguenga,Reserva Comunal,Junín,1991,0.0,6311.836941558812,6427.87421381223
Machiguenga,Reserva Comunal,Junín,1992,0.0,6322.1835758728,6427.874213812253
Machiguenga,Reserva Comunal,Junín,1993,0.0,6333.670246356198,6427.8742138122525
Machiguenga,Reserva Comunal,Junín,1994,0.0,6314.1168597717115,6427.874213812239
Machiguenga,Reserva Comunal,Junín,1995,0.0,6313.23989379271,6427.874213812241
Machiguenga,Reserva Comunal,Junín,1996,0.0,6332.004642883297,6427.874213812252
Machiguenga,Reserva Comunal,Junín,1997,0.0,6327.971354125966,6427.874213812246
Machiguenga,Reserva Comunal,Junín,1998,0.0,6324.28859838866,6427.874213812244
Machiguenga,Reserva Comunal,Junín,1999,0.0,6318.413236724845,6427.874213812247
Machiguenga,Reserva Comunal,Junín,2000,0.0,6297.80744340818,6427.874213812233
Machiguenga,Reserva Comunal,Junín,2001,0.0,6311.574172338854,6427.8742138122425
Machiguenga,Reserva Comunal,Junín,2002,0.0,6318.677088915989,6427.874213812229
Machiguenga,Reserva Comunal,Junín,2003,0.0,6316.308709765617,6427.874213812248
Machiguenga,Reserva Comunal,Junín,2004,0.0,6324.989261425781,6427.874213812255
Machiguenga,Reserva Comunal,Junín,2005,0.0,6324.551337927248,6427.874213812257
Machiguenga,Reserva Comunal,Junín,2006,0.0,6302.806206494108,6427.874213812223
Machiguenga,Reserva Comunal,Junín,2007,0.0,6308.855590478499,6427.87421381224
Machiguenga,Reserva Comunal,Junín,2008,0.0,6329.900011047356,6427.874213812248
Machiguenga,Reserva Comunal,Junín,2009,0.0,6326.8309712951595,6427.874213812249
Machiguenga,Reserva Comunal,Junín,2010,0.0,6331.127945654294,6427.8742138122525
Machiguenga,Reserva Comunal,Junín,2011,0.0,6331.653985601804,6427.874213812253
Machiguenga,Reserva Comunal,Junín,2012,0.0,6320.868507165522,6427.874213812251
Machiguenga,Reserva Comunal,Junín,2013,0.0,6315.344366125493,6427.874213812261
Machiguenga,Reserva Comunal,Junín,2014,0.0,6313.766160839838,6427.874213812251
Machiguenga,Reserva Comunal,Junín,2015,0.0,6289.653821356157,6427.8742138122125
Machiguenga,Reserva Comunal,Junín,2016,0.0,6298.334128124975,6427.874213812231
Machiguenga,Reserva Comunal,Junín,2017,0.0,6285.97114483637,6427.8742138122
Machiguenga,Reserva Comunal,Junín,2018,0.0,6271.415563867121,6427.874213812189
Machiguenga,Reserva Comunal,Junín,2019,0.0,6289.040177239924,6427.874213812189
Machiguenga,Reserva Comunal,Junín,2020,0.0,6308.067353277554,6427.874213812221
Machiguenga,Reserva Comunal,Junín,2021,0.0,6318.413434838862,6427.874213812251
Machiguenga,Reserva Comunal,Junín,2022,0.0,6311.661572637942,6427.874213812258
Machiguenga,Reserva Comunal,Junín,2023,0.0,6295.090111596638,6427.874213812214
Machiguenga,Reserva Comunal,Junín,2024,0.0,6319.290508856193,6427.874213812248
Machiguenga,Reserva Comunal,Junín,2025,0.0,6302.981293768295,6427.87421381224
Machiguenga,Reserva Comunal,Ucayali,1985,0.0,26795.509176150397,26955.068532375986
Machiguenga,Reserva Comunal,Ucayali,1986,0.0,26718.062221798806,26955.068532376197
Machiguenga,Reserva Comunal,Ucayali,1987,0.0,26720.781912606933,26955.06853237622
Machiguenga,Reserva Comunal,Ucayali,1988,0.0,26802.529357272786,26955.068532376547
Machiguenga,Reserva Comunal,Ucayali,1989,0.0,26767.706748953333,26955.068532376183
Machiguenga,Reserva Comunal,Ucayali,1990,0.0,26749.814896969514,26955.068532376008
Machiguenga,Reserva Comunal,Ucayali,1991,0.0,26768.93668180844,26955.06853237607
Machiguenga,Reserva Comunal,Ucayali,1992,0.0,26779.723741256857,26955.068532376245
Machiguenga,Reserva Comunal,Ucayali,1993,0.0,26790.337074307576,26955.068532376423
Machiguenga,Reserva Comunal,Ucayali,1994,0.0,26656.405834945126,26955.068532375546
Machiguenga,Reserva Comunal,Ucayali,1995,0.0,26722.889491714304,26955.068532375924
Machiguenga,Reserva Comunal,Ucayali,1996,0.0,26772.79605511172,26955.068532376124
Machiguenga,Reserva Comunal,Ucayali,1997,0.0,26760.780376467832,26955.068532376034
Machiguenga,Reserva Comunal,Ucayali,1998,0.0,26694.99733136255,26955.06853237573
Machiguenga,Reserva Comunal,Ucayali,1999,0.0,26684.210186013406,26955.06853237571
Machiguenga,Reserva Comunal,Ucayali,2000,0.0,26679.384885280877,26955.068532375604
Machiguenga,Reserva Comunal,Ucayali,2001,0.0,26658.772789193157,26955.06853237553
Machiguenga,Reserva Comunal,Ucayali,2002,0.0,26695.961562337852,26955.06853237569
Machiguenga,Reserva Comunal,Ucayali,2003,0.0,26684.12166047634,26955.068532375753
Machiguenga,Reserva Comunal,Ucayali,2004,0.0,26655.351760244284,26955.06853237563
Machiguenga,Reserva Comunal,Ucayali,2005,0.0,26682.015134493613,26955.06853237569
Machiguenga,Reserva Comunal,Ucayali,2006,0.0,26660.000401455098,26955.06853237551
Machiguenga,Reserva Comunal,Ucayali,2007,0.0,26655.089259176024,26955.068532375488
Machiguenga,Reserva Comunal,Ucayali,2008,0.0,26750.780384969956,26955.06853237596
Machiguenga,Reserva Comunal,Ucayali,2009,0.0,26725.167182693105,26955.06853237572
Machiguenga,Reserva Comunal,Ucayali,2010,0.0,26707.536937923735,26955.06853237564
Machiguenga,Reserva Comunal,Ucayali,2011,0.0,26721.659045638633,26955.06853237569
Machiguenga,Reserva Comunal,Ucayali,2012,0.0,26733.236313650217,26955.068532375804
Machiguenga,Reserva Comunal,Ucayali,2013,0.0,26718.503178255836,26955.06853237571
Machiguenga,Reserva Comunal,Ucayali,2014,0.0,26729.02823191186,26955.068532375724
Machiguenga,Reserva Comunal,Ucayali,2015,0.0,26749.027011392074,26955.06853237596
Machiguenga,Reserva Comunal,Ucayali,2016,0.0,26743.412833596503,26955.0685323758
Machiguenga,Reserva Comunal,Ucayali,2017,0.0,26737.88805415923,26955.068532375783
Machiguenga,Reserva Comunal,Ucayali,2018,0.0,26710.17253315701,26955.068532375757
Machiguenga,Reserva Comunal,Ucayali,2019,0.0,26698.77208661772,26955.06853237577
Machiguenga,Reserva Comunal,Ucayali,2020,0.0,26734.557817312714,26955.06853237619
Machiguenga,Reserva Comunal,Ucayali,2021,0.0,26728.41670717497,26955.068532376383
Machiguenga,Reserva Comunal,Ucayali,2022,0.0,26683.07255942116,26955.068532376485
Machiguenga,Reserva Comunal,Ucayali,2023,0.0,26652.286656601107,26955.068532376255
Machiguenga,Reserva Comunal,Ucayali,2024,0.0,26651.4077680751,26955.068532375633
Machiguenga,Reserva Comunal,Ucayali,2025,0.0,26629.91481167859,26955.068532375615
Machupicchu,Santuario Histórico,Cusco,1985,0.0,46124.36412978964,132943.3097673023
Machupicchu,Santuario Histórico,Cusco,1986,0.0,46068.436035349085,132943.30976745381
Machupicchu,Santuario Histórico,Cusco,1987,0.0,45802.1276083767,132943.3097673014
Machupicchu,Santuario Histórico,Cusco,1988,0.0,45663.07822305028,132943.30976729482
Machupicchu,Santuario Histórico,Cusco,1989,0.0,45939.42321540329,132943.3097673765
Machupicchu,Santuario Histórico,Cusco,1990,0.0,45865.076940950195,132943.3097672941
Machupicchu,Santuario Histórico,Cusco,1991,0.0,44932.35364904592,132943.30976729252
Machupicchu,Santuario Histórico,Cusco,1992,0.0,44918.82298493004,132943.3097672948
Machupicchu,Santuario Histórico,Cusco,1993,0.0,44985.94345690203,132943.30976729502
Machupicchu,Santuario Histórico,Cusco,1994,0.0,45173.067888565995,132943.3097672928
Machupicchu,Santuario Histórico,Cusco,1995,0.0,43991.000999193166,132943.30976729287
Machupicchu,Santuario Histórico,Cusco,1996,0.0,45115.280341923615,132943.30976729025
Machupicchu,Santuario Histórico,Cusco,1997,0.0,45225.79284009612,132943.3097672945
Machupicchu,Santuario Histórico,Cusco,1998,0.0,44367.78721090457,132943.30976728664
Machupicchu,Santuario Histórico,Cusco,1999,0.0,44293.98071755992,132943.3097672896
Machupicchu,Santuario Histórico,Cusco,2000,0.0,44801.665294158876,132943.30976737163
Machupicchu,Santuario Histórico,Cusco,2001,0.0,43678.71117282085,132943.30976744596
Machupicchu,Santuario Histórico,Cusco,2002,0.0,45076.74326649257,132943.30976729587
Machupicchu,Santuario Histórico,Cusco,2003,0.0,44925.205367168084,132943.30976729133
Machupicchu,Santuario Histórico,Cusco,2004,0.0,44486.90148089486,132943.3097672918
Machupicchu,Santuario Histórico,Cusco,2005,0.0,44337.801521357214,132943.30976744834
Machupicchu,Santuario Histórico,Cusco,2006,0.0,44719.999491801995,132943.30976729095
Machupicchu,Santuario Histórico,Cusco,2007,0.0,43783.906374480815,132943.30976744532
Machupicchu,Santuario Histórico,Cusco,2008,0.0,44089.70046491172,132943.30976729628
Machupicchu,Santuario Histórico,Cusco,2009,0.0,43678.9620618339,132943.3097672944
Machupicchu,Santuario Histórico,Cusco,2010,0.0,43683.1052144403,132943.30976729223
Machupicchu,Santuario Histórico,Cusco,2011,0.0,44129.746649877794,132943.3097672878
Machupicchu,Santuario Histórico,Cusco,2012,0.0,44721.73409453553,132943.30976728507
Machupicchu,Santuario Histórico,Cusco,2013,0.0,44726.25868866005,132943.3097672911
Machupicchu,Santuario Histórico,Cusco,2014,0.0,44705.89420123311,132943.30976729916
Machupicchu,Santuario Histórico,Cusco,2015,0.0,44330.079125628996,132943.30976745207
Machupicchu,Santuario Histórico,Cusco,2016,0.0,44279.077723506525,132943.30976730163
Machupicchu,Santuario Histórico,Cusco,2017,0.0,44136.966155315764,132943.3097672998
Machupicchu,Santuario Histórico,Cusco,2018,0.0,44463.961188467685,132943.3097673023
Machupicchu,Santuario Histórico,Cusco,2019,0.0,44560.15542325707,132943.30976730178
Machupicchu,Santuario Histórico,Cusco,2020,0.0,44735.25271651727,132943.30976730277
Machupicchu,Santuario Histórico,Cusco,2021,0.0,44739.323242640006,132943.30976729837
Machupicchu,Santuario Histórico,Cusco,2022,0.0,44961.97745199081,132943.30976729322
Machupicchu,Santuario Histórico,Cusco,2023,0.0,44631.82920204508,132943.30976737224
Machupicchu,Santuario Histórico,Cusco,2024,0.0,44204.26325381889,132943.30976729174
Machupicchu,Santuario Histórico,Cusco,2025,0.0,43954.033314054155,132943.30976737305
Matsés,Reserva Nacional,Loreto,1985,0.0,226252.9735548641,231452.49701392782
Matsés,Reserva Nacional,Loreto,1986,0.0,226116.78067038645,231452.4970139289
Matsés,Reserva Nacional,Loreto,1987,0.0,225535.16521358019,231452.49701393416
Matsés,Reserva Nacional,Loreto,1988,0.0,225718.88841715953,231452.49701393073
Matsés,Reserva Nacional,Loreto,1989,0.0,225605.3672310338,231452.49701393172
Matsés,Reserva Nacional,Loreto,1990,0.0,225327.0439041902,231452.49701393142
Matsés,Reserva Nacional,Loreto,1991,0.0,225673.9415181374,231452.4970139321
Matsés,Reserva Nacional,Loreto,1992,0.0,225509.2396527388,231452.49701393265
Matsés,Reserva Nacional,Loreto,1993,0.0,225398.7265686315,231452.4970139318
Matsés,Reserva Nacional,Loreto,1994,0.0,225377.94043093652,231452.49701393212
Matsés,Reserva Nacional,Loreto,1995,0.0,225216.01539906458,231452.49701393273
Matsés,Reserva Nacional,Loreto,1996,0.0,225263.98465258634,231452.4970139328
Matsés,Reserva Nacional,Loreto,1997,0.0,225392.06771683187,231452.4970139327
Matsés,Reserva Nacional,Loreto,1998,0.0,225030.40353063162,231452.4970139324
Matsés,Reserva Nacional,Loreto,1999,0.0,224850.61302825916,231452.49701393425
Matsés,Reserva Nacional,Loreto,2000,0.0,224512.60981042183,231452.4970139314
Matsés,Reserva Nacional,Loreto,2001,0.0,224895.3052471449,231452.49701393564
Matsés,Reserva Nacional,Loreto,2002,0.0,224955.03442342643,231452.4970139355
Matsés,Reserva Nacional,Loreto,2003,0.0,224894.60600182592,231452.4970139353
Matsés,Reserva Nacional,Loreto,2004,0.0,224960.8206373423,231452.49701393532
Matsés,Reserva Nacional,Loreto,2005,0.0,224933.568060786,231452.4970139354
Matsés,Reserva Nacional,Loreto,2006,0.0,224950.91458659788,231452.49701393556
Matsés,Reserva Nacional,Loreto,2007,0.0,224909.04842814984,231452.49701393477
Matsés,Reserva Nacional,Loreto,2008,0.0,224907.38273767827,231452.49701393564
Matsés,Reserva Nacional,Loreto,2009,0.0,224840.3514654493,231452.49701393564
Matsés,Reserva Nacional,Loreto,2010,0.0,224719.25237525764,231452.4970139356
Matsés,Reserva Nacional,Loreto,2011,0.0,224759.76213889263,231452.49701393535
Matsés,Reserva Nacional,Loreto,2012,0.0,224516.75515810726,231452.4970139361
Matsés,Reserva Nacional,Loreto,2013,0.0,224522.7262002394,231452.49701393573
Matsés,Reserva Nacional,Loreto,2014,0.0,224442.15965803465,231452.49701393678
Matsés,Reserva Nacional,Loreto,2015,0.0,224146.90035640486,231452.49701393663
Matsés,Reserva Nacional,Loreto,2016,0.0,224380.83909397759,231452.4970139361
Matsés,Reserva Nacional,Loreto,2017,0.0,224265.17786833737,231452.49701393675
Matsés,Reserva Nacional,Loreto,2018,0.0,224563.2712718402,231452.4970139362
Matsés,Reserva Nacional,Loreto,2019,0.0,224486.1955458882,231452.4970139363
Matsés,Reserva Nacional,Loreto,2020,0.0,224368.4285866795,231452.49701393783
Matsés,Reserva Nacional,Loreto,2021,0.0,224640.0243045798,231452.49701393652
Matsés,Reserva Nacional,Loreto,2022,0.0,224249.26710531148,231452.4970139358
Matsés,Reserva Nacional,Loreto,2023,0.0,224135.47352631358,231452.49701393573
Matsés,Reserva Nacional,Loreto,2024,0.0,224048.23902034364,231452.497013935
Matsés,Reserva Nacional,Loreto,2025,0.0,223999.1836724924,231452.4970139353
Megantoni,Santuario Nacional,Cusco,1985,0.0,195377.9950190949,205838.95160982973
Megantoni,Santuario Nacional,Cusco,1986,0.0,195322.06965605024,205838.9516098283
Megantoni,Santuario Nacional,Cusco,1987,0.0,195436.47078646647,205838.9516098307
Megantoni,Santuario Nacional,Cusco,1988,0.0,195330.65873586948,205838.95160983194
Megantoni,Santuario Nacional,Cusco,1989,0.0,195062.20890027142,205838.9516098296
Megantoni,Santuario Nacional,Cusco,1990,0.0,194940.8991791117,205838.95160983078
Megantoni,Santuario Nacional,Cusco,1991,0.0,194908.21258525483,205838.95160983375
Megantoni,Santuario Nacional,Cusco,1992,0.0,194905.6605218755,205838.95160983325
Megantoni,Santuario Nacional,Cusco,1993,0.0,194868.25081817192,205838.95160983448
Megantoni,Santuario Nacional,Cusco,1994,0.0,195271.02263624087,205838.95160983093
Megantoni,Santuario Nacional,Cusco,1995,0.0,195151.8797283424,205838.95160983043
Megantoni,Santuario Nacional,Cusco,1996,0.0,194350.16434853352,205838.95160982513
Megantoni,Santuario Nacional,Cusco,1997,0.0,194065.59390858532,205838.95160982435
Megantoni,Santuario Nacional,Cusco,1998,0.0,193605.65571365913,205838.95160982615
Megantoni,Santuario Nacional,Cusco,1999,0.0,193684.79772163744,205838.95160982112
Megantoni,Santuario Nacional,Cusco,2000,0.0,193383.44057245844,205838.9516098243
Megantoni,Santuario Nacional,Cusco,2001,0.0,193176.01352814597,205838.9516098233
Megantoni,Santuario Nacional,Cusco,2002,0.0,193385.27234846697,205838.9516098257
Megantoni,Santuario Nacional,Cusco,2003,0.0,193045.69052524708,205838.95160982362
Megantoni,Santuario Nacional,Cusco,2004,0.0,193084.20734004444,205838.9516098261
Megantoni,Santuario Nacional,Cusco,2005,0.0,192996.7712593605,205838.95160982446
Megantoni,Santuario Nacional,Cusco,2006,0.0,192850.72562879202,205838.9516098223
Megantoni,Santuario Nacional,Cusco,2007,0.0,192777.684238815,205838.95160982333
Megantoni,Santuario Nacional,Cusco,2008,0.0,193128.77919749025,205838.95160982557
Megantoni,Santuario Nacional,Cusco,2009,0.0,193282.18614707096,205838.95160982735
Megantoni,Santuario Nacional,Cusco,2010,0.0,193207.55654382714,205838.9516098246
Megantoni,Santuario Nacional,Cusco,2011,0.0,193280.72601476833,205838.95160982452
Megantoni,Santuario Nacional,Cusco,2012,0.0,193086.6196264317,205838.95160982406
Megantoni,Santuario Nacional,Cusco,2013,0.0,192839.37532369155,205838.9516098244
Megantoni,Santuario Nacional,Cusco,2014,0.0,192777.54905881785,205838.9516098249
Megantoni,Santuario Nacional,Cusco,2015,0.0,193198.08601762512,205838.9516098249
Megantoni,Santuario Nacional,Cusco,2016,0.0,193214.64542790846,205838.9516098239
Megantoni,Santuario Nacional,Cusco,2017,0.0,193301.12690856642,205838.9516098239
Megantoni,Santuario Nacional,Cusco,2018,0.0,193116.4971189757,205838.9516098266
Megantoni,Santuario Nacional,Cusco,2019,0.0,193103.07892952426,205838.95160982828
Megantoni,Santuario Nacional,Cusco,2020,0.0,192775.22549460866,205838.9516098249
Megantoni,Santuario Nacional,Cusco,2021,0.0,192693.17800935585,205838.9516098259
Megantoni,Santuario Nacional,Cusco,2022,0.0,192721.58173235497,205838.9516098269
Megantoni,Santuario Nacional,Cusco,2023,0.0,191985.46009041602,205838.95160982522
Megantoni,Santuario Nacional,Cusco,2024,0.0,192047.92114533373,205838.95160982353
Megantoni,Santuario Nacional,Cusco,2025,0.0,191757.0287612533,205838.95160982516
Megantoni,Santuario Nacional,Madre de Dios,1985,0.0,0.2620046264648438,45.15132797851572
Megantoni,Santuario Nacional,Madre de Dios,1986,0.0,0.2620046264648438,45.15132797851572
Megantoni,Santuario Nacional,Madre de Dios,1987,0.0,0.2620046264648438,45.15132797851572
Megantoni,Santuario Nacional,Madre de Dios,1988,0.0,0.2620046264648438,45.15132797851572
Megantoni,Santuario Nacional,Madre de Dios,1989,0.0,0.2620046264648438,45.15132797851572
Megantoni,Santuario Nacional,Madre de Dios,1990,0.0,0.2620046264648438,45.15132797851572
Megantoni,Santuario Nacional,Madre de Dios,1991,0.0,0.2620046264648438,45.15132797851572
Megantoni,Santuario Nacional,Madre de Dios,1992,0.0,0.2620046264648438,45.15132797851572
Megantoni,Santuario Nacional,Madre de Dios,1993,0.0,0.2620046264648438,45.15132797851572
Megantoni,Santuario Nacional,Madre de Dios,1994,0.0,0.2620046264648438,45.15132797851572
Megantoni,Santuario Nacional,Madre de Dios,1995,0.0,0.2620046264648438,45.15132797851572
Megantoni,Santuario Nacional,Madre de Dios,1996,0.0,0.2620046264648438,45.15132797851572
Megantoni,Santuario Nacional,Madre de Dios,1997,0.0,0.2620046264648438,45.15132797851572
Megantoni,Santuario Nacional,Madre de Dios,1998,0.0,0.2620046264648438,45.15132797851572
Megantoni,Santuario Nacional,Madre de Dios,1999,0.0,0.2620046264648438,45.15132797851572
Megantoni,Santuario Nacional,Madre de Dios,2000,0.0,0.2620046264648438,45.15132797851572
Megantoni,Santuario Nacional,Madre de Dios,2001,0.0,0.2620046264648438,45.15132797851572
Megantoni,Santuario Nacional,Madre de Dios,2002,0.0,0.2620046264648438,45.15132797851572
Megantoni,Santuario Nacional,Madre de Dios,2003,0.0,0.2620046264648438,45.15132797851572
Megantoni,Santuario Nacional,Madre de Dios,2004,0.0,0.2620046264648438,45.15132797851572
Megantoni,Santuario Nacional,Madre de Dios,2005,0.0,0.2620046264648438,45.15132797851572
Megantoni,Santuario Nacional,Madre de Dios,2006,0.0,0.2620046264648438,45.15132797851572
Megantoni,Santuario Nacional,Madre de Dios,2007,0.0,0.2620046264648438,45.15132797851572
Megantoni,Santuario Nacional,Madre de Dios,2008,0.0,0.2620046264648438,45.15132797851572
Megantoni,Santuario Nacional,Madre de Dios,2009,0.0,0.2620046264648438,45.15132797851572
Megantoni,Santuario Nacional,Madre de Dios,2010,0.0,0.2620046264648438,45.15132797851572
Megantoni,Santuario Nacional,Madre de Dios,2011,0.0,0.2620046264648438,45.15132797851572
Megantoni,Santuario Nacional,Madre de Dios,2012,0.0,0.2620046264648438,45.15132797851572
Megantoni,Santuario Nacional,Madre de Dios,2013,0.0,0.2620046264648438,45.15132797851572
Megantoni,Santuario Nacional,Madre de Dios,2014,0.0,0.2620046264648438,45.15132797851572
Megantoni,Santuario Nacional,Madre de Dios,2015,0.0,0.2620046264648438,45.15132797851572
Megantoni,Santuario Nacional,Madre de Dios,2016,0.0,0.2620046264648438,45.15132797851572
Megantoni,Santuario Nacional,Madre de Dios,2017,0.0,0.2620046264648438,45.15132797851572
Megantoni,Santuario Nacional,Madre de Dios,2018,0.0,0.2620046264648438,45.15132797851572
Megantoni,Santuario Nacional,Madre de Dios,2019,0.0,0.2620046264648438,45.15132797851572
Megantoni,Santuario Nacional,Madre de Dios,2020,0.0,0.2620046264648438,45.15132797851572
Megantoni,Santuario Nacional,Madre de Dios,2021,0.0,0.2620046264648438,45.15132797851572
Megantoni,Santuario Nacional,Madre de Dios,2022,0.0,0.2620046264648438,45.15132797851572
Megantoni,Santuario Nacional,Madre de Dios,2023,0.0,0.2620046264648438,45.15132797851572
Megantoni,Santuario Nacional,Madre de Dios,2024,0.0,0.2620046264648438,45.15132797851572
Megantoni,Santuario Nacional,Madre de Dios,2025,0.0,0.2620046264648438,45.15132797851572
Nor Yauyos-Cochas,Reserva Paisajistica,Junín,1985,0.7005310852050781,0.0,39741.3481827638
Nor Yauyos-Cochas,Reserva Paisajistica,Junín,1986,0.7005310852050781,0.0,39741.348182763715
Nor Yauyos-Cochas,Reserva Paisajistica,Junín,1987,1.401061926269531,0.0,39741.34818276401
Nor Yauyos-Cochas,Reserva Paisajistica,Junín,1988,1.663760638427735,0.0,39741.3481827635
Nor Yauyos-Cochas,Reserva Paisajistica,Junín,1989,1.751327349853516,0.0,39741.3481827638
Nor Yauyos-Cochas,Reserva Paisajistica,Junín,1990,1.838893811035156,0.0,39741.34818276398
Nor Yauyos-Cochas,Reserva Paisajistica,Junín,1991,1.751327349853516,0.0,39741.348182763686
Nor Yauyos-Cochas,Reserva Paisajistica,Junín,1992,1.576194598388672,0.0,39741.34818276366
Nor Yauyos-Cochas,Reserva Paisajistica,Junín,1993,0.9632309692382813,0.0,39741.34818276371
Nor Yauyos-Cochas,Reserva Paisajistica,Junín,1994,1.050797259521484,0.0,39741.3481827635
Nor Yauyos-Cochas,Reserva Paisajistica,Junín,1995,0.9632307983398438,0.0,39741.34818276421
Nor Yauyos-Cochas,Reserva Paisajistica,Junín,1996,1.050797174072266,0.0,39741.348182764224
Nor Yauyos-Cochas,Reserva Paisajistica,Junín,1997,1.050797174072266,0.0,39741.34818276424
Nor Yauyos-Cochas,Reserva Paisajistica,Junín,1998,0.9632307983398438,0.0,39741.34818276418
Nor Yauyos-Cochas,Reserva Paisajistica,Junín,1999,1.225930010986328,0.0,39741.34818276415
Nor Yauyos-Cochas,Reserva Paisajistica,Junín,2000,1.225930010986328,0.0,39741.34818276376
Nor Yauyos-Cochas,Reserva Paisajistica,Junín,2001,1.401062677001953,0.0,39741.34818276392
Nor Yauyos-Cochas,Reserva Paisajistica,Junín,2002,1.401062677001953,0.0,39741.34818276361
Nor Yauyos-Cochas,Reserva Paisajistica,Junín,2003,1.488628967285156,0.0,39741.348182763235
Nor Yauyos-Cochas,Reserva Paisajistica,Junín,2004,1.488628967285156,0.0,39741.34818276322
Nor Yauyos-Cochas,Reserva Paisajistica,Junín,2005,1.576195428466797,0.0,39741.348182763206
Nor Yauyos-Cochas,Reserva Paisajistica,Junín,2006,1.576195428466797,0.0,39741.34818276331
Nor Yauyos-Cochas,Reserva Paisajistica,Junín,2007,1.663761968994141,0.0,39741.34818276389
Nor Yauyos-Cochas,Reserva Paisajistica,Junín,2008,1.576195678710937,0.0,39741.34818276391
Nor Yauyos-Cochas,Reserva Paisajistica,Junín,2009,1.576195678710937,0.0,39741.34818276379
Nor Yauyos-Cochas,Reserva Paisajistica,Junín,2010,1.576195678710937,0.0,39741.34818276361
Nor Yauyos-Cochas,Reserva Paisajistica,Junín,2011,1.576195678710937,0.0,39741.34818276351
Nor Yauyos-Cochas,Reserva Paisajistica,Junín,2012,1.576195678710937,0.0,39741.3481827636
Nor Yauyos-Cochas,Reserva Paisajistica,Junín,2013,1.576195678710937,0.0,39741.348182763744
Nor Yauyos-Cochas,Reserva Paisajistica,Junín,2014,1.6637623046875,0.0,39741.34818276381
Nor Yauyos-Cochas,Reserva Paisajistica,Junín,2015,1.576195928955078,0.0,39741.34818276405
Nor Yauyos-Cochas,Reserva Paisajistica,Junín,2016,1.663762390136719,0.0,39741.34818276398
Nor Yauyos-Cochas,Reserva Paisajistica,Junín,2017,1.751328765869141,0.0,39741.34818276366
Nor Yauyos-Cochas,Reserva Paisajistica,Junín,2018,1.838894976806641,0.0,39741.3481827638
Nor Yauyos-Cochas,Reserva Paisajistica,Junín,2019,1.926461602783203,0.0,39741.348182764006
Nor Yauyos-Cochas,Reserva Paisajistica,Junín,2020,2.101594354248047,0.0,39741.34818276399
Nor Yauyos-Cochas,Reserva Paisajistica,Junín,2021,2.276726855468751,0.0,39741.34818276369
Nor Yauyos-Cochas,Reserva Paisajistica,Junín,2022,2.451859191894532,0.0,39741.348182763904
Nor Yauyos-Cochas,Reserva Paisajistica,Junín,2023,2.539425567626953,0.0,39741.3481827638
Nor Yauyos-Cochas,Reserva Paisajistica,Junín,2024,2.539425567626953,0.0,39741.348182763846
Nor Yauyos-Cochas,Reserva Paisajistica,Junín,2025,3.940486157226561,0.0,39741.34818276402
Nor Yauyos-Cochas,Reserva Paisajistica,Lima,1985,16.78000250854493,1214.616095300291,69762.18438879229
Nor Yauyos-Cochas,Reserva Paisajistica,Lima,1986,16.69260498046875,1184.808709918211,69762.18438879239
Nor Yauyos-Cochas,Reserva Paisajistica,Lima,1987,21.67415494384767,1202.295493432615,69762.18438879219
Nor Yauyos-Cochas,Reserva Paisajistica,Lima,1988,31.20010701293945,1197.836698333738,69762.18438879245
Nor Yauyos-Cochas,Reserva Paisajistica,Lima,1989,36.00670982666017,1234.372889813231,69762.18438879197
Nor Yauyos-Cochas,Reserva Paisajistica,Lima,1990,40.5512573486328,1234.206140826409,69762.18438879198
Nor Yauyos-Cochas,Reserva Paisajistica,Lima,1991,45.00844664916988,1301.506730828854,69762.18438879182
Nor Yauyos-Cochas,Reserva Paisajistica,Lima,1992,45.96984145507809,1299.144920562743,69762.18438879184
Nor Yauyos-Cochas,Reserva Paisajistica,Lima,1993,49.37826766967772,1298.364099023436,69762.18438879159
Nor Yauyos-Cochas,Reserva Paisajistica,Lima,1994,69.4791288452149,1305.002114752197,69762.1843887917
Nor Yauyos-Cochas,Reserva Paisajistica,Lima,1995,75.15977076416031,1333.927477093507,69762.18438879156
Nor Yauyos-Cochas,Reserva Paisajistica,Lima,1996,84.33614505615256,1315.041072100832,69762.18438879159
Nor Yauyos-Cochas,Reserva Paisajistica,Lima,1997,91.58985821533237,1277.879657440189,69762.18438879156
Nor Yauyos-Cochas,Reserva Paisajistica,Lima,1998,88.094221398926,1221.064578356939,69762.1843887915
Nor Yauyos-Cochas,Reserva Paisajistica,Lima,1999,90.01689567260776,1117.670777343749,69762.1843887917
Nor Yauyos-Cochas,Reserva Paisajistica,Lima,2000,97.8823149414066,1109.547194122314,69762.1843887918
Nor Yauyos-Cochas,Reserva Paisajistica,Lima,2001,97.96970111084023,1096.088886968989,69762.18438879153
Nor Yauyos-Cochas,Reserva Paisajistica,Lima,2002,97.7949866882328,1101.414686724852,69762.18438879156
Nor Yauyos-Cochas,Reserva Paisajistica,Lima,2003,99.89249750976603,1128.24343168335,69762.18438879144
Nor Yauyos-Cochas,Reserva Paisajistica,Lima,2004,101.1161669311526,1117.76027015991,69762.18438879169
Nor Yauyos-Cochas,Reserva Paisajistica,Lima,2005,108.806853271485,1112.865872174071,69762.18438879175
Nor Yauyos-Cochas,Reserva Paisajistica,Lima,2006,114.9244966796881,1093.465368988033,69762.18438879187
Nor Yauyos-Cochas,Reserva Paisajistica,Lima,2007,118.9446842468268,1098.186057312006,69762.18438879182
Nor Yauyos-Cochas,Reserva Paisajistica,Lima,2008,128.9950262146006,1108.241064147945,69762.18438879188
Nor Yauyos-Cochas,Reserva Paisajistica,Lima,2009,131.791590161134,1108.330521380617,69762.18438879146
Nor Yauyos-Cochas,Reserva Paisajistica,Lima,2010,135.2876921936049,1136.298665020748,69762.1843887915
Nor Yauyos-Cochas,Reserva Paisajistica,Lima,2011,125.5871679748543,1137.869579730219,69762.18438879153
Nor Yauyos-Cochas,Reserva Paisajistica,Lima,2012,126.0241121215828,1143.98973546142,69762.18438879178
Nor Yauyos-Cochas,Reserva Paisajistica,Lima,2013,118.6829664794926,1160.592800567624,69762.18438879147
Nor Yauyos-Cochas,Reserva Paisajistica,Lima,2014,118.3333792541508,1162.164558404539,69762.18438879134
Nor Yauyos-Cochas,Reserva Paisajistica,Lima,2015,119.9938320068365,1138.48552543945,69762.18438879133
Nor Yauyos-Cochas,Reserva Paisajistica,Lima,2016,122.703109497071,1126.074549279782,69762.18438879144
Nor Yauyos-Cochas,Reserva Paisajistica,Lima,2017,133.1030107727063,1119.698674804686,69762.1843887914
Nor Yauyos-Cochas,Reserva Paisajistica,Lima,2018,137.298055462648,1097.84467897339,69762.18438879137
Nor Yauyos-Cochas,Reserva Paisajistica,Lima,2019,156.6124536071799,1084.914179437255,69762.18438879146
Nor Yauyos-Cochas,Reserva Paisajistica,Lima,2020,160.1957315002463,1090.425519494631,69762.18438879144
Nor Yauyos-Cochas,Reserva Paisajistica,Lima,2021,177.9369773498564,1095.492466772462,69762.1843887916
Nor Yauyos-Cochas,Reserva Paisajistica,Lima,2022,193.2312349182164,1077.659783239747,69762.18438879168
Nor Yauyos-Cochas,Reserva Paisajistica,Lima,2023,201.3592372253453,1076.611960607913,69762.18438879173
Nor Yauyos-Cochas,Reserva Paisajistica,Lima,2024,204.3307192382846,1066.47627244263,69762.18438879157
Nor Yauyos-Cochas,Reserva Paisajistica,Lima,2025,205.8164166626007,1073.204051684573,69762.18438879159
Pacaya-Samiria,Reserva Nacional,Loreto,1985,0.0,915057.9110761009,1185932.6367594907
Pacaya-Samiria,Reserva Nacional,Loreto,1986,0.0,916032.4230746434,1185932.636759456
Pacaya-Samiria,Reserva Nacional,Loreto,1987,0.0,919675.613089584,1185932.636759509
Pacaya-Samiria,Reserva Nacional,Loreto,1988,0.0,915151.2607102747,1185932.6367594423
Pacaya-Samiria,Reserva Nacional,Loreto,1989,0.0,919395.6957115984,1185932.6367595084
Pacaya-Samiria,Reserva Nacional,Loreto,1990,0.0,922496.6101732996,1185932.6367594416
Pacaya-Samiria,Reserva Nacional,Loreto,1991,0.0,922586.096270489,1185932.6367594379
Pacaya-Samiria,Reserva Nacional,Loreto,1992,0.0,920106.7965347421,1185932.6367594393
Pacaya-Samiria,Reserva Nacional,Loreto,1993,0.0,921527.7670277006,1185932.6367594595
Pacaya-Samiria,Reserva Nacional,Loreto,1994,0.0,914068.391321208,1185932.6367594427
Pacaya-Samiria,Reserva Nacional,Loreto,1995,0.0,912390.490704378,1185932.6367595147
Pacaya-Samiria,Reserva Nacional,Loreto,1996,0.0,914176.4070309224,1185932.6367594472
Pacaya-Samiria,Reserva Nacional,Loreto,1997,0.5348046752929688,908827.8903307198,1185932.6367594756
Pacaya-Samiria,Reserva Nacional,Loreto,1998,0.5348046752929688,902146.9661067292,1185932.6367594488
Pacaya-Samiria,Reserva Nacional,Loreto,1999,0.0,897816.9044082174,1185932.6367595457
Pacaya-Samiria,Reserva Nacional,Loreto,2000,0.0,901448.8402760931,1185932.6367595135
Pacaya-Samiria,Reserva Nacional,Loreto,2001,0.0,901413.123844581,1185932.636759447
Pacaya-Samiria,Reserva Nacional,Loreto,2002,0.0,906591.9989686651,1185932.6367595259
Pacaya-Samiria,Reserva Nacional,Loreto,2003,0.0,905978.8478190365,1185932.6367594334
Pacaya-Samiria,Reserva Nacional,Loreto,2004,0.0,906138.1813212385,1185932.6367594379
Pacaya-Samiria,Reserva Nacional,Loreto,2005,2.495748651123046,901835.9929943498,1185932.6367595026
Pacaya-Samiria,Reserva Nacional,Loreto,2006,2.050076025390625,904895.2718004002,1185932.6367594972
Pacaya-Samiria,Reserva Nacional,Loreto,2007,2.495745886230468,905261.738286299,1185932.636759429
Pacaya-Samiria,Reserva Nacional,Loreto,2008,2.228343811035156,902627.8149066006,1185932.6367594306
Pacaya-Samiria,Reserva Nacional,Loreto,2009,1.158733758544922,902912.1592478942,1185932.6367594157
Pacaya-Samiria,Reserva Nacional,Loreto,2010,0.8913328308105468,900959.5552120144,1185932.6367594237
Pacaya-Samiria,Reserva Nacional,Loreto,2011,0.3565359069824219,899651.3489029878,1185932.6367595163
Pacaya-Samiria,Reserva Nacional,Loreto,2012,0.3565359069824219,894606.0083870305,1185932.6367594297
Pacaya-Samiria,Reserva Nacional,Loreto,2013,0.8022058593750001,892081.0912620315,1185932.6367594355
Pacaya-Samiria,Reserva Nacional,Loreto,2014,2.139216778564453,892088.7030976672,1185932.6367594337
Pacaya-Samiria,Reserva Nacional,Loreto,2015,3.297960363769531,893260.7024746633,1185932.636759439
Pacaya-Samiria,Reserva Nacional,Loreto,2016,3.297960363769531,893854.9454396535,1185932.6367594446
Pacaya-Samiria,Reserva Nacional,Loreto,2017,3.654471978759767,896003.7015007706,1185932.636759491
Pacaya-Samiria,Reserva Nacional,Loreto,2018,4.456649670410154,899170.2080654541,1185932.6367594153
Pacaya-Samiria,Reserva Nacional,Loreto,2019,7.576279504394528,897990.327633677,1185932.636759511
Pacaya-Samiria,Reserva Nacional,Loreto,2020,6.417542028808591,897464.7555500163,1185932.6367594197
Pacaya-Samiria,Reserva Nacional,Loreto,2021,6.328419128417965,895962.977766135,1185932.6367594134
Pacaya-Samiria,Reserva Nacional,Loreto,2022,6.061029754638668,882914.0916581737,1185932.636759465
Pacaya-Samiria,Reserva Nacional,Loreto,2023,6.506705487060541,875330.0634243321,1185932.6367594309
Pacaya-Samiria,Reserva Nacional,Loreto,2024,2.228334478759766,870653.9393756139,1185932.6367594507
Pacaya-Samiria,Reserva Nacional,Loreto,2025,0.3565362487792968,868481.5801508647,1185932.6367594406
Pacaya-Samiria,Reserva Nacional,San Martín,1985,0.0,34635.91535154985,34635.91535154985
Pacaya-Samiria,Reserva Nacional,San Martín,1986,0.0,34635.91535154985,34635.91535154985
Pacaya-Samiria,Reserva Nacional,San Martín,1987,0.0,34635.91535154985,34635.91535154985
Pacaya-Samiria,Reserva Nacional,San Martín,1988,0.0,34635.915351549855,34635.915351549855
Pacaya-Samiria,Reserva Nacional,San Martín,1989,0.0,34635.91535154985,34635.91535154985
Pacaya-Samiria,Reserva Nacional,San Martín,1990,0.0,34635.91535154985,34635.91535154985
Pacaya-Samiria,Reserva Nacional,San Martín,1991,0.0,34635.91535154985,34635.91535154985
Pacaya-Samiria,Reserva Nacional,San Martín,1992,0.0,34635.91535154984,34635.91535154984
Pacaya-Samiria,Reserva Nacional,San Martín,1993,0.0,34635.91535154985,34635.91535154985
Pacaya-Samiria,Reserva Nacional,San Martín,1994,0.0,34635.91535154985,34635.91535154985
Pacaya-Samiria,Reserva Nacional,San Martín,1995,0.0,34635.91535154985,34635.91535154985
Pacaya-Samiria,Reserva Nacional,San Martín,1996,0.0,34635.91535154985,34635.91535154985
Pacaya-Samiria,Reserva Nacional,San Martín,1997,0.0,34629.246910662434,34635.915351549884
Pacaya-Samiria,Reserva Nacional,San Martín,1998,0.0,34625.33446290241,34635.91535154987
Pacaya-Samiria,Reserva Nacional,San Martín,1999,0.0,34630.2248971065,34635.91535154986
Pacaya-Samiria,Reserva Nacional,San Martín,2000,0.0,34632.714593249075,34635.915351549855
Pacaya-Samiria,Reserva Nacional,San Martín,2001,0.0,34633.69260253861,34635.91535154985
Pacaya-Samiria,Reserva Nacional,San Martín,2002,0.0,34634.0482422725,34635.91535154985
Pacaya-Samiria,Reserva Nacional,San Martín,2003,0.0,34634.49279230914,34635.91535154986
Pacaya-Samiria,Reserva Nacional,San Martín,2004,0.0,34635.38189211991,34635.91535154985
Pacaya-Samiria,Reserva Nacional,San Martín,2005,0.0,34635.91535154984,34635.91535154984
Pacaya-Samiria,Reserva Nacional,San Martín,2006,0.0,34635.470801946576,34635.91535154985
Pacaya-Samiria,Reserva Nacional,San Martín,2007,0.0,34634.93752415726,34635.91535154984
Pacaya-Samiria,Reserva Nacional,San Martín,2008,0.0,34633.15990227612,34635.915351549804
Pacaya-Samiria,Reserva Nacional,San Martín,2009,0.0,34624.53748228735,34635.915351550044
Pacaya-Samiria,Reserva Nacional,San Martín,2010,0.0,34605.15886227442,34635.91535155054
Pacaya-Samiria,Reserva Nacional,San Martín,2011,0.0,34601.3366647219,34635.91535155052
Pacaya-Samiria,Reserva Nacional,San Martín,2012,0.0,34595.64767309582,34635.91535155041
Pacaya-Samiria,Reserva Nacional,San Martín,2013,0.0,34597.86913908095,34635.91535155043
Pacaya-Samiria,Reserva Nacional,San Martín,2014,0.0,34599.46916746231,34635.915351550444
Pacaya-Samiria,Reserva Nacional,San Martín,2015,0.0,34598.58024971329,34635.915351550444
Pacaya-Samiria,Reserva Nacional,San Martín,2016,0.0,34599.558148889315,34635.91535155045
Pacaya-Samiria,Reserva Nacional,San Martín,2017,0.0,34602.580808911334,34635.915351550495
Pacaya-Samiria,Reserva Nacional,San Martín,2018,0.0,34604.89217657494,34635.915351550524
Pacaya-Samiria,Reserva Nacional,San Martín,2019,0.0,34601.069087426986,34635.915351550524
Pacaya-Samiria,Reserva Nacional,San Martín,2020,0.0,34607.02535563991,34635.91535155055
Pacaya-Samiria,Reserva Nacional,San Martín,2021,0.0,34611.29208477207,34635.91535155063
Pacaya-Samiria,Reserva Nacional,San Martín,2022,0.0,34610.936447204935,34635.91535155063
Pacaya-Samiria,Reserva Nacional,San Martín,2023,0.0,34612.447558221706,34635.91535155056
Pacaya-Samiria,Reserva Nacional,San Martín,2024,0.0,34612.358655737575,34635.91535155056
Pacaya-Samiria,Reserva Nacional,San Martín,2025,0.0,34612.180871234414,34635.915351550575
Pampa Galeras Barbara D' Achille,Reserva Nacional,Ayacucho,1985,0.0,0.0,14542.326414624182
Pampa Galeras Barbara D' Achille,Reserva Nacional,Ayacucho,1986,0.0,0.0,14542.326414624184
Pampa Galeras Barbara D' Achille,Reserva Nacional,Ayacucho,1987,0.0,0.0,14542.326414624245
Pampa Galeras Barbara D' Achille,Reserva Nacional,Ayacucho,1988,0.0,0.0,14542.326414624442
Pampa Galeras Barbara D' Achille,Reserva Nacional,Ayacucho,1989,0.0,0.0,14542.326414624442
Pampa Galeras Barbara D' Achille,Reserva Nacional,Ayacucho,1990,0.0,0.0,14542.32641462444
Pampa Galeras Barbara D' Achille,Reserva Nacional,Ayacucho,1991,0.0,0.0,14542.326414624444
Pampa Galeras Barbara D' Achille,Reserva Nacional,Ayacucho,1992,0.0,0.0,14542.326414624438
Pampa Galeras Barbara D' Achille,Reserva Nacional,Ayacucho,1993,0.0,0.0,14542.326414624466
Pampa Galeras Barbara D' Achille,Reserva Nacional,Ayacucho,1994,0.0,0.0,14542.326414624467
Pampa Galeras Barbara D' Achille,Reserva Nacional,Ayacucho,1995,0.0,0.0,14542.326414624435
Pampa Galeras Barbara D' Achille,Reserva Nacional,Ayacucho,1996,0.0,0.0,14542.326414624444
Pampa Galeras Barbara D' Achille,Reserva Nacional,Ayacucho,1997,0.0,0.0,14542.326414624438
Pampa Galeras Barbara D' Achille,Reserva Nacional,Ayacucho,1998,0.0,0.0,14542.326414624433
Pampa Galeras Barbara D' Achille,Reserva Nacional,Ayacucho,1999,0.0,0.0,14542.326414624464
Pampa Galeras Barbara D' Achille,Reserva Nacional,Ayacucho,2000,0.0,0.0,14542.326414624453
Pampa Galeras Barbara D' Achille,Reserva Nacional,Ayacucho,2001,0.0,0.0,14542.326414624427
Pampa Galeras Barbara D' Achille,Reserva Nacional,Ayacucho,2002,0.0,0.0,14542.32641462445
Pampa Galeras Barbara D' Achille,Reserva Nacional,Ayacucho,2003,0.0,0.0,14542.326414624446
Pampa Galeras Barbara D' Achille,Reserva Nacional,Ayacucho,2004,0.0,0.0,14542.326414624444
Pampa Galeras Barbara D' Achille,Reserva Nacional,Ayacucho,2005,0.0,0.0,14542.326414624444
Pampa Galeras Barbara D' Achille,Reserva Nacional,Ayacucho,2006,0.0,0.0,14542.326414624462
Pampa Galeras Barbara D' Achille,Reserva Nacional,Ayacucho,2007,0.0,0.0,14542.326414624467
Pampa Galeras Barbara D' Achille,Reserva Nacional,Ayacucho,2008,0.0,0.0,14542.326414624455
Pampa Galeras Barbara D' Achille,Reserva Nacional,Ayacucho,2009,0.0,0.0,14542.326414624444
Pampa Galeras Barbara D' Achille,Reserva Nacional,Ayacucho,2010,0.0,0.0,14542.32641462446
Pampa Galeras Barbara D' Achille,Reserva Nacional,Ayacucho,2011,0.0,0.0,14542.326414624458
Pampa Galeras Barbara D' Achille,Reserva Nacional,Ayacucho,2012,0.0,0.0,14542.326414624471
Pampa Galeras Barbara D' Achille,Reserva Nacional,Ayacucho,2013,0.0,0.0,14542.326414624446
Pampa Galeras Barbara D' Achille,Reserva Nacional,Ayacucho,2014,0.0,0.0,14542.326414624442
Pampa Galeras Barbara D' Achille,Reserva Nacional,Ayacucho,2015,0.0,0.0,14542.326414624453
Pampa Galeras Barbara D' Achille,Reserva Nacional,Ayacucho,2016,0.0,0.0,14542.326414624467
Pampa Galeras Barbara D' Achille,Reserva Nacional,Ayacucho,2017,0.0,0.0,14542.326414624456
Pampa Galeras Barbara D' Achille,Reserva Nacional,Ayacucho,2018,0.0,0.0,14542.326414624446
Pampa Galeras Barbara D' Achille,Reserva Nacional,Ayacucho,2019,0.0,0.0,14542.326414624436
Pampa Galeras Barbara D' Achille,Reserva Nacional,Ayacucho,2020,0.0,0.0,14542.326414624462
Pampa Galeras Barbara D' Achille,Reserva Nacional,Ayacucho,2021,0.0,0.0,14542.326414624404
Pampa Galeras Barbara D' Achille,Reserva Nacional,Ayacucho,2022,0.0,0.0,14542.326414624416
Pampa Galeras Barbara D' Achille,Reserva Nacional,Ayacucho,2023,0.0,0.0,14542.326414624415
Pampa Galeras Barbara D' Achille,Reserva Nacional,Ayacucho,2024,0.0,0.0,14542.326414624367
Pampa Galeras Barbara D' Achille,Reserva Nacional,Ayacucho,2025,0.0,0.0,14542.326414624382
Pampa Hermosa,Santuario Nacional,Junín,1985,0.0,5326.291688915847,8657.687433984298
Pampa Hermosa,Santuario Nacional,Junín,1986,0.0,5330.856913726637,8657.687433984293
Pampa Hermosa,Santuario Nacional,Junín,1987,0.0,5312.509634576236,8657.687433984263
Pampa Hermosa,Santuario Nacional,Junín,1988,0.0,5265.987725628463,8657.687433984238
Pampa Hermosa,Santuario Nacional,Junín,1989,0.0,5269.764342968511,8657.687433984189
Pampa Hermosa,Santuario Nacional,Junín,1990,0.0,5252.116977471689,8657.687433984185
Pampa Hermosa,Santuario Nacional,Junín,1991,0.0,5229.204039501717,8657.68743398417
Pampa Hermosa,Santuario Nacional,Junín,1992,0.0,5265.195694964377,8657.6874339842
Pampa Hermosa,Santuario Nacional,Junín,1993,0.0,5233.24024423196,8657.687433984202
Pampa Hermosa,Santuario Nacional,Junín,1994,0.0,5242.283891015402,8657.68743398419
Pampa Hermosa,Santuario Nacional,Junín,1995,0.0,5341.570038702206,8657.687433984236
Pampa Hermosa,Santuario Nacional,Junín,1996,0.0,5384.059864636035,8657.68743398423
Pampa Hermosa,Santuario Nacional,Junín,1997,0.0,5396.087381262013,8657.687433984212
Pampa Hermosa,Santuario Nacional,Junín,1998,0.0,5375.195323357998,8657.68743398425
Pampa Hermosa,Santuario Nacional,Junín,1999,0.0,5369.933735375802,8657.687433984273
Pampa Hermosa,Santuario Nacional,Junín,2000,0.0,5396.885801977402,8657.687433984283
Pampa Hermosa,Santuario Nacional,Junín,2001,0.0,5401.450392999121,8657.687433984263
Pampa Hermosa,Santuario Nacional,Junín,2002,0.0,5408.825519018417,8657.687433984276
Pampa Hermosa,Santuario Nacional,Junín,2003,0.0,5415.9371441404755,8657.687433984252
Pampa Hermosa,Santuario Nacional,Junín,2004,0.0,5400.749775689521,8657.687433984225
Pampa Hermosa,Santuario Nacional,Junín,2005,0.0,5410.142880755449,8657.687433984232
Pampa Hermosa,Santuario Nacional,Junín,2006,0.0,5410.580744689792,8657.68743398426
Pampa Hermosa,Santuario Nacional,Junín,2007,0.0,5428.400860412447,8657.68743398427
Pampa Hermosa,Santuario Nacional,Junín,2008,0.0,5453.946782604783,8657.687433984203
Pampa Hermosa,Santuario Nacional,Junín,2009,0.0,5469.04639162578,8657.687433984216
Pampa Hermosa,Santuario Nacional,Junín,2010,0.0,5469.660295171926,8657.687433984223
Pampa Hermosa,Santuario Nacional,Junín,2011,0.0,5483.442812286173,8657.687433984214
Pampa Hermosa,Santuario Nacional,Junín,2012,0.0,5495.118294787395,8657.687433984218
Pampa Hermosa,Santuario Nacional,Junín,2013,0.0,5517.590071697807,8657.687433984243
Pampa Hermosa,Santuario Nacional,Junín,2014,0.0,5515.306369366276,8657.687433984258
Pampa Hermosa,Santuario Nacional,Junín,2015,0.0,5506.790542980778,8657.687433984265
Pampa Hermosa,Santuario Nacional,Junín,2016,0.0,5498.799907555977,8657.687433984278
Pampa Hermosa,Santuario Nacional,Junín,2017,0.0,5494.498555651688,8657.68743398429
Pampa Hermosa,Santuario Nacional,Junín,2018,0.0,5504.241449328446,8657.687433984282
Pampa Hermosa,Santuario Nacional,Junín,2019,0.0,5496.429905535711,8657.687433984267
Pampa Hermosa,Santuario Nacional,Junín,2020,0.0,5482.384495678533,8657.687433984274
Pampa Hermosa,Santuario Nacional,Junín,2021,0.0,5475.275639141674,8657.687433984273
Pampa Hermosa,Santuario Nacional,Junín,2022,0.0,5452.101253936594,8657.687433984265
Pampa Hermosa,Santuario Nacional,Junín,2023,0.0,5400.48226906723,8657.687433984296
Pampa Hermosa,Santuario Nacional,Junín,2024,0.0,5371.425518115078,8657.687433984278
Pampa Hermosa,Santuario Nacional,Junín,2025,0.0,5365.192330303789,8657.687433984265
Pucacuro,Reserva Nacional,Loreto,1985,0.0,336208.5382078556,339639.6971365421
Pucacuro,Reserva Nacional,Loreto,1986,0.0,336097.94565211865,339639.6971365425
Pucacuro,Reserva Nacional,Loreto,1987,0.0,336219.7768719544,339639.69713654177
Pucacuro,Reserva Nacional,Loreto,1988,0.0,336418.42163987376,339639.69713654125
Pucacuro,Reserva Nacional,Loreto,1989,0.0,336391.6615772034,339639.6971365418
Pucacuro,Reserva Nacional,Loreto,1990,0.0,336326.45173543703,339639.69713654177
Pucacuro,Reserva Nacional,Loreto,1991,0.0,336451.48769253545,339639.69713654177
Pucacuro,Reserva Nacional,Loreto,1992,0.0,336517.4754811467,339639.69713654224
Pucacuro,Reserva Nacional,Loreto,1993,0.0,336409.67443087196,339639.6971365422
Pucacuro,Reserva Nacional,Loreto,1994,0.0,336303.267674873,339639.6971365429
Pucacuro,Reserva Nacional,Loreto,1995,0.0,336418.16377048375,339639.6971365421
Pucacuro,Reserva Nacional,Loreto,1996,0.0,336407.7125044737,339639.69713654154
Pucacuro,Reserva Nacional,Loreto,1997,0.0,336497.86871643655,339639.69713654154
Pucacuro,Reserva Nacional,Loreto,1998,0.0,336476.54193078616,339639.69713654177
Pucacuro,Reserva Nacional,Loreto,1999,0.0,336496.26861082757,339639.69713654165
Pucacuro,Reserva Nacional,Loreto,2000,0.0,336560.00742955913,339639.6971365416
Pucacuro,Reserva Nacional,Loreto,2001,0.0,336556.0918136352,339639.6971365417
Pucacuro,Reserva Nacional,Loreto,2002,0.0,336524.64418865344,339639.69713654165
Pucacuro,Reserva Nacional,Loreto,2003,0.0,336517.20417323,339639.69713654177
Pucacuro,Reserva Nacional,Loreto,2004,0.0,336566.2363805725,339639.6971365417
Pucacuro,Reserva Nacional,Loreto,2005,0.0,336571.7906870909,339639.6971365416
Pucacuro,Reserva Nacional,Loreto,2006,0.0,336531.23045916756,339639.6971365419
Pucacuro,Reserva Nacional,Loreto,2007,0.0,336598.6230472226,339639.6971365415
Pucacuro,Reserva Nacional,Loreto,2008,0.0,336496.59137093485,339639.69713654154
Pucacuro,Reserva Nacional,Loreto,2009,0.0,336577.2617081542,339639.69713654165
Pucacuro,Reserva Nacional,Loreto,2010,0.0,336545.2081190856,339639.69713654165
Pucacuro,Reserva Nacional,Loreto,2011,0.0,336555.74957864976,339639.6971365416
Pucacuro,Reserva Nacional,Loreto,2012,0.0,336518.1353642943,339639.6971365416
Pucacuro,Reserva Nacional,Loreto,2013,0.0,336515.2922505492,339639.69713654165
Pucacuro,Reserva Nacional,Loreto,2014,0.0,336491.69341558235,339639.6971365418
Pucacuro,Reserva Nacional,Loreto,2015,0.0,336445.6960278137,339639.6971365417
Pucacuro,Reserva Nacional,Loreto,2016,0.0,336406.46848223894,339639.6971365419
Pucacuro,Reserva Nacional,Loreto,2017,0.0,336486.6802520323,339639.69713654154
Pucacuro,Reserva Nacional,Loreto,2018,0.0,336505.2666824767,339639.69713654165
Pucacuro,Reserva Nacional,Loreto,2019,0.0,336485.5270901061,339639.69713654165
Pucacuro,Reserva Nacional,Loreto,2020,0.0,336404.5203377319,339639.69713654177
Pucacuro,Reserva Nacional,Loreto,2021,0.0,336429.2048287843,339639.6971365418
Pucacuro,Reserva Nacional,Loreto,2022,0.0,336450.6687732977,339639.69713654235
Pucacuro,Reserva Nacional,Loreto,2023,0.0,336427.81263234897,339639.6971365421
Pucacuro,Reserva Nacional,Loreto,2024,0.0,336456.4817035408,339639.69713654247
Pucacuro,Reserva Nacional,Loreto,2025,0.0,336395.9197377144,339639.6971365425
Purús,Reserva Comunal,Madre de Dios,1985,0.0,98.30442192382827,98.30442192382827
Purús,Reserva Comunal,Madre de Dios,1986,0.0,98.30442192382827,98.30442192382827
Purús,Reserva Comunal,Madre de Dios,1987,0.0,98.30442192382827,98.30442192382827
Purús,Reserva Comunal,Madre de Dios,1988,0.0,98.30442192382827,98.30442192382827
Purús,Reserva Comunal,Madre de Dios,1989,0.0,98.30442192382827,98.30442192382827
Purús,Reserva Comunal,Madre de Dios,1990,0.0,98.30442192382827,98.30442192382827
Purús,Reserva Comunal,Madre de Dios,1991,0.0,98.30442192382827,98.30442192382827
Purús,Reserva Comunal,Madre de Dios,1992,0.0,98.30442192382827,98.30442192382827
Purús,Reserva Comunal,Madre de Dios,1993,0.0,98.30442192382827,98.30442192382827
Purús,Reserva Comunal,Madre de Dios,1994,0.0,98.30442192382827,98.30442192382827
Purús,Reserva Comunal,Madre de Dios,1995,0.0,98.30442192382827,98.30442192382827
Purús,Reserva Comunal,Madre de Dios,1996,0.0,98.30442192382827,98.30442192382827
Purús,Reserva Comunal,Madre de Dios,1997,0.0,98.30442192382827,98.30442192382827
Purús,Reserva Comunal,Madre de Dios,1998,0.0,98.30442192382827,98.30442192382827
Purús,Reserva Comunal,Madre de Dios,1999,0.0,98.30442192382827,98.30442192382827
Purús,Reserva Comunal,Madre de Dios,2000,0.0,98.30442192382827,98.30442192382827
Purús,Reserva Comunal,Madre de Dios,2001,0.0,98.30442192382827,98.30442192382827
Purús,Reserva Comunal,Madre de Dios,2002,0.0,98.30442192382827,98.30442192382827
Purús,Reserva Comunal,Madre de Dios,2003,0.0,98.30442192382827,98.30442192382827
Purús,Reserva Comunal,Madre de Dios,2004,0.0,98.30442192382827,98.30442192382827
Purús,Reserva Comunal,Madre de Dios,2005,0.0,98.30442192382827,98.30442192382827
Purús,Reserva Comunal,Madre de Dios,2006,0.0,98.30442192382827,98.30442192382827
Purús,Reserva Comunal,Madre de Dios,2007,0.0,98.30442192382827,98.30442192382827
Purús,Reserva Comunal,Madre de Dios,2008,0.0,98.30442192382827,98.30442192382827
Purús,Reserva Comunal,Madre de Dios,2009,0.0,98.30442192382827,98.30442192382827
Purús,Reserva Comunal,Madre de Dios,2010,0.0,98.30442192382827,98.30442192382827
Purús,Reserva Comunal,Madre de Dios,2011,0.0,98.30442192382827,98.30442192382827
Purús,Reserva Comunal,Madre de Dios,2012,0.0,98.30442192382827,98.30442192382827
Purús,Reserva Comunal,Madre de Dios,2013,0.0,98.30442192382827,98.30442192382827
Purús,Reserva Comunal,Madre de Dios,2014,0.0,98.30442192382827,98.30442192382827
Purús,Reserva Comunal,Madre de Dios,2015,0.0,98.30442192382827,98.30442192382827
Purús,Reserva Comunal,Madre de Dios,2016,0.0,98.30442192382827,98.30442192382827
Purús,Reserva Comunal,Madre de Dios,2017,0.0,98.30442192382827,98.30442192382827
Purús,Reserva Comunal,Madre de Dios,2018,0.0,98.30442192382827,98.30442192382827
Purús,Reserva Comunal,Madre de Dios,2019,0.0,98.30442192382827,98.30442192382827
Purús,Reserva Comunal,Madre de Dios,2020,0.0,98.30442192382827,98.30442192382827
Purús,Reserva Comunal,Madre de Dios,2021,0.0,98.30442192382827,98.30442192382827
Purús,Reserva Comunal,Madre de Dios,2022,0.0,98.30442192382827,98.30442192382827
Purús,Reserva Comunal,Madre de Dios,2023,0.0,98.30442192382827,98.30442192382827
Purús,Reserva Comunal,Madre de Dios,2024,0.0,98.30442192382827,98.30442192382827
Purús,Reserva Comunal,Madre de Dios,2025,0.0,98.30442192382827,98.30442192382827
Purús,Reserva Comunal,Ucayali,1985,0.0,218546.05652074274,222001.02678224177
Purús,Reserva Comunal,Ucayali,1986,0.0,218405.84966665288,222001.02678224127
Purús,Reserva Comunal,Ucayali,1987,0.0,218351.19417911005,222001.02678224116
Purús,Reserva Comunal,Ucayali,1988,0.0,218323.43874957447,222001.0267822405
Purús,Reserva Comunal,Ucayali,1989,0.0,218273.747298335,222001.02678224
Purús,Reserva Comunal,Ucayali,1990,0.0,218223.5866746043,222001.0267822398
Purús,Reserva Comunal,Ucayali,1991,0.0,218245.16496444787,222001.0267822396
Purús,Reserva Comunal,Ucayali,1992,0.0,218231.75040824062,222001.02678223964
Purús,Reserva Comunal,Ucayali,1993,0.0,218154.91372597127,222001.02678223958
Purús,Reserva Comunal,Ucayali,1994,0.0,218210.99807764386,222001.0267822398
Purús,Reserva Comunal,Ucayali,1995,0.0,218112.79399514876,222001.02678223982
Purús,Reserva Comunal,Ucayali,1996,0.0,217963.260777589,222001.02678223987
Purús,Reserva Comunal,Ucayali,1997,0.0,217836.1982591747,222001.02678223987
Purús,Reserva Comunal,Ucayali,1998,0.0,217760.42950200313,222001.02678223993
Purús,Reserva Comunal,Ucayali,1999,0.0,217806.10921401525,222001.0267822403
Purús,Reserva Comunal,Ucayali,2000,0.0,217781.4774105845,222001.0267822398
Purús,Reserva Comunal,Ucayali,2001,0.0,217880.50973772697,222001.0267822399
Purús,Reserva Comunal,Ucayali,2002,0.0,217793.88347356638,222001.02678223947
Purús,Reserva Comunal,Ucayali,2003,0.0,217804.7658242808,222001.02678223976
Purús,Reserva Comunal,Ucayali,2004,0.0,217644.8586330941,222001.02678223958
Purús,Reserva Comunal,Ucayali,2005,0.0,217656.9686073616,222001.02678223955
Purús,Reserva Comunal,Ucayali,2006,0.0,217644.25555426744,222001.02678223985
Purús,Reserva Comunal,Ucayali,2007,0.0,217538.3719475352,222001.0267822398
Purús,Reserva Comunal,Ucayali,2008,0.0,217478.24834494124,222001.02678223982
Purús,Reserva Comunal,Ucayali,2009,0.0,217448.292522169,222001.02678223982
Purús,Reserva Comunal,Ucayali,2010,0.0,217451.97199070567,222001.02678224008
Purús,Reserva Comunal,Ucayali,2011,0.0,217645.89900628827,222001.0267822404
Purús,Reserva Comunal,Ucayali,2012,0.0,217615.40879342193,222001.02678224028
Purús,Reserva Comunal,Ucayali,2013,0.0,217774.98972763182,222001.02678223996
Purús,Reserva Comunal,Ucayali,2014,0.0,217849.99525983402,222001.02678224002
Purús,Reserva Comunal,Ucayali,2015,0.0,217776.3386509413,222001.0267822401
Purús,Reserva Comunal,Ucayali,2016,0.0,217777.118069319,222001.0267822401
Purús,Reserva Comunal,Ucayali,2017,0.0,217793.93867168739,222001.02678224037
Purús,Reserva Comunal,Ucayali,2018,0.0,217779.99321022525,222001.02678224063
Purús,Reserva Comunal,Ucayali,2019,0.0,217711.8587517843,222001.02678224086
Purús,Reserva Comunal,Ucayali,2020,0.0,217797.13757237763,222001.0267822409
Purús,Reserva Comunal,Ucayali,2021,0.0,217724.27189058517,222001.02678224165
Purús,Reserva Comunal,Ucayali,2022,0.0,217761.25923762072,222001.0267822435
Purús,Reserva Comunal,Ucayali,2023,0.0,217836.05422121103,222001.0267822462
Purús,Reserva Comunal,Ucayali,2024,0.0,217898.93688053367,222001.02678224875
Purús,Reserva Comunal,Ucayali,2025,0.0,217911.72056762464,222001.02678224866
San Fernando,Reserva Nacional,Ica,1985,0.0,64.69047762451162,44571.29349266368
San Fernando,Reserva Nacional,Ica,1986,0.0,63.30640847167961,44571.2934926637
San Fernando,Reserva Nacional,Ica,1987,0.0,64.94989041137683,44571.29349266394
San Fernando,Reserva Nacional,Ica,1988,0.0,66.24695167236327,44571.29349266395
San Fernando,Reserva Nacional,Ica,1989,0.0,64.86349656982414,44571.2934926639
San Fernando,Reserva Nacional,Ica,1990,0.0,70.39845853271484,44571.29349266393
San Fernando,Reserva Nacional,Ica,1991,0.0,72.73373923339841,44571.2934926639
San Fernando,Reserva Nacional,Ica,1992,0.0,82.334124279785,44571.293492663855
San Fernando,Reserva Nacional,Ica,1993,0.0,83.97780514526355,44571.29349266384
San Fernando,Reserva Nacional,Ica,1994,0.0,84.23824835815424,44571.293492663826
San Fernando,Reserva Nacional,Ica,1995,0.0,90.46525134277329,44571.293492663804
San Fernando,Reserva Nacional,Ica,1996,0.0,91.58930505371082,44571.2934926638
San Fernando,Reserva Nacional,Ica,1997,0.0,97.47028352661118,44571.29349266384
San Fernando,Reserva Nacional,Ica,1998,0.0,88.12850946044918,44571.29349266362
San Fernando,Reserva Nacional,Ica,1999,0.0,81.03622736816405,44571.29349266362
San Fernando,Reserva Nacional,Ica,2000,0.0,82.16062591552738,44571.29349266361
San Fernando,Reserva Nacional,Ica,2001,0.0,80.08512383422838,44571.29349266361
San Fernando,Reserva Nacional,Ica,2002,0.0,87.09091053466791,44571.293492663615
San Fernando,Reserva Nacional,Ica,2003,0.0,89.51315466918925,44571.29349266362
San Fernando,Reserva Nacional,Ica,2004,0.0,106.3790786621092,44571.29349266359
San Fernando,Reserva Nacional,Ica,2005,0.0,103.6986934387204,44571.293492663506
San Fernando,Reserva Nacional,Ica,2006,0.0,102.0557665527342,44571.29349266359
San Fernando,Reserva Nacional,Ica,2007,0.0,114.9434661987304,44571.29349266359
San Fernando,Reserva Nacional,Ica,2008,0.0,112.4352057312009,44571.29349266354
San Fernando,Reserva Nacional,Ica,2009,0.0,116.2402034240723,44571.29349266354
San Fernando,Reserva Nacional,Ica,2010,0.0,122.2942821838381,44571.29349266361
San Fernando,Reserva Nacional,Ica,2011,0.0,122.2941927673342,44571.29349266368
San Fernando,Reserva Nacional,Ica,2012,0.0,116.5863916870117,44571.29349266367
San Fernando,Reserva Nacional,Ica,2013,0.0,126.4454592346194,44571.29349266376
San Fernando,Reserva Nacional,Ica,2014,0.0,133.0185298339846,44571.293492663804
San Fernando,Reserva Nacional,Ica,2015,0.0,133.1917740722659,44571.293492663826
San Fernando,Reserva Nacional,Ica,2016,0.0,138.8135589111331,44571.29349266385
San Fernando,Reserva Nacional,Ica,2017,0.0,116.8461617187497,44571.29349266379
San Fernando,Reserva Nacional,Ica,2018,0.0,120.8252534057614,44571.293492663855
San Fernando,Reserva Nacional,Ica,2019,0.0,123.1599043945312,44571.29349266386
San Fernando,Reserva Nacional,Ica,2020,0.0,125.0626268615722,44571.29349266384
San Fernando,Reserva Nacional,Ica,2021,0.0,117.6250734374996,44571.29349266382
San Fernando,Reserva Nacional,Ica,2022,0.0,128.7816220458987,44571.29349266384
San Fernando,Reserva Nacional,Ica,2023,0.0,124.1111793395996,44571.293492663994
San Fernando,Reserva Nacional,Ica,2024,0.0,112.7810745910641,44571.293492664045
San Fernando,Reserva Nacional,Ica,2025,0.0,113.1270201416012,44571.29349266408
San Matias-San Carlos,Bosque de Protección,Junín,1985,0.0,26767.243623889568,27807.30205562787
San Matias-San Carlos,Bosque de Protección,Junín,1986,0.0,26741.76567197918,27807.302055627886
San Matias-San Carlos,Bosque de Protección,Junín,1987,0.0,26673.05972684403,27807.30205562823
San Matias-San Carlos,Bosque de Protección,Junín,1988,0.0,26585.02628413211,27807.3020556287
San Matias-San Carlos,Bosque de Protección,Junín,1989,0.0,26412.47250219941,27807.30205562957
San Matias-San Carlos,Bosque de Protección,Junín,1990,0.0,26317.600074929043,27807.302055629723
San Matias-San Carlos,Bosque de Protección,Junín,1991,0.0,26280.70615725964,27807.302055629996
San Matias-San Carlos,Bosque de Protección,Junín,1992,0.0,26285.53763422503,27807.302055630054
San Matias-San Carlos,Bosque de Protección,Junín,1993,0.0,26402.65770041737,27807.302055629767
San Matias-San Carlos,Bosque de Protección,Junín,1994,0.0,26557.20092530021,27807.302055628577
San Matias-San Carlos,Bosque de Protección,Junín,1995,0.0,26452.5661667683,27807.30205562938
San Matias-San Carlos,Bosque de Protección,Junín,1996,0.0,26430.42601220918,27807.30205562958
San Matias-San Carlos,Bosque de Protección,Junín,1997,0.0,26504.578142927574,27807.302055628974
San Matias-San Carlos,Bosque de Protección,Junín,1998,0.0,26478.03867149844,27807.302055629294
San Matias-San Carlos,Bosque de Protección,Junín,1999,0.0,26415.751374385894,27807.30205562978
San Matias-San Carlos,Bosque de Protección,Junín,2000,0.0,26270.871473964417,27807.302055629454
San Matias-San Carlos,Bosque de Protección,Junín,2001,0.0,26260.147989503857,27807.30205562935
San Matias-San Carlos,Bosque de Protección,Junín,2002,0.0,26224.035525630326,27807.30205562911
San Matias-San Carlos,Bosque de Protección,Junín,2003,0.0,26184.848108748192,27807.302055629298
San Matias-San Carlos,Bosque de Protección,Junín,2004,0.0,26094.268485890654,27807.302055629403
San Matias-San Carlos,Bosque de Protección,Junín,2005,0.0,26158.93320949869,27807.30205562906
San Matias-San Carlos,Bosque de Protección,Junín,2006,0.0,25975.846427876768,27807.302055629403
San Matias-San Carlos,Bosque de Protección,Junín,2007,0.0,25798.02158011142,27807.30205563015
San Matias-San Carlos,Bosque de Protección,Junín,2008,0.0,25791.43934386888,27807.302055630287
San Matias-San Carlos,Bosque de Protección,Junín,2009,0.0,25612.483924099717,27807.302055630375
San Matias-San Carlos,Bosque de Protección,Junín,2010,0.0,25371.155008327867,27807.30205562999
San Matias-San Carlos,Bosque de Protección,Junín,2011,0.0,25315.54740585577,27807.302055629825
San Matias-San Carlos,Bosque de Protección,Junín,2012,0.0,25111.559971645445,27807.302055629727
San Matias-San Carlos,Bosque de Protección,Junín,2013,0.0,25022.91887508196,27807.30205562996
San Matias-San Carlos,Bosque de Protección,Junín,2014,0.0,25074.13300793702,27807.302055629796
San Matias-San Carlos,Bosque de Protección,Junín,2015,0.0,25001.822629092097,27807.302055630113
San Matias-San Carlos,Bosque de Protección,Junín,2016,0.0,25037.31033098394,27807.30205562986
San Matias-San Carlos,Bosque de Protección,Junín,2017,0.0,24824.077756611758,27807.30205562903
San Matias-San Carlos,Bosque de Protección,Junín,2018,0.0,24781.898658582762,27807.30205562859
San Matias-San Carlos,Bosque de Protección,Junín,2019,0.0,24834.601260938667,27807.30205562853
San Matias-San Carlos,Bosque de Protección,Junín,2020,0.0,24831.96819377575,27807.30205562872
San Matias-San Carlos,Bosque de Protección,Junín,2021,0.0,24806.395315571437,27807.302055628734
San Matias-San Carlos,Bosque de Protección,Junín,2022,0.0,24771.259427155757,27807.30205562857
San Matias-San Carlos,Bosque de Protección,Junín,2023,0.0,24541.51923270385,27807.302055628617
San Matias-San Carlos,Bosque de Protección,Junín,2024,0.0,24386.110049982908,27807.3020556286
San Matias-San Carlos,Bosque de Protección,Junín,2025,0.0,24285.33968043355,27807.3020556288
San Matias-San Carlos,Bosque de Protección,Pasco,1985,0.0,75300.40702208351,84556.98753742175
San Matias-San Carlos,Bosque de Protección,Pasco,1986,0.0,75332.40446030378,84556.9875374218
San Matias-San Carlos,Bosque de Protección,Pasco,1987,0.0,75188.90389121792,84556.98753742165
San Matias-San Carlos,Bosque de Protección,Pasco,1988,0.0,75088.77713223973,84556.98753742174
San Matias-San Carlos,Bosque de Protección,Pasco,1989,0.0,75012.12166236645,84556.98753742152
San Matias-San Carlos,Bosque de Protección,Pasco,1990,0.0,75483.94660433431,84556.98753742162
San Matias-San Carlos,Bosque de Protección,Pasco,1991,0.0,75582.9727403321,84556.98753742086
San Matias-San Carlos,Bosque de Protección,Pasco,1992,0.0,75586.5658218937,84556.98753742117
San Matias-San Carlos,Bosque de Protección,Pasco,1993,0.0,75701.52197471306,84556.98753742072
San Matias-San Carlos,Bosque de Protección,Pasco,1994,0.0,76047.18860003178,84556.98753742204
San Matias-San Carlos,Bosque de Protección,Pasco,1995,0.0,76005.39623682413,84556.9875374224
San Matias-San Carlos,Bosque de Protección,Pasco,1996,0.0,75912.84603146497,84556.98753742213
San Matias-San Carlos,Bosque de Protección,Pasco,1997,0.0,76405.43346197634,84556.98753742197
San Matias-San Carlos,Bosque de Protección,Pasco,1998,0.0,76174.02066273979,84556.98753742245
San Matias-San Carlos,Bosque de Protección,Pasco,1999,0.0,75724.47315244316,84556.98753742242
San Matias-San Carlos,Bosque de Protección,Pasco,2000,0.0,75445.70234533849,84556.98753742225
San Matias-San Carlos,Bosque de Protección,Pasco,2001,0.0,75528.86872204667,84556.98753742139
San Matias-San Carlos,Bosque de Protección,Pasco,2002,0.0,75307.78986486285,84556.98753742146
San Matias-San Carlos,Bosque de Protección,Pasco,2003,0.0,75049.71533739011,84556.98753742067
San Matias-San Carlos,Bosque de Protección,Pasco,2004,0.0,75045.08961954404,84556.98753742133
San Matias-San Carlos,Bosque de Protección,Pasco,2005,0.0,75058.95130202686,84556.98753742123
San Matias-San Carlos,Bosque de Protección,Pasco,2006,0.0,74649.23934360441,84556.9875374216
San Matias-San Carlos,Bosque de Protección,Pasco,2007,0.0,74258.88045908259,84556.9875374213
San Matias-San Carlos,Bosque de Protección,Pasco,2008,0.0,74205.99098751934,84556.98753742174
San Matias-San Carlos,Bosque de Protección,Pasco,2009,0.0,74004.30886254343,84556.98753742139
San Matias-San Carlos,Bosque de Protección,Pasco,2010,0.0,73656.66389780946,84556.98753742129
San Matias-San Carlos,Bosque de Protección,Pasco,2011,0.0,73270.11672415235,84556.98753742137
San Matias-San Carlos,Bosque de Protección,Pasco,2012,0.0,72770.23092838748,84556.98753742063
San Matias-San Carlos,Bosque de Protección,Pasco,2013,0.0,72048.41078643227,84556.98753742102
San Matias-San Carlos,Bosque de Protección,Pasco,2014,0.0,71679.93828536049,84556.98753742343
San Matias-San Carlos,Bosque de Protección,Pasco,2015,0.0,71157.86391430092,84556.98753742105
San Matias-San Carlos,Bosque de Protección,Pasco,2016,0.0,71052.66015081288,84556.98753742184
San Matias-San Carlos,Bosque de Protección,Pasco,2017,0.0,70721.55429254154,84556.98753742078
San Matias-San Carlos,Bosque de Protección,Pasco,2018,0.0,70234.03181229917,84556.98753742124
San Matias-San Carlos,Bosque de Protección,Pasco,2019,0.0,69745.6213987061,84556.98753742067
San Matias-San Carlos,Bosque de Protección,Pasco,2020,0.0,68824.60489448965,84556.98753742184
San Matias-San Carlos,Bosque de Protección,Pasco,2021,0.0,67546.06543257574,84556.98753742197
San Matias-San Carlos,Bosque de Protección,Pasco,2022,0.0,67252.80835586169,84556.9875374231
San Matias-San Carlos,Bosque de Protección,Pasco,2023,0.0,65968.2388196966,84556.98753742126
San Matias-San Carlos,Bosque de Protección,Pasco,2024,0.0,64953.27528376618,84556.98753742229
San Matias-San Carlos,Bosque de Protección,Pasco,2025,0.0,64154.38227927379,84556.98753742216
Santiago Comaina,Zona Reservada,Amazonas,1985,0.0,85743.84914774349,88398.11271408868
Santiago Comaina,Zona Reservada,Amazonas,1986,0.0,85708.70921378968,88398.11271408874
Santiago Comaina,Zona Reservada,Amazonas,1987,0.0,86282.26473987037,88398.11271408912
Santiago Comaina,Zona Reservada,Amazonas,1988,0.0,86441.48880774595,88398.1127140875
Santiago Comaina,Zona Reservada,Amazonas,1989,0.0,86341.57768155103,88398.11271408887
Santiago Comaina,Zona Reservada,Amazonas,1990,0.0,86345.77673606228,88398.11271408963
Santiago Comaina,Zona Reservada,Amazonas,1991,0.0,86344.09512879845,88398.11271408899
Santiago Comaina,Zona Reservada,Amazonas,1992,0.0,85857.93736349646,88398.11271408851
Santiago Comaina,Zona Reservada,Amazonas,1993,0.0,85905.71145700253,88398.11271408873
Santiago Comaina,Zona Reservada,Amazonas,1994,0.0,85904.59907209587,88398.11271408804
Santiago Comaina,Zona Reservada,Amazonas,1995,0.0,85693.7825275347,88398.11271408865
Santiago Comaina,Zona Reservada,Amazonas,1996,0.0,85734.16446910567,88398.11271408858
Santiago Comaina,Zona Reservada,Amazonas,1997,0.0,85713.0179216511,88398.11271408886
Santiago Comaina,Zona Reservada,Amazonas,1998,0.0,85698.88663209349,88398.11271408813
Santiago Comaina,Zona Reservada,Amazonas,1999,0.0,85432.98612255388,88398.11271408829
Santiago Comaina,Zona Reservada,Amazonas,2000,0.0,85149.07032552075,88398.11271408886
Santiago Comaina,Zona Reservada,Amazonas,2001,0.0,85110.80412384204,88398.11271408862
Santiago Comaina,Zona Reservada,Amazonas,2002,0.0,84789.54798981518,88398.11271408887
Santiago Comaina,Zona Reservada,Amazonas,2003,0.0,84679.68842123041,88398.11271408932
Santiago Comaina,Zona Reservada,Amazonas,2004,0.0,84832.78584447228,88398.11271408899
Santiago Comaina,Zona Reservada,Amazonas,2005,0.0,84771.04921418062,88398.11271408907
Santiago Comaina,Zona Reservada,Amazonas,2006,0.0,84623.26829004764,88398.1127140894
Santiago Comaina,Zona Reservada,Amazonas,2007,0.0,84510.00055973153,88398.11271408945
Santiago Comaina,Zona Reservada,Amazonas,2008,0.0,84484.02735805909,88398.11271408937
Santiago Comaina,Zona Reservada,Amazonas,2009,0.0,84916.64514943474,88398.1127140893
Santiago Comaina,Zona Reservada,Amazonas,2010,0.0,84909.88948307122,88398.11271408931
Santiago Comaina,Zona Reservada,Amazonas,2011,0.0,84813.65687083374,88398.11271408937
Santiago Comaina,Zona Reservada,Amazonas,2012,0.0,84731.5218770655,88398.11271408944
Santiago Comaina,Zona Reservada,Amazonas,2013,0.0,84578.06299883706,88398.11271408977
Santiago Comaina,Zona Reservada,Amazonas,2014,0.0,84380.46160461142,88398.11271409021
Santiago Comaina,Zona Reservada,Amazonas,2015,0.0,84102.93300920058,88398.11271408953
Santiago Comaina,Zona Reservada,Amazonas,2016,0.0,84149.98186248401,88398.11271408925
Santiago Comaina,Zona Reservada,Amazonas,2017,0.0,84145.07470533063,88398.11271408918
Santiago Comaina,Zona Reservada,Amazonas,2018,0.0,83653.76922248208,88398.11271408976
Santiago Comaina,Zona Reservada,Amazonas,2019,0.0,83787.15806296037,88398.11271408954
Santiago Comaina,Zona Reservada,Amazonas,2020,0.0,83843.2407110373,88398.11271408907
Santiago Comaina,Zona Reservada,Amazonas,2021,0.0,83628.64923546415,88398.11271408967
Santiago Comaina,Zona Reservada,Amazonas,2022,0.0,83165.2854463165,88398.11271408995
Santiago Comaina,Zona Reservada,Amazonas,2023,0.0,82886.01480747943,88398.11271408954
Santiago Comaina,Zona Reservada,Amazonas,2024,0.0,82512.8350297083,88398.1127140894
Santiago Comaina,Zona Reservada,Amazonas,2025,0.0,81516.97371096993,88398.11271408889
Santiago Comaina,Zona Reservada,Loreto,1985,0.0,108362.49347103882,116128.46582180174
Santiago Comaina,Zona Reservada,Loreto,1986,0.0,108236.57669434759,116128.46582180116
Santiago Comaina,Zona Reservada,Loreto,1987,0.0,108567.86097278401,116128.46582180132
Santiago Comaina,Zona Reservada,Loreto,1988,0.0,108516.7978216733,116128.46582180147
Santiago Comaina,Zona Reservada,Loreto,1989,0.0,108561.02091840828,116128.4658218018
Santiago Comaina,Zona Reservada,Loreto,1990,0.0,108524.83015814186,116128.46582180151
Santiago Comaina,Zona Reservada,Loreto,1991,0.0,108570.19963179919,116128.4658218016
Santiago Comaina,Zona Reservada,Loreto,1992,0.0,108668.63170004886,116128.46582180177
Santiago Comaina,Zona Reservada,Loreto,1993,0.0,108626.77640407646,116128.46582180107
Santiago Comaina,Zona Reservada,Loreto,1994,0.0,108324.28663516238,116128.46582180176
Santiago Comaina,Zona Reservada,Loreto,1995,0.0,108489.90782675825,116128.46582180217
Santiago Comaina,Zona Reservada,Loreto,1996,0.0,108586.84528671275,116128.46582180183
Santiago Comaina,Zona Reservada,Loreto,1997,0.0,108470.35395734891,116128.46582180205
Santiago Comaina,Zona Reservada,Loreto,1998,0.0,108494.72470043386,116128.46582180222
Santiago Comaina,Zona Reservada,Loreto,1999,0.0,108475.40595070837,116128.46582180208
Santiago Comaina,Zona Reservada,Loreto,2000,0.0,108367.60593713426,116128.46582180222
Santiago Comaina,Zona Reservada,Loreto,2001,0.0,108337.3037125984,116128.46582180247
Santiago Comaina,Zona Reservada,Loreto,2002,0.0,108371.8740681771,116128.46582180256
Santiago Comaina,Zona Reservada,Loreto,2003,0.0,108310.74474632659,116128.46582180266
Santiago Comaina,Zona Reservada,Loreto,2004,0.0,108387.84976292189,116128.4658218025
Santiago Comaina,Zona Reservada,Loreto,2005,0.0,108362.17707232089,116128.46582180208
Santiago Comaina,Zona Reservada,Loreto,2006,0.0,108165.34489377493,116128.46582180227
Santiago Comaina,Zona Reservada,Loreto,2007,0.0,108107.02555503004,116128.46582180247
Santiago Comaina,Zona Reservada,Loreto,2008,0.0,107981.47365266169,116128.46582180228
Santiago Comaina,Zona Reservada,Loreto,2009,0.0,108328.08699166233,116128.46582180145
Santiago Comaina,Zona Reservada,Loreto,2010,0.0,108390.72913944707,116128.46582180176
Santiago Comaina,Zona Reservada,Loreto,2011,0.0,108168.62632802188,116128.4658218024
Santiago Comaina,Zona Reservada,Loreto,2012,0.0,108086.6696034613,116128.46582180235
Santiago Comaina,Zona Reservada,Loreto,2013,0.0,107950.71924005187,116128.46582180235
Santiago Comaina,Zona Reservada,Loreto,2014,0.0,107856.26986166443,116128.46582180235
Santiago Comaina,Zona Reservada,Loreto,2015,0.0,107559.1021895268,116128.46582180218
Santiago Comaina,Zona Reservada,Loreto,2016,0.0,107742.75022618474,116128.46582180241
Santiago Comaina,Zona Reservada,Loreto,2017,0.0,107820.84163048782,116128.46582180253
Santiago Comaina,Zona Reservada,Loreto,2018,0.0,107456.25246695025,116128.46582180253
Santiago Comaina,Zona Reservada,Loreto,2019,0.0,107438.996963929,116128.46582180253
Santiago Comaina,Zona Reservada,Loreto,2020,0.0,107481.64615871644,116128.46582180234
Santiago Comaina,Zona Reservada,Loreto,2021,0.0,107270.39194280468,116128.46582180247
Santiago Comaina,Zona Reservada,Loreto,2022,0.0,106958.50885997387,116128.4658218025
Santiago Comaina,Zona Reservada,Loreto,2023,0.0,106738.10528535821,116128.4658218023
Santiago Comaina,Zona Reservada,Loreto,2024,0.0,106563.96573695776,116128.4658218027
Santiago Comaina,Zona Reservada,Loreto,2025,0.0,106417.76730813086,116128.46582180272
Sierra del Divisor,Parque Nacional,Loreto,1985,0.0,442723.5365269335,445098.3511428942
Sierra del Divisor,Parque Nacional,Loreto,1986,0.0,442756.87802315014,445098.351142895
Sierra del Divisor,Parque Nacional,Loreto,1987,0.0,442800.6461951044,445098.35114289494
Sierra del Divisor,Parque Nacional,Loreto,1988,0.0,442657.2654956962,445098.3511428947
Sierra del Divisor,Parque Nacional,Loreto,1989,0.0,442660.9461448112,445098.3511428947
Sierra del Divisor,Parque Nacional,Loreto,1990,0.0,442605.1618048512,445098.3511428944
Sierra del Divisor,Parque Nacional,Loreto,1991,0.0,442801.5111917709,445098.35114289395
Sierra del Divisor,Parque Nacional,Loreto,1992,0.0,442687.9732325546,445098.351142894
Sierra del Divisor,Parque Nacional,Loreto,1993,0.0,442661.67486880394,445098.35114289453
Sierra del Divisor,Parque Nacional,Loreto,1994,0.0,442637.28509897983,445098.35114289465
Sierra del Divisor,Parque Nacional,Loreto,1995,0.0,442624.18223494146,445098.35114289436
Sierra del Divisor,Parque Nacional,Loreto,1996,0.0,442570.87826315267,445098.3511428951
Sierra del Divisor,Parque Nacional,Loreto,1997,0.0,442339.17148546735,445098.3511428953
Sierra del Divisor,Parque Nacional,Loreto,1998,0.0,442207.37309343874,445098.3511428955
Sierra del Divisor,Parque Nacional,Loreto,1999,0.0,442122.2498127387,445098.35114289616
Sierra del Divisor,Parque Nacional,Loreto,2000,0.0,442085.7568221865,445098.35114289576
Sierra del Divisor,Parque Nacional,Loreto,2001,0.0,442064.9587730546,445098.35114289715
Sierra del Divisor,Parque Nacional,Loreto,2002,0.0,442144.47618325334,445098.3511428969
Sierra del Divisor,Parque Nacional,Loreto,2003,0.0,442129.1823405901,445098.3511428972
Sierra del Divisor,Parque Nacional,Loreto,2004,0.0,442203.3229725962,445098.3511428965
Sierra del Divisor,Parque Nacional,Loreto,2005,0.0,442152.9366445023,445098.3511428971
Sierra del Divisor,Parque Nacional,Loreto,2006,0.0,442171.52179077215,445098.35114289616
Sierra del Divisor,Parque Nacional,Loreto,2007,0.0,442261.1381214548,445098.35114289646
Sierra del Divisor,Parque Nacional,Loreto,2008,0.0,442178.2176479999,445098.3511428973
Sierra del Divisor,Parque Nacional,Loreto,2009,0.0,442048.27374593087,445098.3511428974
Sierra del Divisor,Parque Nacional,Loreto,2010,0.0,442077.2296230238,445098.35114289686
Sierra del Divisor,Parque Nacional,Loreto,2011,0.0,441856.19141625566,445098.3511428975
Sierra del Divisor,Parque Nacional,Loreto,2012,0.0,441710.0705562382,445098.3511428959
Sierra del Divisor,Parque Nacional,Loreto,2013,0.0,441622.2184184397,445098.35114289646
Sierra del Divisor,Parque Nacional,Loreto,2014,0.0,441580.17530895444,445098.35114289605
Sierra del Divisor,Parque Nacional,Loreto,2015,0.0,441529.81615391833,445098.3511428954
Sierra del Divisor,Parque Nacional,Loreto,2016,0.0,441606.78650750127,445098.3511428955
Sierra del Divisor,Parque Nacional,Loreto,2017,0.0,441653.6911999515,445098.3511428959
Sierra del Divisor,Parque Nacional,Loreto,2018,0.0,441829.30672930845,445098.3511428949
Sierra del Divisor,Parque Nacional,Loreto,2019,0.0,441762.49408298824,445098.35114289424
Sierra del Divisor,Parque Nacional,Loreto,2020,0.0,441600.20241592976,445098.3511428951
Sierra del Divisor,Parque Nacional,Loreto,2021,0.0,441536.27698181855,445098.3511428964
Sierra del Divisor,Parque Nacional,Loreto,2022,0.0,441414.01237354206,445098.3511428963
Sierra del Divisor,Parque Nacional,Loreto,2023,0.0,441245.5410942572,445098.35114289616
Sierra del Divisor,Parque Nacional,Loreto,2024,0.0,441205.30169251794,445098.35114289634
Sierra del Divisor,Parque Nacional,Loreto,2025,0.0,441039.1351135684,445098.35114289576
Sierra del Divisor,Parque Nacional,Ucayali,1985,0.0,175006.74900122828,175713.79759494777
Sierra del Divisor,Parque Nacional,Ucayali,1986,0.0,174999.83724228694,175713.7975949481
Sierra del Divisor,Parque Nacional,Ucayali,1987,0.0,174929.42342608207,175713.79759494803
Sierra del Divisor,Parque Nacional,Ucayali,1988,0.0,174798.2367706247,175713.79759494722
Sierra del Divisor,Parque Nacional,Ucayali,1989,0.0,174587.33802678302,175713.7975949471
Sierra del Divisor,Parque Nacional,Ucayali,1990,0.0,174567.03083618326,175713.79759494792
Sierra del Divisor,Parque Nacional,Ucayali,1991,0.0,174467.65935063685,175713.79759494838
Sierra del Divisor,Parque Nacional,Ucayali,1992,0.0,174336.95775365186,175713.79759494826
Sierra del Divisor,Parque Nacional,Ucayali,1993,0.0,174184.761862892,175713.79759494765
Sierra del Divisor,Parque Nacional,Ucayali,1994,0.0,174118.96509967113,175713.797594947
Sierra del Divisor,Parque Nacional,Ucayali,1995,0.0,174240.94107101602,175713.7975949479
Sierra del Divisor,Parque Nacional,Ucayali,1996,0.0,174301.62699929363,175713.79759494792
Sierra del Divisor,Parque Nacional,Ucayali,1997,0.0,174407.95534927543,175713.79759494803
Sierra del Divisor,Parque Nacional,Ucayali,1998,0.0,174483.45140900416,175713.79759494777
Sierra del Divisor,Parque Nacional,Ucayali,1999,0.0,174411.68908645143,175713.79759494754
Sierra del Divisor,Parque Nacional,Ucayali,2000,0.0,174317.6448697153,175713.79759494725
Sierra del Divisor,Parque Nacional,Ucayali,2001,0.0,174380.25624494092,175713.797594947
Sierra del Divisor,Parque Nacional,Ucayali,2002,0.0,174476.80588424148,175713.79759494704
Sierra del Divisor,Parque Nacional,Ucayali,2003,0.0,174518.79851854325,175713.79759494704
Sierra del Divisor,Parque Nacional,Ucayali,2004,0.0,174579.3012618723,175713.79759494722
Sierra del Divisor,Parque Nacional,Ucayali,2005,0.0,174664.5230396253,175713.79759494754
Sierra del Divisor,Parque Nacional,Ucayali,2006,0.0,174740.61032049137,175713.79759494815
Sierra del Divisor,Parque Nacional,Ucayali,2007,0.0,174764.51574180447,175713.79759494777
Sierra del Divisor,Parque Nacional,Ucayali,2008,0.0,174791.60794384286,175713.7975949476
Sierra del Divisor,Parque Nacional,Ucayali,2009,0.0,174774.45424345235,175713.7975949477
Sierra del Divisor,Parque Nacional,Ucayali,2010,0.0,174859.65358225282,175713.79759494812
Sierra del Divisor,Parque Nacional,Ucayali,2011,0.0,174848.9406965352,175713.79759494826
Sierra del Divisor,Parque Nacional,Ucayali,2012,0.0,174888.1760257527,175713.79759494826
Sierra del Divisor,Parque Nacional,Ucayali,2013,0.0,174791.6409990925,175713.7975949482
Sierra del Divisor,Parque Nacional,Ucayali,2014,0.0,174721.509068873,175713.79759494725
Sierra del Divisor,Parque Nacional,Ucayali,2015,0.0,174611.52131802373,175713.79759494634
Sierra del Divisor,Parque Nacional,Ucayali,2016,0.0,174600.63983199515,175713.79759494684
Sierra del Divisor,Parque Nacional,Ucayali,2017,0.0,174439.46510844154,175713.79759494666
Sierra del Divisor,Parque Nacional,Ucayali,2018,0.0,174363.7593612914,175713.79759494617
Sierra del Divisor,Parque Nacional,Ucayali,2019,0.0,173984.84213823781,175713.7975949456
Sierra del Divisor,Parque Nacional,Ucayali,2020,0.0,173526.4726335458,175713.7975949472
Sierra del Divisor,Parque Nacional,Ucayali,2021,0.0,173291.3153258062,175713.79759494684
Sierra del Divisor,Parque Nacional,Ucayali,2022,0.0,173171.30188214727,175713.79759494634
Sierra del Divisor,Parque Nacional,Ucayali,2023,0.0,173000.79253333106,175713.79759494605
Sierra del Divisor,Parque Nacional,Ucayali,2024,0.0,172656.76960662147,175713.79759494547
Sierra del Divisor,Parque Nacional,Ucayali,2025,0.0,172343.94683910522,175713.7975949463
Subcuenca del Cotahuasi,Reserva Paisajistica,Apurímac,1985,0.0,13.50861069946289,81991.54032005966
Subcuenca del Cotahuasi,Reserva Paisajistica,Apurímac,1986,0.0,8.139809558105469,81991.5403200596
Subcuenca del Cotahuasi,Reserva Paisajistica,Apurímac,1987,0.0,9.871652020263676,81991.54032005953
Subcuenca del Cotahuasi,Reserva Paisajistica,Apurímac,1988,0.0,6.668136096191411,81991.54032006016
Subcuenca del Cotahuasi,Reserva Paisajistica,Apurímac,1989,0.0,4.676344122314453,81991.54032006019
Subcuenca del Cotahuasi,Reserva Paisajistica,Apurímac,1990,0.0,2.424795788574219,81991.54032006087
Subcuenca del Cotahuasi,Reserva Paisajistica,Apurímac,1991,0.0,2.424795788574219,81991.54032006093
Subcuenca del Cotahuasi,Reserva Paisajistica,Apurímac,1992,0.0,2.338196179199219,81991.54032006109
Subcuenca del Cotahuasi,Reserva Paisajistica,Apurímac,1993,0.0,2.85781630859375,81991.540320061
Subcuenca del Cotahuasi,Reserva Paisajistica,Apurímac,1994,0.0,4.243411822509768,81991.54032006055
Subcuenca del Cotahuasi,Reserva Paisajistica,Apurímac,1995,0.0,6.148462298583986,81991.54032005988
Subcuenca del Cotahuasi,Reserva Paisajistica,Apurímac,1996,0.0,7.274357092285159,81991.5403200604
Subcuenca del Cotahuasi,Reserva Paisajistica,Apurímac,1997,0.0,7.447592285156255,81991.54032006004
Subcuenca del Cotahuasi,Reserva Paisajistica,Apurímac,1998,0.0,7.360997003173833,81991.54032006024
Subcuenca del Cotahuasi,Reserva Paisajistica,Apurímac,1999,0.0,6.321841174316408,81991.54032006068
Subcuenca del Cotahuasi,Reserva Paisajistica,Apurímac,2000,0.0,5.802263470458988,81991.54032005995
Subcuenca del Cotahuasi,Reserva Paisajistica,Apurímac,2001,0.0,4.762827923583987,81991.54032005994
Subcuenca del Cotahuasi,Reserva Paisajistica,Apurímac,2002,0.0,2.164935955810547,81991.54032005984
Subcuenca del Cotahuasi,Reserva Paisajistica,Apurímac,2003,0.0,1.905135565185547,81991.5403200599
Subcuenca del Cotahuasi,Reserva Paisajistica,Apurímac,2004,0.0,1.298979156494141,81991.54032005969
Subcuenca del Cotahuasi,Reserva Paisajistica,Apurímac,2005,0.0,4.93611903076172,81991.54032005984
Subcuenca del Cotahuasi,Reserva Paisajistica,Apurímac,2006,0.0,5.195955633544922,81991.54032006017
Subcuenca del Cotahuasi,Reserva Paisajistica,Apurímac,2007,0.0,7.447496990966802,81991.5403200599
Subcuenca del Cotahuasi,Reserva Paisajistica,Apurímac,2008,0.0,9.525494897460941,81991.54032005991
Subcuenca del Cotahuasi,Reserva Paisajistica,Apurímac,2009,0.0,9.87184989013672,81991.54032006016
Subcuenca del Cotahuasi,Reserva Paisajistica,Apurímac,2010,0.0,9.611942816162111,81991.54032006096
Subcuenca del Cotahuasi,Reserva Paisajistica,Apurímac,2011,0.0,8.486201434326174,81991.5403200605
Subcuenca del Cotahuasi,Reserva Paisajistica,Apurímac,2012,0.0,6.40847921142578,81991.54032006024
Subcuenca del Cotahuasi,Reserva Paisajistica,Apurímac,2013,0.0,3.983761987304689,81991.5403200601
Subcuenca del Cotahuasi,Reserva Paisajistica,Apurímac,2014,0.0,4.330123272705078,81991.54032006036
Subcuenca del Cotahuasi,Reserva Paisajistica,Apurímac,2015,0.0,4.156877166748046,81991.54032005975
Subcuenca del Cotahuasi,Reserva Paisajistica,Apurímac,2016,0.0,4.589696203613281,81991.54032005966
Subcuenca del Cotahuasi,Reserva Paisajistica,Apurímac,2017,0.0,5.542116900634766,81991.5403200599
Subcuenca del Cotahuasi,Reserva Paisajistica,Apurímac,2018,0.0,5.19571538696289,81991.54032005984
Subcuenca del Cotahuasi,Reserva Paisajistica,Apurímac,2019,0.0,5.975298522949221,81991.54032006019
Subcuenca del Cotahuasi,Reserva Paisajistica,Apurímac,2020,0.0,5.455827795410158,81991.54032005953
Subcuenca del Cotahuasi,Reserva Paisajistica,Apurímac,2021,0.0,5.628946380615234,81991.5403200596
Subcuenca del Cotahuasi,Reserva Paisajistica,Apurímac,2022,0.0,7.014563098144533,81991.54032005955
Subcuenca del Cotahuasi,Reserva Paisajistica,Apurímac,2023,0.0,7.534103991699224,81991.54032005984
Subcuenca del Cotahuasi,Reserva Paisajistica,Apurímac,2024,0.0,8.486592901611331,81991.54032005969
Subcuenca del Cotahuasi,Reserva Paisajistica,Apurímac,2025,0.0,7.880392626953125,81991.5403200598
Subcuenca del Cotahuasi,Reserva Paisajistica,Arequipa,1985,7.865631988525388,356.0437866699231,208059.5114611334
Subcuenca del Cotahuasi,Reserva Paisajistica,Arequipa,1986,7.347039685058595,356.0437866699231,208059.51146113322
Subcuenca del Cotahuasi,Reserva Paisajistica,Arequipa,1987,4.407723736572265,306.7104271057136,208059.5114611299
Subcuenca del Cotahuasi,Reserva Paisajistica,Arequipa,1988,7.778199957275388,311.7117662170428,208059.51146113052
Subcuenca del Cotahuasi,Reserva Paisajistica,Arequipa,1989,6.998712915039061,313.6090142211928,208059.51146112898
Subcuenca del Cotahuasi,Reserva Paisajistica,Arequipa,1990,5.270227593994141,315.1611611938489,208059.5114611349
Subcuenca del Cotahuasi,Reserva Paisajistica,Arequipa,1991,7.86023784790039,308.9510741271982,208059.51146113567
Subcuenca del Cotahuasi,Reserva Paisajistica,Arequipa,1992,7.601728662109375,274.2771715698241,208059.5114611361
Subcuenca del Cotahuasi,Reserva Paisajistica,Arequipa,1993,8.896667913818357,277.4685500915525,208059.51146113602
Subcuenca del Cotahuasi,Reserva Paisajistica,Arequipa,1994,3.283348291015625,316.7998536682141,208059.51146113605
Subcuenca del Cotahuasi,Reserva Paisajistica,Arequipa,1995,3.024036810302734,327.6663655883804,208059.51146113605
Subcuenca del Cotahuasi,Reserva Paisajistica,Arequipa,1996,2.678811773681641,328.9598937194839,208059.51146113244
Subcuenca del Cotahuasi,Reserva Paisajistica,Arequipa,1997,8.46747289428711,329.3057682189948,208059.51146113328
Subcuenca del Cotahuasi,Reserva Paisajistica,Arequipa,1998,9.418277429199215,317.9214155700701,208059.51146113442
Subcuenca del Cotahuasi,Reserva Paisajistica,Arequipa,1999,12.09684275512696,308.0887813964858,208059.51146113116
Subcuenca del Cotahuasi,Reserva Paisajistica,Arequipa,2000,9.678625622558595,303.3451600036633,208059.51146113084
Subcuenca del Cotahuasi,Reserva Paisajistica,Arequipa,2001,11.06119436645508,307.3996473815932,208059.5114611324
Subcuenca del Cotahuasi,Reserva Paisajistica,Arequipa,2002,13.13565930175781,301.535069451905,208059.51146113005
Subcuenca del Cotahuasi,Reserva Paisajistica,Arequipa,2003,17.80336796874998,298.9473742797861,208059.51146113078
Subcuenca del Cotahuasi,Reserva Paisajistica,Arequipa,2004,19.35895715332029,284.6293605712891,208059.51146113314
Subcuenca del Cotahuasi,Reserva Paisajistica,Arequipa,2005,27.22367744140623,276.4348906982425,208059.51146113288
Subcuenca del Cotahuasi,Reserva Paisajistica,Arequipa,2006,26.53198834838865,272.6395349121096,208059.5114611293
Subcuenca del Cotahuasi,Reserva Paisajistica,Arequipa,2007,35.77707428588867,279.7121298706056,208059.5114611318
Subcuenca del Cotahuasi,Reserva Paisajistica,Arequipa,2008,37.41862813720704,286.6129328430181,208059.51146113206
Subcuenca del Cotahuasi,Reserva Paisajistica,Arequipa,2009,44.59116272583012,288.6827760437014,208059.51146113148
Subcuenca del Cotahuasi,Reserva Paisajistica,Arequipa,2010,46.92476731567386,298.6892388366711,208059.51146113285
Subcuenca del Cotahuasi,Reserva Paisajistica,Arequipa,2011,55.99096423950196,300.50004404297,208059.51146113302
Subcuenca del Cotahuasi,Reserva Paisajistica,Arequipa,2012,70.07282681274415,290.2361214904791,208059.51146113442
Subcuenca del Cotahuasi,Reserva Paisajistica,Arequipa,2013,81.38688460693359,288.9422990966807,208059.51146113448
Subcuenca del Cotahuasi,Reserva Paisajistica,Arequipa,2014,89.5955772399903,284.8014108398442,208059.51146113046
Subcuenca del Cotahuasi,Reserva Paisajistica,Arequipa,2015,98.40666209716818,295.6705369384773,208059.5114611307
Subcuenca del Cotahuasi,Reserva Paisajistica,Arequipa,2016,116.9719902526858,287.6497277893069,208059.51146112985
Subcuenca del Cotahuasi,Reserva Paisajistica,Arequipa,2017,125.7823814147952,279.713517425538,208059.51146112956
Subcuenca del Cotahuasi,Reserva Paisajistica,Arequipa,2018,141.0674007446291,269.7945283935548,208059.51146112976
Subcuenca del Cotahuasi,Reserva Paisajistica,Arequipa,2019,149.7006954711916,276.6951270080566,208059.5114611283
Subcuenca del Cotahuasi,Reserva Paisajistica,Arequipa,2020,200.6472184631345,264.6197021362303,208059.51146113
Subcuenca del Cotahuasi,Reserva Paisajistica,Arequipa,2021,234.1534172546381,259.5306149536129,208059.5114611304
Subcuenca del Cotahuasi,Reserva Paisajistica,Arequipa,2022,246.1575397644036,255.5625302673338,208059.51146113093
Subcuenca del Cotahuasi,Reserva Paisajistica,Arequipa,2023,248.8290715698232,251.2500422546385,208059.51146113029
Subcuenca del Cotahuasi,Reserva Paisajistica,Arequipa,2024,252.887724475097,249.697302868652,208059.51146113029
Subcuenca del Cotahuasi,Reserva Paisajistica,Arequipa,2025,126.713548950195,249.697302868652,208059.51146113247
Subcuenca del Cotahuasi,Reserva Paisajistica,Ayacucho,1985,0.0,512.5403693969766,165613.77980550303
Subcuenca del Cotahuasi,Reserva Paisajistica,Ayacucho,1986,0.0,509.6902544006393,165613.7798055034
Subcuenca del Cotahuasi,Reserva Paisajistica,Ayacucho,1987,0.0,502.7759838501028,165613.77980550425
Subcuenca del Cotahuasi,Reserva Paisajistica,Ayacucho,1988,0.0,429.1090471008299,165613.77980550565
Subcuenca del Cotahuasi,Reserva Paisajistica,Ayacucho,1989,0.0,416.757947296141,165613.7798055052
Subcuenca del Cotahuasi,Reserva Paisajistica,Ayacucho,1990,0.0,408.9867324768045,165613.77980550402
Subcuenca del Cotahuasi,Reserva Paisajistica,Ayacucho,1991,0.0,397.2417334777819,165613.77980550443
Subcuenca del Cotahuasi,Reserva Paisajistica,Ayacucho,1992,0.0,397.4981193298329,165613.77980550216
Subcuenca del Cotahuasi,Reserva Paisajistica,Ayacucho,1993,0.0,416.6693765197738,165613.77980550242
Subcuenca del Cotahuasi,Reserva Paisajistica,Ayacucho,1994,0.4322502258300782,416.6708875183085,165613.7798055028
Subcuenca del Cotahuasi,Reserva Paisajistica,Ayacucho,1995,0.4322502258300782,434.3745537109372,165613.77980550466
Subcuenca del Cotahuasi,Reserva Paisajistica,Ayacucho,1996,0.8645019287109375,449.9175663024916,165613.7798055061
Subcuenca del Cotahuasi,Reserva Paisajistica,Ayacucho,1997,0.4322517028808593,467.1863342956562,165613.77980550457
Subcuenca del Cotahuasi,Reserva Paisajistica,Ayacucho,1998,0.3458013000488281,446.8928135864264,165613.7798055065
Subcuenca del Cotahuasi,Reserva Paisajistica,Ayacucho,1999,0.8645094482421876,436.1813644287101,165613.7798055062
Subcuenca del Cotahuasi,Reserva Paisajistica,Ayacucho,2000,0.8645094482421876,422.7071740966791,165613.77980550838
Subcuenca del Cotahuasi,Reserva Paisajistica,Ayacucho,2001,0.8645094482421876,432.8119447692864,165613.7798055052
Subcuenca del Cotahuasi,Reserva Paisajistica,Ayacucho,2002,0.8645094482421876,436.0092246093746,165613.77980550667
Subcuenca del Cotahuasi,Reserva Paisajistica,Ayacucho,2003,1.469661639404297,438.8609968505852,165613.77980550507
Subcuenca del Cotahuasi,Reserva Paisajistica,Ayacucho,2004,1.815459765625,436.3570039672848,165613.77980550576
Subcuenca del Cotahuasi,Reserva Paisajistica,Ayacucho,2005,1.901910064697266,439.8966073120114,165613.7798055063
Subcuenca del Cotahuasi,Reserva Paisajistica,Ayacucho,2006,1.98835951538086,439.8963897216787,165613.7798055072
Subcuenca del Cotahuasi,Reserva Paisajistica,Ayacucho,2007,2.074809606933594,460.7066524719237,165613.779805506
Subcuenca del Cotahuasi,Reserva Paisajistica,Ayacucho,2008,2.074809606933594,447.2344975463871,165613.77980550582
Subcuenca del Cotahuasi,Reserva Paisajistica,Ayacucho,2009,1.98836015625,435.9179368530271,165613.77980550643
Subcuenca del Cotahuasi,Reserva Paisajistica,Ayacucho,2010,1.642562133789063,447.6647847839353,165613.7798055069
Subcuenca del Cotahuasi,Reserva Paisajistica,Ayacucho,2011,1.642562133789063,456.1258224853525,165613.77980550638
Subcuenca del Cotahuasi,Reserva Paisajistica,Ayacucho,2012,1.469661431884766,457.9381722900395,165613.77980550422
Subcuenca del Cotahuasi,Reserva Paisajistica,Ayacucho,2013,1.815464959716797,469.3347810729981,165613.77980550387
Subcuenca del Cotahuasi,Reserva Paisajistica,Ayacucho,2014,1.901916424560548,442.8230575317374,165613.77980550585
Subcuenca del Cotahuasi,Reserva Paisajistica,Ayacucho,2015,1.988360156250001,444.9822513488764,165613.7798055057
Subcuenca del Cotahuasi,Reserva Paisajistica,Ayacucho,2016,2.420609002685548,439.5421084594719,165613.779805505
Subcuenca del Cotahuasi,Reserva Paisajistica,Ayacucho,2017,2.507058666992188,432.9791166748038,165613.7798055058
Subcuenca del Cotahuasi,Reserva Paisajistica,Ayacucho,2018,3.285083825683595,437.5551232238765,165613.77980550606
Subcuenca del Cotahuasi,Reserva Paisajistica,Ayacucho,2019,3.45798251953125,434.7069769409179,165613.77980550533
Subcuenca del Cotahuasi,Reserva Paisajistica,Ayacucho,2020,5.792142596435545,411.217517858886,165613.77980550603
Subcuenca del Cotahuasi,Reserva Paisajistica,Ayacucho,2021,6.483748583984372,419.5086061096178,165613.77980550687
Subcuenca del Cotahuasi,Reserva Paisajistica,Ayacucho,2022,7.088873370361328,429.8706916198716,165613.77980550722
Subcuenca del Cotahuasi,Reserva Paisajistica,Ayacucho,2023,7.002423492431641,417.2623715698217,165613.77980550812
Subcuenca del Cotahuasi,Reserva Paisajistica,Ayacucho,2024,7.43467985229492,423.9154917602527,165613.77980550478
Subcuenca del Cotahuasi,Reserva Paisajistica,Ayacucho,2025,37.60646285400387,426.7658491210925,165613.77980550643
Subcuenca del Cotahuasi,Reserva Paisajistica,Cusco,1985,0.0,0.34609775390625,29179.47253189142
Subcuenca del Cotahuasi,Reserva Paisajistica,Cusco,1986,0.0,0.34609775390625,29179.47253189134
Subcuenca del Cotahuasi,Reserva Paisajistica,Cusco,1987,0.0,0.34609775390625,29179.47253189142
Subcuenca del Cotahuasi,Reserva Paisajistica,Cusco,1988,0.0,0.0,29179.472531891304
Subcuenca del Cotahuasi,Reserva Paisajistica,Cusco,1989,0.0,0.0,29179.472531891282
Subcuenca del Cotahuasi,Reserva Paisajistica,Cusco,1990,0.0,0.0,29179.472531891297
Subcuenca del Cotahuasi,Reserva Paisajistica,Cusco,1991,0.0,0.0,29179.47253189134
Subcuenca del Cotahuasi,Reserva Paisajistica,Cusco,1992,0.0,0.0,29179.47253189132
Subcuenca del Cotahuasi,Reserva Paisajistica,Cusco,1993,0.0,0.0,29179.472531891326
Subcuenca del Cotahuasi,Reserva Paisajistica,Cusco,1994,0.0,0.0,29179.47253189131
Subcuenca del Cotahuasi,Reserva Paisajistica,Cusco,1995,0.0,0.0,29179.472531891362
Subcuenca del Cotahuasi,Reserva Paisajistica,Cusco,1996,0.0,0.0,29179.472531891355
Subcuenca del Cotahuasi,Reserva Paisajistica,Cusco,1997,0.0,0.0,29179.47253189135
Subcuenca del Cotahuasi,Reserva Paisajistica,Cusco,1998,0.0,0.0,29179.472531891348
Subcuenca del Cotahuasi,Reserva Paisajistica,Cusco,1999,0.0,0.0,29179.47253189134
Subcuenca del Cotahuasi,Reserva Paisajistica,Cusco,2000,0.0,0.0,29179.472531891355
Subcuenca del Cotahuasi,Reserva Paisajistica,Cusco,2001,0.0,0.0,29179.472531891362
Subcuenca del Cotahuasi,Reserva Paisajistica,Cusco,2002,0.0,0.0,29179.472531891326
Subcuenca del Cotahuasi,Reserva Paisajistica,Cusco,2003,0.0,0.0,29179.472531891322
Subcuenca del Cotahuasi,Reserva Paisajistica,Cusco,2004,0.0,0.0,29179.472531891362
Subcuenca del Cotahuasi,Reserva Paisajistica,Cusco,2005,0.0,0.0,29179.472531891362
Subcuenca del Cotahuasi,Reserva Paisajistica,Cusco,2006,0.0,0.0,29179.472531891362
Subcuenca del Cotahuasi,Reserva Paisajistica,Cusco,2007,0.0,0.0,29179.472531891333
Subcuenca del Cotahuasi,Reserva Paisajistica,Cusco,2008,0.0,0.0,29179.47253189133
Subcuenca del Cotahuasi,Reserva Paisajistica,Cusco,2009,0.0,0.0,29179.472531891348
Subcuenca del Cotahuasi,Reserva Paisajistica,Cusco,2010,0.0,0.0,29179.472531891333
Subcuenca del Cotahuasi,Reserva Paisajistica,Cusco,2011,0.0,0.0,29179.47253189135
Subcuenca del Cotahuasi,Reserva Paisajistica,Cusco,2012,0.0,0.0,29179.472531891326
Subcuenca del Cotahuasi,Reserva Paisajistica,Cusco,2013,0.0,0.0,29179.47253189132
Subcuenca del Cotahuasi,Reserva Paisajistica,Cusco,2014,0.0,0.0,29179.47253189135
Subcuenca del Cotahuasi,Reserva Paisajistica,Cusco,2015,0.0,0.0,29179.472531891348
Subcuenca del Cotahuasi,Reserva Paisajistica,Cusco,2016,0.0,0.0,29179.472531891275
Subcuenca del Cotahuasi,Reserva Paisajistica,Cusco,2017,0.0,0.0,29179.47253189135
Subcuenca del Cotahuasi,Reserva Paisajistica,Cusco,2018,0.0,0.0,29179.472531891355
Subcuenca del Cotahuasi,Reserva Paisajistica,Cusco,2019,0.0,0.0,29179.472531891326
Subcuenca del Cotahuasi,Reserva Paisajistica,Cusco,2020,0.0,0.0,29179.472531891355
Subcuenca del Cotahuasi,Reserva Paisajistica,Cusco,2021,0.0,0.0,29179.47253189137
Subcuenca del Cotahuasi,Reserva Paisajistica,Cusco,2022,0.0,0.0,29179.47253189134
Subcuenca del Cotahuasi,Reserva Paisajistica,Cusco,2023,0.0,0.0,29179.472531891355
Subcuenca del Cotahuasi,Reserva Paisajistica,Cusco,2024,0.0,0.0,29179.472531891384
Subcuenca del Cotahuasi,Reserva Paisajistica,Cusco,2025,0.0,0.0,29179.47253189137
Sunchubamba,Coto de Caza,Cajamarca,1985,0.0,2596.524499890141,23072.2292215027
Sunchubamba,Coto de Caza,Cajamarca,1986,0.0,2596.524499890141,23072.2292215027
Sunchubamba,Coto de Caza,Cajamarca,1987,0.0,2524.170351843189,23072.229221502676
Sunchubamba,Coto de Caza,Cajamarca,1988,0.0,2502.7102378966642,23072.229221502785
Sunchubamba,Coto de Caza,Cajamarca,1989,0.0,2486.036314178399,23072.229221502756
Sunchubamba,Coto de Caza,Cajamarca,1990,0.0,2550.235638079836,23072.22922150289
Sunchubamba,Coto de Caza,Cajamarca,1991,0.0,2534.893982592773,23072.22922150282
Sunchubamba,Coto de Caza,Cajamarca,1992,0.0,2569.835884552003,23072.229221502854
Sunchubamba,Coto de Caza,Cajamarca,1993,0.0,2551.3924092346147,23072.229221502676
Sunchubamba,Coto de Caza,Cajamarca,1994,0.0,2543.5833177917516,23072.22922150262
Sunchubamba,Coto de Caza,Cajamarca,1995,0.0,2553.073915332026,23072.229221502752
Sunchubamba,Coto de Caza,Cajamarca,1996,0.0,2535.867150653066,23072.22922150264
Sunchubamba,Coto de Caza,Cajamarca,1997,0.0,2525.5810340881153,23072.229221502665
Sunchubamba,Coto de Caza,Cajamarca,1998,0.0,2504.3860648009954,23072.22922150266
Sunchubamba,Coto de Caza,Cajamarca,1999,0.0,2541.808233374028,23072.229221502665
Sunchubamba,Coto de Caza,Cajamarca,2000,0.0,2538.3484651245158,23072.229221502657
Sunchubamba,Coto de Caza,Cajamarca,2001,0.0,2508.733129785151,23072.22922150268
Sunchubamba,Coto de Caza,Cajamarca,2002,0.0,2468.123247888113,23072.2292215026
Sunchubamba,Coto de Caza,Cajamarca,2003,0.0,2433.8048631468723,23072.229221502632
Sunchubamba,Coto de Caza,Cajamarca,2004,0.0,2447.9105229857505,23072.229221502683
Sunchubamba,Coto de Caza,Cajamarca,2005,0.0,2457.9286178954117,23072.229221502683
Sunchubamba,Coto de Caza,Cajamarca,2006,0.0,2479.3881994384064,23072.22922150272
Sunchubamba,Coto de Caza,Cajamarca,2007,0.0,2485.0579681640306,23072.229221502617
Sunchubamba,Coto de Caza,Cajamarca,2008,0.0,2522.3900926330543,23072.229221502617
Sunchubamba,Coto de Caza,Cajamarca,2009,0.0,2536.222610699461,23072.229221502712
Sunchubamba,Coto de Caza,Cajamarca,2010,0.0,2474.330238684012,23072.229221502606
Sunchubamba,Coto de Caza,Cajamarca,2011,0.0,2481.1600818663933,23072.229221502737
Sunchubamba,Coto de Caza,Cajamarca,2012,0.0,2465.729950720155,23072.229221502752
Sunchubamba,Coto de Caza,Cajamarca,2013,0.0,2454.2862590270715,23072.229221502726
Sunchubamba,Coto de Caza,Cajamarca,2014,0.0,2471.4950602355702,23072.229221502723
Sunchubamba,Coto de Caza,Cajamarca,2015,0.0,2487.89813908081,23072.229221502763
Sunchubamba,Coto de Caza,Cajamarca,2016,0.0,2489.043722143557,23072.22922150271
Sunchubamba,Coto de Caza,Cajamarca,2017,0.0,2519.3748290527387,23072.229221502777
Sunchubamba,Coto de Caza,Cajamarca,2018,0.0,2536.5793264648482,23072.229221502705
Sunchubamba,Coto de Caza,Cajamarca,2019,0.0,2506.1528385925358,23072.22922150264
Sunchubamba,Coto de Caza,Cajamarca,2020,0.0,2530.0084369750975,23072.2292215026
Sunchubamba,Coto de Caza,Cajamarca,2021,0.0,2555.196867144778,23072.22922150259
Sunchubamba,Coto de Caza,Cajamarca,2022,0.0,2589.867675622545,23072.229221502603
Sunchubamba,Coto de Caza,Cajamarca,2023,0.0,2685.4508300840585,23072.229221502435
Sunchubamba,Coto de Caza,Cajamarca,2024,0.0,2744.8525623351015,23072.229221502676
Sunchubamba,Coto de Caza,Cajamarca,2025,0.0,2706.806370458889,23072.22922150267
Sunchubamba,Coto de Caza,La Libertad,1985,0.0,2447.249544287066,5293.9321074157215
Sunchubamba,Coto de Caza,La Libertad,1986,0.0,2447.249544287066,5293.9321074157215
Sunchubamba,Coto de Caza,La Libertad,1987,0.0,2447.509905511431,5293.932107415724
Sunchubamba,Coto de Caza,La Libertad,1988,0.0,2452.0287754027895,5293.932107415731
Sunchubamba,Coto de Caza,La Libertad,1989,0.0,2440.5036650268053,5293.932107415714
Sunchubamba,Coto de Caza,La Libertad,1990,0.0,2485.267774267541,5293.932107415723
Sunchubamba,Coto de Caza,La Libertad,1991,0.0,2495.5510860229,5293.932107415713
Sunchubamba,Coto de Caza,La Libertad,1992,0.0,2485.711018481405,5293.932107415728
Sunchubamba,Coto de Caza,La Libertad,1993,0.0,2471.6165168090383,5293.932107415724
Sunchubamba,Coto de Caza,La Libertad,1994,0.0,2475.6950274352503,5293.932107415713
Sunchubamba,Coto de Caza,La Libertad,1995,0.0,2463.1963764037605,5293.932107415709
Sunchubamba,Coto de Caza,La Libertad,1996,0.0,2444.227175909376,5293.932107415711
Sunchubamba,Coto de Caza,La Libertad,1997,0.0,2430.929234637405,5293.932107415725
Sunchubamba,Coto de Caza,La Libertad,1998,0.0,2388.0225463195275,5293.932107415712
Sunchubamba,Coto de Caza,La Libertad,1999,0.0,2383.767199871774,5293.932107415725
Sunchubamba,Coto de Caza,La Libertad,2000,0.0,2373.1293877868093,5293.9321074157215
Sunchubamba,Coto de Caza,La Libertad,2001,0.0,2361.959864062438,5293.932107415719
Sunchubamba,Coto de Caza,La Libertad,2002,0.0,2349.815038415458,5293.932107415704
Sunchubamba,Coto de Caza,La Libertad,2003,0.0,2331.287417541445,5293.932107415706
Sunchubamba,Coto de Caza,La Libertad,2004,0.0,2322.86595101312,5293.932107415689
Sunchubamba,Coto de Caza,La Libertad,2005,0.0,2316.0398409362097,5293.932107415684
Sunchubamba,Coto de Caza,La Libertad,2006,0.0,2330.578629150328,5293.932107415691
Sunchubamba,Coto de Caza,La Libertad,2007,0.0,2334.125466949401,5293.932107415701
Sunchubamba,Coto de Caza,La Libertad,2008,0.0,2348.219620074396,5293.932107415707
Sunchubamba,Coto de Caza,La Libertad,2009,0.0,2351.8539968383025,5293.932107415699
Sunchubamba,Coto de Caza,La Libertad,2010,0.0,2344.2299101867006,5293.932107415691
Sunchubamba,Coto de Caza,La Libertad,2011,0.0,2352.4746663268384,5293.932107415693
Sunchubamba,Coto de Caza,La Libertad,2012,0.0,2357.262252044617,5293.932107415696
Sunchubamba,Coto de Caza,La Libertad,2013,0.0,2335.89655517571,5293.932107415692
Sunchubamba,Coto de Caza,La Libertad,2014,0.0,2311.075797796568,5293.9321074157
Sunchubamba,Coto de Caza,La Libertad,2015,0.0,2312.0503078917845,5293.9321074157015
Sunchubamba,Coto de Caza,La Libertad,2016,0.0,2308.9472461547234,5293.932107415698
Sunchubamba,Coto de Caza,La Libertad,2017,0.0,2302.298822753845,5293.932107415697
Sunchubamba,Coto de Caza,La Libertad,2018,0.0,2290.685791741871,5293.932107415683
Sunchubamba,Coto de Caza,La Libertad,2019,0.0,2284.391863311695,5293.93210741568
Sunchubamba,Coto de Caza,La Libertad,2020,0.0,2294.8525417968076,5293.9321074156915
Sunchubamba,Coto de Caza,La Libertad,2021,0.0,2292.5481328185333,5293.932107415687
Sunchubamba,Coto de Caza,La Libertad,2022,0.0,2303.629507830739,5293.932107415691
Sunchubamba,Coto de Caza,La Libertad,2023,0.0,2335.543894934021,5293.932107415701
Sunchubamba,Coto de Caza,La Libertad,2024,0.0,2372.4216649108253,5293.9321074157
Sunchubamba,Coto de Caza,La Libertad,2025,0.0,2374.903601049744,5293.932107415699
Tabaconas-Namballe,Santuario Nacional,Cajamarca,1985,0.0,23999.20725537722,27468.831346508814
Tabaconas-Namballe,Santuario Nacional,Cajamarca,1986,0.0,24002.59126748049,27468.83134650881
Tabaconas-Namballe,Santuario Nacional,Cajamarca,1987,0.0,24017.10279552616,27468.83134650883
Tabaconas-Namballe,Santuario Nacional,Cajamarca,1988,0.0,24017.45906924443,27468.831346508836
Tabaconas-Namballe,Santuario Nacional,Cajamarca,1989,0.0,23996.88826107166,27468.831346508683
Tabaconas-Namballe,Santuario Nacional,Cajamarca,1990,0.0,23978.45517342518,27468.831346508683
Tabaconas-Namballe,Santuario Nacional,Cajamarca,1991,0.0,23747.65755415643,27468.831346508738
Tabaconas-Namballe,Santuario Nacional,Cajamarca,1992,0.0,23747.9247138244,27468.831346508738
Tabaconas-Namballe,Santuario Nacional,Cajamarca,1993,0.0,23745.876493518,27468.831346508738
Tabaconas-Namballe,Santuario Nacional,Cajamarca,1994,0.0,23743.5611242431,27468.83134650874
Tabaconas-Namballe,Santuario Nacional,Cajamarca,1995,0.0,23744.45165308221,27468.831346508738
Tabaconas-Namballe,Santuario Nacional,Cajamarca,1996,0.0,23433.44473497267,27468.831346508312
Tabaconas-Namballe,Santuario Nacional,Cajamarca,1997,0.0,23277.08275982656,27468.83134650869
Tabaconas-Namballe,Santuario Nacional,Cajamarca,1998,0.0,23096.77960124497,27468.831346508636
Tabaconas-Namballe,Santuario Nacional,Cajamarca,1999,0.0,22931.2534262999,27468.831346508654
Tabaconas-Namballe,Santuario Nacional,Cajamarca,2000,0.0,22733.67161331158,27468.83134650862
Tabaconas-Namballe,Santuario Nacional,Cajamarca,2001,0.0,22595.92532568345,27468.83134650869
Tabaconas-Namballe,Santuario Nacional,Cajamarca,2002,0.0,22605.5449237547,27468.83134650865
Tabaconas-Namballe,Santuario Nacional,Cajamarca,2003,0.0,22588.27025993034,27468.831346508752
Tabaconas-Namballe,Santuario Nacional,Cajamarca,2004,0.0,22470.4714487365,27468.831346508752
Tabaconas-Namballe,Santuario Nacional,Cajamarca,2005,0.0,22460.67281505733,27468.831346508792
Tabaconas-Namballe,Santuario Nacional,Cajamarca,2006,0.0,22429.24067552482,27468.831346508752
Tabaconas-Namballe,Santuario Nacional,Cajamarca,2007,0.0,22185.44782993727,27468.83134650835
Tabaconas-Namballe,Santuario Nacional,Cajamarca,2008,0.0,22084.38252585999,27468.831346508232
Tabaconas-Namballe,Santuario Nacional,Cajamarca,2009,0.0,21983.94092758737,27468.831346508327
Tabaconas-Namballe,Santuario Nacional,Cajamarca,2010,0.0,21899.97289166807,27468.83134650823
Tabaconas-Namballe,Santuario Nacional,Cajamarca,2011,0.0,21741.47908855539,27468.831346508323
Tabaconas-Namballe,Santuario Nacional,Cajamarca,2012,0.0,21742.5461596246,27468.83134650821
Tabaconas-Namballe,Santuario Nacional,Cajamarca,2013,0.0,21793.11887947941,27468.831346508283
Tabaconas-Namballe,Santuario Nacional,Cajamarca,2014,0.0,21766.23063879334,27468.831346508243
Tabaconas-Namballe,Santuario Nacional,Cajamarca,2015,0.0,21891.69657600055,27468.831346508443
Tabaconas-Namballe,Santuario Nacional,Cajamarca,2016,0.0,21982.87984046594,27468.83134650851
Tabaconas-Namballe,Santuario Nacional,Cajamarca,2017,0.0,21895.17310805019,27468.83134650852
Tabaconas-Namballe,Santuario Nacional,Cajamarca,2018,0.0,21830.79952415108,27468.831346508316
Tabaconas-Namballe,Santuario Nacional,Cajamarca,2019,0.0,21684.14962426096,27468.83134650835
Tabaconas-Namballe,Santuario Nacional,Cajamarca,2020,0.0,21621.73486064381,27468.831346508134
Tabaconas-Namballe,Santuario Nacional,Cajamarca,2021,0.0,21457.80994005664,27468.831346508123
Tabaconas-Namballe,Santuario Nacional,Cajamarca,2022,0.0,21367.08054379197,27468.831346508097
Tabaconas-Namballe,Santuario Nacional,Cajamarca,2023,0.0,21235.04014142378,27468.831346508076
Tabaconas-Namballe,Santuario Nacional,Cajamarca,2024,0.0,20725.64859776501,27468.831346507784
Tabaconas-Namballe,Santuario Nacional,Cajamarca,2025,0.0,20539.01704152101,27468.831346507664
Tabaconas-Namballe,Santuario Nacional,Piura,1985,0.0,13568.57078611412,17522.844502184693
Tabaconas-Namballe,Santuario Nacional,Piura,1986,0.0,13576.67539755821,17522.844502184693
Tabaconas-Namballe,Santuario Nacional,Piura,1987,0.0,13608.82621751671,17522.844502184704
Tabaconas-Namballe,Santuario Nacional,Piura,1988,0.0,13616.48502786826,17522.844502184693
Tabaconas-Namballe,Santuario Nacional,Piura,1989,0.0,13624.67883850057,17522.844502184682
Tabaconas-Namballe,Santuario Nacional,Piura,1990,0.0,13624.23353471028,17522.844502184675
Tabaconas-Namballe,Santuario Nacional,Piura,1991,0.0,13546.12700093333,17522.84450218459
Tabaconas-Namballe,Santuario Nacional,Piura,1992,0.0,13547.64092488351,17522.844502184576
Tabaconas-Namballe,Santuario Nacional,Piura,1993,0.0,13544.79106918894,17522.844502184587
Tabaconas-Namballe,Santuario Nacional,Piura,1994,0.0,13541.22867029369,17522.844502184602
Tabaconas-Namballe,Santuario Nacional,Piura,1995,0.0,13542.20829712474,17522.844502184595
Tabaconas-Namballe,Santuario Nacional,Piura,1996,0.0,13563.48774470167,17522.84450218461
Tabaconas-Namballe,Santuario Nacional,Piura,1997,0.0,13542.55881744953,17522.84450218466
Tabaconas-Namballe,Santuario Nacional,Piura,1998,0.0,13527.24040606656,17522.844502184744
Tabaconas-Namballe,Santuario Nacional,Piura,1999,0.0,13511.38558167687,17522.844502184696
Tabaconas-Namballe,Santuario Nacional,Piura,2000,0.0,13502.47657504843,17522.844502184682
Tabaconas-Namballe,Santuario Nacional,Piura,2001,0.0,13427.22235900837,17522.84450218465
Tabaconas-Namballe,Santuario Nacional,Piura,2002,0.0,13437.72930477863,17522.844502184656
Tabaconas-Namballe,Santuario Nacional,Piura,2003,0.0,13410.29997640949,17522.844502184664
Tabaconas-Namballe,Santuario Nacional,Piura,2004,0.0,13359.62703298906,17522.844502184642
Tabaconas-Namballe,Santuario Nacional,Piura,2005,0.0,13315.72300880082,17522.844502184627
Tabaconas-Namballe,Santuario Nacional,Piura,2006,0.0,13270.92976173662,17522.844502184627
Tabaconas-Namballe,Santuario Nacional,Piura,2007,0.0,13197.81322792924,17522.844502184613
Tabaconas-Namballe,Santuario Nacional,Piura,2008,0.0,13154.08737373002,17522.84450218463
Tabaconas-Namballe,Santuario Nacional,Piura,2009,0.0,13137.69797935738,17522.84450218454
Tabaconas-Namballe,Santuario Nacional,Piura,2010,0.0,13149.09461227361,17522.84450218451
Tabaconas-Namballe,Santuario Nacional,Piura,2011,0.0,13149.62859143006,17522.84450218447
Tabaconas-Namballe,Santuario Nacional,Piura,2012,0.0,13182.03956818791,17522.84450218451
Tabaconas-Namballe,Santuario Nacional,Piura,2013,0.0,13252.03623045,17522.844502184635
Tabaconas-Namballe,Santuario Nacional,Piura,2014,0.0,13249.54291552083,17522.84450218465
Tabaconas-Namballe,Santuario Nacional,Piura,2015,0.0,13297.54799269979,17522.84450218466
Tabaconas-Namballe,Santuario Nacional,Piura,2016,0.0,13357.3053938045,17522.84450218464
Tabaconas-Namballe,Santuario Nacional,Piura,2017,0.0,13257.47220039014,17522.844502184584
Tabaconas-Namballe,Santuario Nacional,Piura,2018,0.0,13236.72652469423,17522.84450218448
Tabaconas-Namballe,Santuario Nacional,Piura,2019,0.0,13254.18333377631,17522.84450218453
Tabaconas-Namballe,Santuario Nacional,Piura,2020,0.0,13242.3385190302,17522.844502184522
Tabaconas-Namballe,Santuario Nacional,Piura,2021,0.0,13230.13803806097,17522.844502184533
Tabaconas-Namballe,Santuario Nacional,Piura,2022,0.0,13346.71544201622,17522.844502184693
Tabaconas-Namballe,Santuario Nacional,Piura,2023,0.0,13280.81810253241,17522.84450218452
Tabaconas-Namballe,Santuario Nacional,Piura,2024,0.0,13195.32858479582,17522.844502184736
Tabaconas-Namballe,Santuario Nacional,Piura,2025,0.0,13163.2690768247,17522.844502184806
Tambopata,Reserva Nacional,Madre de Dios,1985,0.0,217639.9616912417,231243.8422634098
Tambopata,Reserva Nacional,Madre de Dios,1986,0.0,217416.4581035032,231243.84226341566
Tambopata,Reserva Nacional,Madre de Dios,1987,0.0,216492.284058653,231243.8422634141
Tambopata,Reserva Nacional,Madre de Dios,1988,0.0,216022.17238932007,231243.84226341062
Tambopata,Reserva Nacional,Madre de Dios,1989,0.0,215713.3941534182,231243.84226340352
Tambopata,Reserva Nacional,Madre de Dios,1990,0.0,214987.80933008072,231243.84226340643
Tambopata,Reserva Nacional,Madre de Dios,1991,0.0,213503.08012210723,231243.84226339762
Tambopata,Reserva Nacional,Madre de Dios,1992,0.0,213444.0493964217,231243.84226339572
Tambopata,Reserva Nacional,Madre de Dios,1993,0.0,214431.79689321155,231243.84226340833
Tambopata,Reserva Nacional,Madre de Dios,1994,0.0,214891.067588687,231243.84226340026
Tambopata,Reserva Nacional,Madre de Dios,1995,0.0,214048.72643167077,231243.84226340347
Tambopata,Reserva Nacional,Madre de Dios,1996,0.0,214133.58808824024,231243.8422634174
Tambopata,Reserva Nacional,Madre de Dios,1997,0.0,214290.71463490656,231243.84226341048
Tambopata,Reserva Nacional,Madre de Dios,1998,5.22972133178711,214249.38588909552,231243.8422634125
Tambopata,Reserva Nacional,Madre de Dios,1999,8.454676733398427,213857.26386860336,231243.84226341534
Tambopata,Reserva Nacional,Madre de Dios,2000,12.8126754699707,213357.14912928568,231243.84226341016
Tambopata,Reserva Nacional,Madre de Dios,2001,22.57099810180664,212677.80215746793,231243.8422633941
Tambopata,Reserva Nacional,Madre de Dios,2002,58.47180383300771,212301.78397246398,231243.84226339374
Tambopata,Reserva Nacional,Madre de Dios,2003,138.638432568359,211729.85067578623,231243.84226339578
Tambopata,Reserva Nacional,Madre de Dios,2004,118.9462478210446,211690.08626499385,231243.84226339438
Tambopata,Reserva Nacional,Madre de Dios,2005,153.0180174743657,211399.74054311964,231243.8422633955
Tambopata,Reserva Nacional,Madre de Dios,2006,193.8893369750971,211366.18748984172,231243.8422633951
Tambopata,Reserva Nacional,Madre de Dios,2007,293.4203128906242,210309.72006721207,231243.84226339764
Tambopata,Reserva Nacional,Madre de Dios,2008,456.7035373474108,209504.04199543496,231243.842263397
Tambopata,Reserva Nacional,Madre de Dios,2009,548.2415986938465,209006.78060426202,231243.84226339858
Tambopata,Reserva Nacional,Madre de Dios,2010,1009.16176394653,208195.06825021785,231243.84226340053
Tambopata,Reserva Nacional,Madre de Dios,2011,2572.199281158424,206936.1351981794,231243.84226339488
Tambopata,Reserva Nacional,Madre de Dios,2012,3314.741235150198,205272.42275091814,231243.84226339936
Tambopata,Reserva Nacional,Madre de Dios,2013,4953.898806176679,203806.3975753627,231243.8422633994
Tambopata,Reserva Nacional,Madre de Dios,2014,6543.848861462432,200932.53179269994,231243.8422633966
Tambopata,Reserva Nacional,Madre de Dios,2015,8006.78740713492,198926.3773092177,231243.84226339177
Tambopata,Reserva Nacional,Madre de Dios,2016,8714.08405398021,196980.31113799862,231243.84226339599
Tambopata,Reserva Nacional,Madre de Dios,2017,11168.79577737524,194029.70297686808,231243.84226339837
Tambopata,Reserva Nacional,Madre de Dios,2018,12922.06585143082,191396.77802306856,231243.84226339695
Tambopata,Reserva Nacional,Madre de Dios,2019,13339.27579026066,189304.45871393703,231243.8422633958
Tambopata,Reserva Nacional,Madre de Dios,2020,13522.22248965659,189793.6003685398,231243.84226339663
Tambopata,Reserva Nacional,Madre de Dios,2021,13411.32697060849,189466.87808119197,231243.84226340274
Tambopata,Reserva Nacional,Madre de Dios,2022,13991.52103905317,187823.06467379673,231243.84226340576
Tambopata,Reserva Nacional,Madre de Dios,2023,17558.42041326747,185455.21381625714,231243.84226339887
Tambopata,Reserva Nacional,Madre de Dios,2024,18834.35943669085,184067.9566472754,231243.84226339724
Tambopata,Reserva Nacional,Madre de Dios,2025,20728.63586656328,180195.9121747899,231243.84226339293
Tambopata,Reserva Nacional,Puno,1985,0.0,448.8906626953132,449.4133223815925
Tambopata,Reserva Nacional,Puno,1986,0.0,448.8906626953132,449.4133223815925
Tambopata,Reserva Nacional,Puno,1987,0.0,449.0648824646003,449.4133223815925
Tambopata,Reserva Nacional,Puno,1988,0.0,449.0648824646003,449.4133223815925
Tambopata,Reserva Nacional,Puno,1989,0.0,449.1519924438483,449.4133223815925
Tambopata,Reserva Nacional,Puno,1990,0.0,449.3262124023445,449.41332238159254
Tambopata,Reserva Nacional,Puno,1991,0.0,449.2390914184577,449.4133223815925
Tambopata,Reserva Nacional,Puno,1992,0.0,449.2390914184577,449.4133223815925
Tambopata,Reserva Nacional,Puno,1993,0.0,449.3262013977058,449.41332238159254
Tambopata,Reserva Nacional,Puno,1994,0.0,449.3262013977058,449.41332238159254
Tambopata,Reserva Nacional,Puno,1995,0.0,449.3262013977058,449.41332238159254
Tambopata,Reserva Nacional,Puno,1996,0.0,449.4133223815925,449.4133223815925
Tambopata,Reserva Nacional,Puno,1997,0.0,449.4133223815925,449.4133223815925
Tambopata,Reserva Nacional,Puno,1998,0.0,449.4133223815925,449.4133223815925
Tambopata,Reserva Nacional,Puno,1999,0.0,449.4133223815925,449.4133223815925
Tambopata,Reserva Nacional,Puno,2000,0.0,449.4133223815925,449.4133223815925
Tambopata,Reserva Nacional,Puno,2001,0.0,448.9777734191902,449.41332238159254
Tambopata,Reserva Nacional,Puno,2002,0.0,448.6293340637214,449.4133223815925
Tambopata,Reserva Nacional,Puno,2003,0.0,448.6293340637214,449.4133223815925
Tambopata,Reserva Nacional,Puno,2004,0.0,449.151993469239,449.41332238159254
Tambopata,Reserva Nacional,Puno,2005,0.0,449.4133223815925,449.4133223815925
Tambopata,Reserva Nacional,Puno,2006,0.0,449.4133223815925,449.4133223815925
Tambopata,Reserva Nacional,Puno,2007,0.0,449.4133223815925,449.4133223815925
Tambopata,Reserva Nacional,Puno,2008,0.0,449.4133223815925,449.4133223815925
Tambopata,Reserva Nacional,Puno,2009,0.0,449.4133223815925,449.4133223815925
Tambopata,Reserva Nacional,Puno,2010,0.0,449.2391023315437,449.4133223815925
Tambopata,Reserva Nacional,Puno,2011,0.0,449.2391023315437,449.4133223815925
Tambopata,Reserva Nacional,Puno,2012,0.0,449.3262124023445,449.41332238159254
Tambopata,Reserva Nacional,Puno,2013,0.0,449.3262124023445,449.41332238159254
Tambopata,Reserva Nacional,Puno,2014,0.0,449.4133223815925,449.4133223815925
Tambopata,Reserva Nacional,Puno,2015,0.0,449.4133223815925,449.4133223815925
Tambopata,Reserva Nacional,Puno,2016,0.0,449.4133223815925,449.4133223815925
Tambopata,Reserva Nacional,Puno,2017,0.0,449.3262026062019,449.41332238159254
Tambopata,Reserva Nacional,Puno,2018,3.658822064208984,445.6673805419932,449.4133223815928
Tambopata,Reserva Nacional,Puno,2019,3.65882280883789,444.7091127136238,449.4133223815926
Tambopata,Reserva Nacional,Puno,2020,2.090755816650391,445.4060300720224,449.4133223815927
Tambopata,Reserva Nacional,Puno,2021,1.916526342773437,445.8415291076671,449.4133223815929
Tambopata,Reserva Nacional,Puno,2022,1.916526342773437,445.8415291076671,449.4133223815929
Tambopata,Reserva Nacional,Puno,2023,0.0,446.2771025268566,449.41332238159293
Tambopata,Reserva Nacional,Puno,2024,0.0,445.9286261413584,449.41332238159276
Tambopata,Reserva Nacional,Puno,2025,1.393837994384765,446.3642254760753,449.4133223815929
Tuntanain,Reserva Comunal,Amazonas,1985,0.0,283380.22230397013,287520.8690698393
Tuntanain,Reserva Comunal,Amazonas,1986,0.0,283382.61396668956,287520.86906983895
Tuntanain,Reserva Comunal,Amazonas,1987,0.0,283442.1727383168,287520.86906984146
Tuntanain,Reserva Comunal,Amazonas,1988,0.0,283369.4310659343,287520.8690698405
Tuntanain,Reserva Comunal,Amazonas,1989,0.0,283458.9998552334,287520.8690698391
Tuntanain,Reserva Comunal,Amazonas,1990,0.0,283508.98085616255,287520.86906984047
Tuntanain,Reserva Comunal,Amazonas,1991,0.0,283357.25291968614,287520.86906983866
Tuntanain,Reserva Comunal,Amazonas,1992,0.0,283298.4296094467,287520.869069841
Tuntanain,Reserva Comunal,Amazonas,1993,0.0,283414.9775483955,287520.86906983715
Tuntanain,Reserva Comunal,Amazonas,1994,0.0,283562.60753574775,287520.86906983587
Tuntanain,Reserva Comunal,Amazonas,1995,0.0,283237.08983414236,287520.8690698357
Tuntanain,Reserva Comunal,Amazonas,1996,0.0,282970.33213238366,287520.8690698348
Tuntanain,Reserva Comunal,Amazonas,1997,0.0,283078.6785251095,287520.869069836
Tuntanain,Reserva Comunal,Amazonas,1998,0.0,283270.86619678733,287520.86906983424
Tuntanain,Reserva Comunal,Amazonas,1999,0.0,283102.40504669363,287520.8690698321
Tuntanain,Reserva Comunal,Amazonas,2000,0.0,282891.0100823747,287520.86906983197
Tuntanain,Reserva Comunal,Amazonas,2001,0.0,282877.3958093265,287520.86906983063
Tuntanain,Reserva Comunal,Amazonas,2002,0.0,283108.00227801723,287520.86906983244
Tuntanain,Reserva Comunal,Amazonas,2003,0.0,282921.7255433127,287520.8690698325
Tuntanain,Reserva Comunal,Amazonas,2004,0.0,282970.57189934375,287520.86906983325
Tuntanain,Reserva Comunal,Amazonas,2005,0.0,283168.79543500015,287520.8690698329
Tuntanain,Reserva Comunal,Amazonas,2006,0.0,283046.3957522367,287520.86906983313
Tuntanain,Reserva Comunal,Amazonas,2007,0.0,282840.2134368292,287520.8690698309
Tuntanain,Reserva Comunal,Amazonas,2008,0.0,282868.58502332814,287520.8690698308
Tuntanain,Reserva Comunal,Amazonas,2009,0.0,283050.2218029114,287520.86906983034
Tuntanain,Reserva Comunal,Amazonas,2010,0.0,283111.25140899856,287520.8690698323
Tuntanain,Reserva Comunal,Amazonas,2011,0.0,283010.41273128666,287520.86906983034
Tuntanain,Reserva Comunal,Amazonas,2012,0.0,282884.8853586799,287520.86906983104
Tuntanain,Reserva Comunal,Amazonas,2013,0.0,283023.53748642706,287520.86906983156
Tuntanain,Reserva Comunal,Amazonas,2014,0.0,282865.69421486964,287520.8690698318
Tuntanain,Reserva Comunal,Amazonas,2015,0.0,282450.30488553824,287520.86906983383
Tuntanain,Reserva Comunal,Amazonas,2016,0.0,282521.65534975997,287520.8690698344
Tuntanain,Reserva Comunal,Amazonas,2017,0.0,282321.7093206455,287520.8690698337
Tuntanain,Reserva Comunal,Amazonas,2018,0.0,282267.5687354018,287520.86906983174
Tuntanain,Reserva Comunal,Amazonas,2019,0.0,282194.42044897657,287520.86906983226
Tuntanain,Reserva Comunal,Amazonas,2020,0.0,282427.26791375974,287520.8690698327
Tuntanain,Reserva Comunal,Amazonas,2021,0.0,282329.1435008206,287520.8690698331
Tuntanain,Reserva Comunal,Amazonas,2022,0.0,282080.4731058857,287520.86906983226
Tuntanain,Reserva Comunal,Amazonas,2023,0.0,281948.60679273936,287520.8690698329
Tuntanain,Reserva Comunal,Amazonas,2024,0.0,281842.8481282304,287520.86906983197
Tuntanain,Reserva Comunal,Amazonas,2025,0.0,281453.535304266,287520.86906983
Yaguas,Parque Nacional,Loreto,1985,0.0,240634.30044481417,240899.9600082419
Yaguas,Parque Nacional,Loreto,1986,0.0,240623.67221208705,240899.96000824185
Yaguas,Parque Nacional,Loreto,1987,0.0,240644.56751120838,240899.96000824208
Yaguas,Parque Nacional,Loreto,1988,0.0,240655.9078906883,240899.96000824202
Yaguas,Parque Nacional,Loreto,1989,0.0,240654.03228647678,240899.96000824193
Yaguas,Parque Nacional,Loreto,1990,0.0,240634.2979650534,240899.9600082419
Yaguas,Parque Nacional,Loreto,1991,0.0,240675.1959192894,240899.96000824202
Yaguas,Parque Nacional,Loreto,1992,0.0,240664.21247609478,240899.960008242
Yaguas,Parque Nacional,Loreto,1993,0.0,240639.38885976173,240899.96000824196
Yaguas,Parque Nacional,Loreto,1994,0.0,240610.45666226416,240899.96000824196
Yaguas,Parque Nacional,Loreto,1995,0.0,240611.17053455426,240899.960008242
Yaguas,Parque Nacional,Loreto,1996,0.0,240638.0490188865,240899.96000824196
Yaguas,Parque Nacional,Loreto,1997,0.0,240652.42468211285,240899.960008242
Yaguas,Parque Nacional,Loreto,1998,0.0,240641.263000991,240899.960008242
Yaguas,Parque Nacional,Loreto,1999,0.0,240647.9595969199,240899.96000824193
Yaguas,Parque Nacional,Loreto,2000,0.0,240649.21012076642,240899.960008242
Yaguas,Parque Nacional,Loreto,2001,0.0,240662.60428713614,240899.96000824208
Yaguas,Parque Nacional,Loreto,2002,0.0,240648.40624087126,240899.96000824188
Yaguas,Parque Nacional,Loreto,2003,0.0,240643.0498072349,240899.96000824196
Yaguas,Parque Nacional,Loreto,2004,0.0,240652.7820334496,240899.96000824205
Yaguas,Parque Nacional,Loreto,2005,0.0,240659.0325646507,240899.96000824202
Yaguas,Parque Nacional,Loreto,2006,0.0,240656.53298739245,240899.96000824205
Yaguas,Parque Nacional,Loreto,2007,0.0,240675.01721225205,240899.96000824205
Yaguas,Parque Nacional,Loreto,2008,0.0,240658.85425712503,240899.96000824196
Yaguas,Parque Nacional,Loreto,2009,0.0,240667.5159363914,240899.960008242
Yaguas,Parque Nacional,Loreto,2010,0.0,240657.60413377918,240899.96000824205
Yaguas,Parque Nacional,Loreto,2011,0.0,240641.88855885225,240899.9600082419
Yaguas,Parque Nacional,Loreto,2012,0.0,240645.28174233623,240899.960008242
Yaguas,Parque Nacional,Loreto,2013,0.0,240655.37182229845,240899.96000824205
Yaguas,Parque Nacional,Loreto,2014,0.0,240644.3878868797,240899.960008242
Yaguas,Parque Nacional,Loreto,2015,0.0,240658.31919750595,240899.96000824205
Yaguas,Parque Nacional,Loreto,2016,0.0,240651.53227051618,240899.960008242
Yaguas,Parque Nacional,Loreto,2017,0.0,240650.99741476675,240899.96000824208
Yaguas,Parque Nacional,Loreto,2018,0.0,240640.0147376304,240899.960008242
Yaguas,Parque Nacional,Loreto,2019,0.0,240627.60370941393,240899.96000824205
Yaguas,Parque Nacional,Loreto,2020,0.0,240652.33769593126,240899.96000824205
Yaguas,Parque Nacional,Loreto,2021,0.0,240648.8557832666,240899.96000824217
Yaguas,Parque Nacional,Loreto,2022,0.0,240632.87227492902,240899.96000824202
Yaguas,Parque Nacional,Loreto,2023,0.0,240640.64018146595,240899.96000824205
Yaguas,Parque Nacional,Loreto,2024,0.0,240650.37285284043,240899.96000824205
Yaguas,Parque Nacional,Loreto,2025,0.0,240627.42442236538,240899.96000824185
Yanachaga-Chemillén,Parque Nacional,Huánuco,1985,0.0,6.337564831542972,42.51681951293945
Yanachaga-Chemillén,Parque Nacional,Huánuco,1986,0.0,6.249679962158206,42.516819512939456
Yanachaga-Chemillén,Parque Nacional,Huánuco,1987,0.0,6.425561523437502,42.51681951293947
Yanachaga-Chemillén,Parque Nacional,Huánuco,1988,0.0,7.745959332275397,42.516819512939456
Yanachaga-Chemillén,Parque Nacional,Huánuco,1989,0.0,8.80231436157227,42.51681951293946
Yanachaga-Chemillén,Parque Nacional,Huánuco,1990,0.0,9.506697454833983,42.51681951293945
Yanachaga-Chemillén,Parque Nacional,Huánuco,1991,0.0,10.56301046142578,42.51681951293945
Yanachaga-Chemillén,Parque Nacional,Huánuco,1992,0.0,10.1228948059082,42.51681951293945
Yanachaga-Chemillén,Parque Nacional,Huánuco,1993,0.0,9.94684146118164,42.516819512939456
Yanachaga-Chemillén,Parque Nacional,Huánuco,1994,0.0,10.29895406494141,42.516819512939456
Yanachaga-Chemillén,Parque Nacional,Huánuco,1995,0.0,10.82723441772461,42.516819512939456
Yanachaga-Chemillén,Parque Nacional,Huánuco,1996,0.0,8.362151928710938,42.51681951293945
Yanachaga-Chemillén,Parque Nacional,Huánuco,1997,0.0,9.066453930664064,42.51681951293946
Yanachaga-Chemillén,Parque Nacional,Huánuco,1998,0.0,8.362216644287114,42.51681951293945
Yanachaga-Chemillén,Parque Nacional,Huánuco,1999,0.0,8.71437241821289,42.51681951293948
Yanachaga-Chemillén,Parque Nacional,Huánuco,2000,0.0,9.506705218505857,42.516819512939456
Yanachaga-Chemillén,Parque Nacional,Huánuco,2001,0.0,9.242496838378907,42.51681951293945
Yanachaga-Chemillén,Parque Nacional,Huánuco,2002,0.0,9.946731127929684,42.51681951293945
Yanachaga-Chemillén,Parque Nacional,Huánuco,2003,0.0,9.330578991699214,42.51681951293945
Yanachaga-Chemillén,Parque Nacional,Huánuco,2004,0.0,9.682669421386715,42.51681951293946
Yanachaga-Chemillén,Parque Nacional,Huánuco,2005,0.0,8.978367486572264,42.51681951293945
Yanachaga-Chemillén,Parque Nacional,Huánuco,2006,0.0,11.00308618164062,42.516819512939456
Yanachaga-Chemillén,Parque Nacional,Huánuco,2007,0.0,10.47490477905273,42.51681951293945
Yanachaga-Chemillén,Parque Nacional,Huánuco,2008,0.0,10.12271846923828,42.51681951293945
Yanachaga-Chemillén,Parque Nacional,Huánuco,2009,0.0,10.5628393737793,42.51681951293945
Yanachaga-Chemillén,Parque Nacional,Huánuco,2010,0.0,12.93988797607422,42.516819512939456
Yanachaga-Chemillén,Parque Nacional,Huánuco,2011,0.0,12.14761619262695,42.51681951293945
Yanachaga-Chemillén,Parque Nacional,Huánuco,2012,0.0,10.91520061645508,42.516819512939456
Yanachaga-Chemillén,Parque Nacional,Huánuco,2013,0.0,9.770657623291013,42.51681951293947
Yanachaga-Chemillén,Parque Nacional,Huánuco,2014,0.0,10.29885369262695,42.51681951293945
Yanachaga-Chemillén,Parque Nacional,Huánuco,2015,0.0,10.38673354492188,42.51681951293946
Yanachaga-Chemillén,Parque Nacional,Huánuco,2016,0.0,9.858640545654298,42.516819512939456
Yanachaga-Chemillén,Parque Nacional,Huánuco,2017,0.0,11.97143511352539,42.51681951293945
Yanachaga-Chemillén,Parque Nacional,Huánuco,2018,0.0,12.14739219970703,42.51681951293946
Yanachaga-Chemillén,Parque Nacional,Huánuco,2019,0.0,12.58753034057617,42.516819512939456
Yanachaga-Chemillén,Parque Nacional,Huánuco,2020,0.0,12.41147653808594,42.51681951293946
Yanachaga-Chemillén,Parque Nacional,Huánuco,2021,0.0,11.6191017150879,42.51681951293948
Yanachaga-Chemillén,Parque Nacional,Huánuco,2022,0.0,11.09112203979492,42.51681951293945
Yanachaga-Chemillén,Parque Nacional,Huánuco,2023,0.0,10.29881643066406,42.51681951293945
Yanachaga-Chemillén,Parque Nacional,Huánuco,2024,0.0,10.65092883911133,42.51681951293946
Yanachaga-Chemillén,Parque Nacional,Huánuco,2025,0.0,9.682605346679688,42.51681951293946
Yanachaga-Chemillén,Parque Nacional,Pasco,1985,0.0,48201.79035462331,60776.668368374834
Yanachaga-Chemillén,Parque Nacional,Pasco,1986,0.0,48198.35778191827,60776.66836837487
Yanachaga-Chemillén,Parque Nacional,Pasco,1987,0.0,48448.81924331279,60776.66836837423
Yanachaga-Chemillén,Parque Nacional,Pasco,1988,0.0,48595.52104950755,60776.668368373896
Yanachaga-Chemillén,Parque Nacional,Pasco,1989,0.0,48711.68417365357,60776.6683683743
Yanachaga-Chemillén,Parque Nacional,Pasco,1990,0.0,48450.817356270614,60776.66836837413
Yanachaga-Chemillén,Parque Nacional,Pasco,1991,0.0,48373.09331498654,60776.66836837429
Yanachaga-Chemillén,Parque Nacional,Pasco,1992,0.0,48351.5338105434,60776.6683683745
Yanachaga-Chemillén,Parque Nacional,Pasco,1993,0.0,48352.493343197384,60776.66836837467
Yanachaga-Chemillén,Parque Nacional,Pasco,1994,0.0,48875.22114424615,60776.66836837366
Yanachaga-Chemillén,Parque Nacional,Pasco,1995,0.0,49100.64020006296,60776.66836837382
Yanachaga-Chemillén,Parque Nacional,Pasco,1996,0.0,48854.98220642276,60776.668368373794
Yanachaga-Chemillén,Parque Nacional,Pasco,1997,0.0,48594.80220169888,60776.66836837402
Yanachaga-Chemillén,Parque Nacional,Pasco,1998,0.0,48307.97253064779,60776.66836837396
Yanachaga-Chemillén,Parque Nacional,Pasco,1999,0.0,48248.44614466757,60776.66836837394
Yanachaga-Chemillén,Parque Nacional,Pasco,2000,0.0,48507.04513018412,60776.66836837405
Yanachaga-Chemillén,Parque Nacional,Pasco,2001,0.0,48256.64464508322,60776.66836837454
Yanachaga-Chemillén,Parque Nacional,Pasco,2002,0.0,48328.532368324566,60776.668368373685
Yanachaga-Chemillén,Parque Nacional,Pasco,2003,0.0,48119.52290984143,60776.66836837452
Yanachaga-Chemillén,Parque Nacional,Pasco,2004,0.0,48241.876464094734,60776.66836837367
Yanachaga-Chemillén,Parque Nacional,Pasco,2005,0.0,48081.52555930356,60776.668368373816
Yanachaga-Chemillén,Parque Nacional,Pasco,2006,0.0,48432.67155202218,60776.66836837382
Yanachaga-Chemillén,Parque Nacional,Pasco,2007,0.0,48496.30100658212,60776.66836837449
Yanachaga-Chemillén,Parque Nacional,Pasco,2008,0.0,48771.62561129998,60776.66836837428
Yanachaga-Chemillén,Parque Nacional,Pasco,2009,0.0,48656.9020847495,60776.66836837417
Yanachaga-Chemillén,Parque Nacional,Pasco,2010,0.0,48354.68358840598,60776.66836837465
Yanachaga-Chemillén,Parque Nacional,Pasco,2011,0.0,48390.55822208491,60776.66836837437
Yanachaga-Chemillén,Parque Nacional,Pasco,2012,0.0,48317.43901660392,60776.66836837435
Yanachaga-Chemillén,Parque Nacional,Pasco,2013,0.0,48532.73915603264,60776.66836837429
Yanachaga-Chemillén,Parque Nacional,Pasco,2014,0.0,48237.59054637734,60776.66836837479
Yanachaga-Chemillén,Parque Nacional,Pasco,2015,0.0,48316.56779585838,60776.668368374616
Yanachaga-Chemillén,Parque Nacional,Pasco,2016,0.0,48089.8008845002,60776.66836837518
Yanachaga-Chemillén,Parque Nacional,Pasco,2017,0.0,48326.01760406784,60776.668368374856
Yanachaga-Chemillén,Parque Nacional,Pasco,2018,0.0,48817.40667863369,60776.66836837405
Yanachaga-Chemillén,Parque Nacional,Pasco,2019,0.0,48864.96799923354,60776.66836837452
Yanachaga-Chemillén,Parque Nacional,Pasco,2020,0.0,48632.39837190122,60776.66836837377
Yanachaga-Chemillén,Parque Nacional,Pasco,2021,0.0,48504.83947343325,60776.66836837385
Yanachaga-Chemillén,Parque Nacional,Pasco,2022,0.0,48046.28554850729,60776.66836837472
Yanachaga-Chemillén,Parque Nacional,Pasco,2023,0.0,47640.34341392574,60776.66836837567
Yanachaga-Chemillén,Parque Nacional,Pasco,2024,0.0,47316.68782927618,60776.6683683758
Yanachaga-Chemillén,Parque Nacional,Pasco,2025,0.0,47059.96974423015,60776.668368376166
Yanesha,Reserva Comunal,Pasco,1985,0.0,41689.14643680012,50989.59257896831
Yanesha,Reserva Comunal,Pasco,1986,0.0,41685.888062209524,50989.592578968986
Yanesha,Reserva Comunal,Pasco,1987,0.0,41252.25308720077,50989.59257897214
Yanesha,Reserva Comunal,Pasco,1988,0.0,40775.592994024206,50989.59257897181
Yanesha,Reserva Comunal,Pasco,1989,0.0,40310.18887009347,50989.59257897277
Yanesha,Reserva Comunal,Pasco,1990,0.0,40539.72877236673,50989.592578969554
Yanesha,Reserva Comunal,Pasco,1991,0.0,40427.25004385648,50989.592578968775
Yanesha,Reserva Comunal,Pasco,1992,0.0,40405.25837358697,50989.59257896898
Yanesha,Reserva Comunal,Pasco,1993,0.0,41007.15424741686,50989.592578970914
Yanesha,Reserva Comunal,Pasco,1994,0.0,41118.75187731664,50989.59257896969
Yanesha,Reserva Comunal,Pasco,1995,0.0,41331.7517658641,50989.59257896739
Yanesha,Reserva Comunal,Pasco,1996,0.0,40854.23063835307,50989.592578970856
Yanesha,Reserva Comunal,Pasco,1997,0.0,41718.16399396272,50989.592578971395
Yanesha,Reserva Comunal,Pasco,1998,0.0,41405.329434545245,50989.59257897174
Yanesha,Reserva Comunal,Pasco,1999,0.0,41403.83579648406,50989.59257897208
Yanesha,Reserva Comunal,Pasco,2000,0.0,40677.15122071384,50989.59257897091
Yanesha,Reserva Comunal,Pasco,2001,0.0,40556.975378026335,50989.59257897124
Yanesha,Reserva Comunal,Pasco,2002,0.0,40044.799033683856,50989.59257897055
Yanesha,Reserva Comunal,Pasco,2003,0.0,39389.14799334798,50989.59257897283
Yanesha,Reserva Comunal,Pasco,2004,0.0,39459.045105426936,50989.59257897292
Yanesha,Reserva Comunal,Pasco,2005,0.0,39594.77860226475,50989.59257897233
Yanesha,Reserva Comunal,Pasco,2006,0.0,39463.198975573854,50989.5925789722
Yanesha,Reserva Comunal,Pasco,2007,0.0,39516.03730477868,50989.592578971686
Yanesha,Reserva Comunal,Pasco,2008,0.0,40071.67549103217,50989.59257897026
Yanesha,Reserva Comunal,Pasco,2009,0.0,39893.88500565182,50989.59257897206
Yanesha,Reserva Comunal,Pasco,2010,0.0,39372.35402325611,50989.59257897427
Yanesha,Reserva Comunal,Pasco,2011,0.0,39279.97573085796,50989.592578971125
Yanesha,Reserva Comunal,Pasco,2012,0.0,39152.43560115733,50989.59257897022
Yanesha,Reserva Comunal,Pasco,2013,0.0,38190.325567029395,50989.592578967204
Yanesha,Reserva Comunal,Pasco,2014,0.0,38081.69380766648,50989.592578966905
Yanesha,Reserva Comunal,Pasco,2015,0.0,37997.99339540036,50989.59257896882
Yanesha,Reserva Comunal,Pasco,2016,0.0,38131.85803473527,50989.592578966614
Yanesha,Reserva Comunal,Pasco,2017,0.0,38090.89449114567,50989.592578968135
Yanesha,Reserva Comunal,Pasco,2018,0.0,38162.65261233735,50989.592578968346
Yanesha,Reserva Comunal,Pasco,2019,0.0,37627.3294755143,50989.59257896775
Yanesha,Reserva Comunal,Pasco,2020,0.0,37004.121213916544,50989.59257897291
Yanesha,Reserva Comunal,Pasco,2021,0.0,36186.32053362945,50989.59257897102
Yanesha,Reserva Comunal,Pasco,2022,0.0,35697.89662633297,50989.59257896835
Yanesha,Reserva Comunal,Pasco,2023,0.0,34494.38469778518,50989.59257897254
Yanesha,Reserva Comunal,Pasco,2024,0.0,33763.39719799117,50989.5925789712
Yanesha,Reserva Comunal,Pasco,2025,0.0,33065.978959970394,50989.59257896953
de Ampay,Santuario Nacional,Apurímac,1985,0.0,984.3597820129606,5699.371222204618
de Ampay,Santuario Nacional,Apurímac,1986,0.0,962.9702553711116,5699.371222204622
de Ampay,Santuario Nacional,Apurímac,1987,0.0,912.7921463317989,5699.3712222046215
de Ampay,Santuario Nacional,Apurímac,1988,0.0,902.7021841369722,5699.371222204671
de Ampay,Santuario Nacional,Apurímac,1989,0.0,952.9662100708101,5699.37122220467
de Ampay,Santuario Nacional,Apurímac,1990,0.0,1027.492456604009,5699.3712222046515
de Ampay,Santuario Nacional,Apurímac,1991,0.0,1059.927519775399,5699.371222204647
de Ampay,Santuario Nacional,Apurímac,1992,0.0,1086.013938867195,5699.371222204645
de Ampay,Santuario Nacional,Apurímac,1993,0.0,1103.754363238543,5699.371222204648
de Ampay,Santuario Nacional,Apurímac,1994,0.0,1122.453317547627,5699.371222204627
de Ampay,Santuario Nacional,Apurímac,1995,0.0,1162.021888671882,5699.371222204579
de Ampay,Santuario Nacional,Apurímac,1996,0.0,1156.370363800056,5699.371222204569
de Ampay,Santuario Nacional,Apurímac,1997,0.0,1228.724564379879,5699.371222204503
de Ampay,Santuario Nacional,Apurímac,1998,0.0,1225.68059194336,5699.37122220453
de Ampay,Santuario Nacional,Apurímac,1999,0.0,1213.417147051997,5699.371222204521
de Ampay,Santuario Nacional,Apurímac,2000,0.0,1325.416911535654,5699.371222204543
de Ampay,Santuario Nacional,Apurímac,2001,0.0,1307.762000915537,5699.371222204592
de Ampay,Santuario Nacional,Apurímac,2002,0.0,1296.540313159184,5699.3712222046115
de Ampay,Santuario Nacional,Apurímac,2003,0.0,1275.581990356435,5699.371222204605
de Ampay,Santuario Nacional,Apurímac,2004,0.0,1246.102171368405,5699.371222204597
de Ampay,Santuario Nacional,Apurímac,2005,0.0,1224.883720434568,5699.371222204583
de Ampay,Santuario Nacional,Apurímac,2006,0.0,1204.971153948966,5699.371222204549
de Ampay,Santuario Nacional,Apurímac,2007,0.0,1144.013743109132,5699.371222204564
de Ampay,Santuario Nacional,Apurímac,2008,0.0,1134.969035693366,5699.371222204614
de Ampay,Santuario Nacional,Apurímac,2009,0.0,1140.967361132813,5699.371222204625
de Ampay,Santuario Nacional,Apurímac,2010,0.0,1168.181752160643,5699.37122220462
de Ampay,Santuario Nacional,Apurímac,2011,0.0,1238.271008288569,5699.371222204595
de Ampay,Santuario Nacional,Apurímac,2012,0.0,1234.35928118286,5699.371222204625
de Ampay,Santuario Nacional,Apurímac,2013,0.0,1254.619154846183,5699.371222204627
de Ampay,Santuario Nacional,Apurímac,2014,0.0,1189.138550848391,5699.37122220463
de Ampay,Santuario Nacional,Apurímac,2015,0.0,1151.485003430181,5699.371222204643
de Ampay,Santuario Nacional,Apurímac,2016,0.0,1174.618824505618,5699.371222204637
de Ampay,Santuario Nacional,Apurímac,2017,0.0,1165.401859094252,5699.371222204631
de Ampay,Santuario Nacional,Apurímac,2018,0.0,1157.573891198746,5699.37122220465
de Ampay,Santuario Nacional,Apurímac,2019,0.0,1127.048830578628,5699.371222204657
de Ampay,Santuario Nacional,Apurímac,2020,0.0,1159.136807897957,5699.371222204645
de Ampay,Santuario Nacional,Apurímac,2021,0.0,1139.483660449232,5699.371222204638
de Ampay,Santuario Nacional,Apurímac,2022,0.0,1163.833202227791,5699.371222204632
de Ampay,Santuario Nacional,Apurímac,2023,0.0,1192.008871142583,5699.371222204635
de Ampay,Santuario Nacional,Apurímac,2024,0.0,1226.4443507019,5699.3712222046115
de Ampay,Santuario Nacional,Apurímac,2025,0.0,1219.313565588369,5699.371222204613
de Calipuy,Reserva Nacional,La Libertad,1985,0.0,96.4895176818849,28326.976472155548
de Calipuy,Reserva Nacional,La Libertad,1986,0.0,96.4895176818849,28326.976472155377
de Calipuy,Reserva Nacional,La Libertad,1987,0.0,82.24875910644539,28326.97647215517
de Calipuy,Reserva Nacional,La Libertad,1988,0.0,80.03749755859386,28326.976472155136
de Calipuy,Reserva Nacional,La Libertad,1989,0.0,88.70343883667002,28326.976472155104
de Calipuy,Reserva Nacional,La Libertad,1990,0.0,91.798169671631,28326.97647215511
de Calipuy,Reserva Nacional,La Libertad,1991,0.0,97.63540747680682,28326.976472155227
de Calipuy,Reserva Nacional,La Libertad,1992,0.0,89.23519215087902,28326.976472155202
de Calipuy,Reserva Nacional,La Libertad,1993,0.0,78.71367078247073,28326.976472155235
de Calipuy,Reserva Nacional,La Libertad,1994,0.0,80.8366321289063,28326.97647215521
de Calipuy,Reserva Nacional,La Libertad,1995,0.0,81.63268016357426,28326.976472155133
de Calipuy,Reserva Nacional,La Libertad,1996,0.0,80.83654180908208,28326.976472155176
de Calipuy,Reserva Nacional,La Libertad,1997,0.0,78.44801300659186,28326.976472155475
de Calipuy,Reserva Nacional,La Libertad,1998,0.0,73.75980981445318,28326.976472155387
de Calipuy,Reserva Nacional,La Libertad,1999,0.0,73.84765951538088,28326.976472155355
de Calipuy,Reserva Nacional,La Libertad,2000,0.0,99.48763704833993,28326.97647215533
de Calipuy,Reserva Nacional,La Libertad,2001,0.0,108.68356846923847,28326.97647215517
de Calipuy,Reserva Nacional,La Libertad,2002,0.0,126.36862164306648,28326.97647215517
de Calipuy,Reserva Nacional,La Libertad,2003,0.0,127.95914625244141,28326.976472155297
de Calipuy,Reserva Nacional,La Libertad,2004,0.0,128.04716235351563,28326.97647215507
de Calipuy,Reserva Nacional,La Libertad,2005,0.0,128.84189826049808,28326.976472155246
de Calipuy,Reserva Nacional,La Libertad,2006,0.0,140.5159338500976,28326.976472155256
de Calipuy,Reserva Nacional,La Libertad,2007,0.0,134.32816463012693,28326.976472155147
de Calipuy,Reserva Nacional,La Libertad,2008,0.0,121.33459516601565,28326.976472155122
de Calipuy,Reserva Nacional,La Libertad,2009,0.0,128.67688758544924,28326.97647215548
de Calipuy,Reserva Nacional,La Libertad,2010,0.0,147.25024841918935,28326.97647215543
de Calipuy,Reserva Nacional,La Libertad,2011,0.0,132.30604312133772,28326.976472155307
de Calipuy,Reserva Nacional,La Libertad,2012,0.0,123.54908322143541,28326.97647215546
de Calipuy,Reserva Nacional,La Libertad,2013,0.0,126.2011253417966,28326.9764721553
de Calipuy,Reserva Nacional,La Libertad,2014,0.0,137.07893745727506,28326.9764721554
de Calipuy,Reserva Nacional,La Libertad,2015,0.0,137.4339904724119,28326.97647215533
de Calipuy,Reserva Nacional,La Libertad,2016,0.0,141.59049910888646,28326.976472155267
de Calipuy,Reserva Nacional,La Libertad,2017,0.0,150.4307659729005,28326.97647215536
de Calipuy,Reserva Nacional,La Libertad,2018,0.0,139.6384744323728,28326.976472155304
de Calipuy,Reserva Nacional,La Libertad,2019,0.0,151.39657911376895,28326.97647215518
de Calipuy,Reserva Nacional,La Libertad,2020,0.0,168.90313275756773,28326.976472155202
de Calipuy,Reserva Nacional,La Libertad,2021,0.0,186.41269840698143,28326.976472155402
de Calipuy,Reserva Nacional,La Libertad,2022,0.0,186.14807173461844,28326.97647215546
de Calipuy,Reserva Nacional,La Libertad,2023,0.3535783203125,186.32448828735315,28326.976472155155
de Calipuy,Reserva Nacional,La Libertad,2024,0.3535783203125,179.07387384643513,28326.97647215525
de Calipuy,Reserva Nacional,La Libertad,2025,1.237546374511719,146.52791986083986,28326.976472155256
de Calipuy,Reserva Nacional,Áncash,1985,0.0,0.0,8287.510039105162
de Calipuy,Reserva Nacional,Áncash,1986,0.0,0.0,8287.510039105164
de Calipuy,Reserva Nacional,Áncash,1987,0.0,0.0,8287.510039105164
de Calipuy,Reserva Nacional,Áncash,1988,0.0,0.0,8287.51003910514
de Calipuy,Reserva Nacional,Áncash,1989,0.0,0.0,8287.510039105135
de Calipuy,Reserva Nacional,Áncash,1990,0.0,0.0,8287.510039105131
de Calipuy,Reserva Nacional,Áncash,1991,0.0,0.0,8287.510039105133
de Calipuy,Reserva Nacional,Áncash,1992,0.0,0.0,8287.51003910511
de Calipuy,Reserva Nacional,Áncash,1993,0.0,0.0,8287.510039105038
de Calipuy,Reserva Nacional,Áncash,1994,0.0,0.0,8287.510039105031
de Calipuy,Reserva Nacional,Áncash,1995,0.0,0.0,8287.510039105076
de Calipuy,Reserva Nacional,Áncash,1996,0.0,0.0,8287.510039105078
de Calipuy,Reserva Nacional,Áncash,1997,0.0,0.0,8287.51003910514
de Calipuy,Reserva Nacional,Áncash,1998,0.0,0.0,8287.510039105162
de Calipuy,Reserva Nacional,Áncash,1999,0.0,0.0,8287.510039105142
de Calipuy,Reserva Nacional,Áncash,2000,0.0,0.0,8287.510039105171
de Calipuy,Reserva Nacional,Áncash,2001,0.0,0.0,8287.510039105164
de Calipuy,Reserva Nacional,Áncash,2002,0.0,0.0,8287.510039105167
de Calipuy,Reserva Nacional,Áncash,2003,0.2652147521972656,0.0,8287.510039105162
de Calipuy,Reserva Nacional,Áncash,2004,0.0,1.414459399414062,8287.510039105146
de Calipuy,Reserva Nacional,Áncash,2005,0.0,0.7071778381347655,8287.510039105131
de Calipuy,Reserva Nacional,Áncash,2006,0.0,1.325981384277344,8287.510039105115
de Calipuy,Reserva Nacional,Áncash,2007,0.5304296264648437,1.679643975830078,8287.510039105118
de Calipuy,Reserva Nacional,Áncash,2008,0.0,0.6188164123535156,8287.510039105033
de Calipuy,Reserva Nacional,Áncash,2009,0.0,1.149217309570313,8287.510039105035
de Calipuy,Reserva Nacional,Áncash,2010,0.0,1.767987286376953,8287.510039105173
de Calipuy,Reserva Nacional,Áncash,2011,0.0,1.856362982177735,8287.510039105167
de Calipuy,Reserva Nacional,Áncash,2012,0.0,1.944766253662109,8287.510039105093
de Calipuy,Reserva Nacional,Áncash,2013,1.414479864501953,0.44201611328125,8287.510039105098
de Calipuy,Reserva Nacional,Áncash,2014,0.0,0.8840094116210938,8287.510039105122
de Calipuy,Reserva Nacional,Áncash,2015,0.0,1.06080439453125,8287.510039105104
de Calipuy,Reserva Nacional,Áncash,2016,0.0,2.828746057128907,8287.510039105051
de Calipuy,Reserva Nacional,Áncash,2017,0.0,2.033194207763672,8287.51003910509
de Calipuy,Reserva Nacional,Áncash,2018,0.0,1.237612432861328,8287.510039105153
de Calipuy,Reserva Nacional,Áncash,2019,0.0,2.033211517333984,8287.510039105155
de Calipuy,Reserva Nacional,Áncash,2020,0.0,4.773544470214844,8287.51003910515
de Calipuy,Reserva Nacional,Áncash,2021,0.0,4.243093774414063,8287.510039105138
de Calipuy,Reserva Nacional,Áncash,2022,0.0,3.359139660644531,8287.510039105131
de Calipuy,Reserva Nacional,Áncash,2023,0.0,0.8840073669433594,8287.510039105131
de Calipuy,Reserva Nacional,Áncash,2024,0.0,0.1767933715820313,8287.510039105151
de Calipuy,Reserva Nacional,Áncash,2025,13.87958469238281,0.0,8287.510039105156
de Calipuy,Santuario Nacional,La Libertad,1985,0.0,5.573686102294919,10491.778565831999
de Calipuy,Santuario Nacional,La Libertad,1986,0.0,5.573686102294919,10491.77856583202
de Calipuy,Santuario Nacional,La Libertad,1987,0.0,4.069326409912109,10491.778565832119
de Calipuy,Santuario Nacional,La Libertad,1988,0.0,3.98085224609375,10491.778565832059
de Calipuy,Santuario Nacional,La Libertad,1989,0.0,4.777191387939451,10491.778565832488
de Calipuy,Santuario Nacional,La Libertad,1990,0.0,6.193181970214842,10491.778565832337
de Calipuy,Santuario Nacional,La Libertad,1991,0.0,5.839184704589841,10491.778565832203
de Calipuy,Santuario Nacional,La Libertad,1992,0.0,6.281501300048826,10491.778565832079
de Calipuy,Santuario Nacional,La Libertad,1993,0.0,6.989279510498049,10491.77856583213
de Calipuy,Santuario Nacional,La Libertad,1994,0.0,3.980854754638672,10491.778565832248
de Calipuy,Santuario Nacional,La Libertad,1995,0.0,3.980852722167969,10491.778565831999
de Calipuy,Santuario Nacional,La Libertad,1996,0.0,4.334717053222657,10491.778565832083
de Calipuy,Santuario Nacional,La Libertad,1997,0.0,4.334717053222657,10491.778565831619
de Calipuy,Santuario Nacional,La Libertad,1998,0.0,3.538545935058594,10491.778565831773
de Calipuy,Santuario Nacional,La Libertad,1999,0.0,3.538545935058594,10491.778565832325
de Calipuy,Santuario Nacional,La Libertad,2000,0.0,4.246254321289062,10491.778565832084
de Calipuy,Santuario Nacional,La Libertad,2001,0.0,4.246254321289062,10491.778565831866
de Calipuy,Santuario Nacional,La Libertad,2002,0.0,4.157790753173829,10491.7785658319
de Calipuy,Santuario Nacional,La Libertad,2003,0.0,3.450083264160157,10491.778565832119
de Calipuy,Santuario Nacional,La Libertad,2004,0.0,2.830834497070313,10491.778565832361
de Calipuy,Santuario Nacional,La Libertad,2005,0.0,3.361609521484375,10491.778565832155
de Calipuy,Santuario Nacional,La Libertad,2006,0.0,4.157772863769531,10491.778565832023
de Calipuy,Santuario Nacional,La Libertad,2007,0.0,4.157772863769531,10491.778565831817
de Calipuy,Santuario Nacional,La Libertad,2008,0.0,3.627000177001954,10491.778565832092
de Calipuy,Santuario Nacional,La Libertad,2009,0.0,3.803926538085938,10491.778565832094
de Calipuy,Santuario Nacional,La Libertad,2010,0.0,4.334717175292969,10491.778565831852
de Calipuy,Santuario Nacional,La Libertad,2011,0.0,4.334717175292969,10491.77856583182
de Calipuy,Santuario Nacional,La Libertad,2012,0.0,4.334717175292969,10491.778565831724
de Calipuy,Santuario Nacional,La Libertad,2013,0.0,4.157790753173829,10491.778565831793
de Calipuy,Santuario Nacional,La Libertad,2014,0.0,4.157790753173829,10491.77856583198
de Calipuy,Santuario Nacional,La Libertad,2015,0.0,4.777218707275391,10491.778565832283
de Calipuy,Santuario Nacional,La Libertad,2016,0.0,5.307951904296873,10491.778565831717
de Calipuy,Santuario Nacional,La Libertad,2017,0.0,5.307991693115234,10491.778565831899
de Calipuy,Santuario Nacional,La Libertad,2018,0.0,5.661894439697265,10491.778565831904
de Calipuy,Santuario Nacional,La Libertad,2019,0.0,5.131119067382812,10491.778565831875
de Calipuy,Santuario Nacional,La Libertad,2020,0.0,4.865677081298828,10491.778565832172
de Calipuy,Santuario Nacional,La Libertad,2021,0.0,4.777192504882812,10491.77856583208
de Calipuy,Santuario Nacional,La Libertad,2022,0.0,4.865682220458984,10491.778565832286
de Calipuy,Santuario Nacional,La Libertad,2023,0.0,4.7771658203125,10491.778565832383
de Calipuy,Santuario Nacional,La Libertad,2024,0.0,4.069462646484374,10491.77856583211
de Calipuy,Santuario Nacional,La Libertad,2025,0.0,3.980972930908202,10491.778565832106
de Chacamarca,Santuario Histórico,Junín,1985,0.0,0.0,1325.3101678283815
de Chacamarca,Santuario Histórico,Junín,1986,0.0,0.0,1325.3101678283817
de Chacamarca,Santuario Histórico,Junín,1987,0.0,0.0,1325.3101678283829
de Chacamarca,Santuario Histórico,Junín,1988,0.0,0.0,1325.3101678283815
de Chacamarca,Santuario Histórico,Junín,1989,0.0,0.0,1325.3101678283838
de Chacamarca,Santuario Histórico,Junín,1990,0.0,0.0,1325.310167828383
de Chacamarca,Santuario Histórico,Junín,1991,0.0,0.0,1325.3101678283786
de Chacamarca,Santuario Histórico,Junín,1992,0.0,0.0,1325.3101678283792
de Chacamarca,Santuario Histórico,Junín,1993,0.0,0.0,1325.3101678283797
de Chacamarca,Santuario Histórico,Junín,1994,0.0,0.0,1325.3101678283797
de Chacamarca,Santuario Histórico,Junín,1995,0.0,0.0,1325.3101678283801
de Chacamarca,Santuario Histórico,Junín,1996,0.0,0.0,1325.3101678283813
de Chacamarca,Santuario Histórico,Junín,1997,0.0,0.0,1325.3101678283786
de Chacamarca,Santuario Histórico,Junín,1998,0.0,0.0,1325.3101678283783
de Chacamarca,Santuario Histórico,Junín,1999,0.0,0.0,1325.310167828378
de Chacamarca,Santuario Histórico,Junín,2000,0.0,0.0,1325.3101678283801
de Chacamarca,Santuario Histórico,Junín,2001,0.0,0.0,1325.3101678283788
de Chacamarca,Santuario Histórico,Junín,2002,0.0,0.0,1325.3101678283808
de Chacamarca,Santuario Histórico,Junín,2003,0.0,0.0,1325.310167828382
de Chacamarca,Santuario Histórico,Junín,2004,0.0,0.0,1325.3101678283822
de Chacamarca,Santuario Histórico,Junín,2005,0.0,0.0,1325.310167828383
de Chacamarca,Santuario Histórico,Junín,2006,0.0,0.0,1325.310167828383
de Chacamarca,Santuario Histórico,Junín,2007,0.0,0.0,1325.3101678283845
de Chacamarca,Santuario Histórico,Junín,2008,0.0,0.0,1325.3101678283833
de Chacamarca,Santuario Histórico,Junín,2009,0.0,0.0,1325.3101678283829
de Chacamarca,Santuario Histórico,Junín,2010,0.0,0.0,1325.3101678283838
de Chacamarca,Santuario Histórico,Junín,2011,0.0,0.0,1325.3101678283833
de Chacamarca,Santuario Histórico,Junín,2012,0.0,0.0,1325.3101678283836
de Chacamarca,Santuario Histórico,Junín,2013,0.0,0.0,1325.310167828384
de Chacamarca,Santuario Histórico,Junín,2014,0.0,0.0,1325.3101678283833
de Chacamarca,Santuario Histórico,Junín,2015,0.0,0.0,1325.310167828383
de Chacamarca,Santuario Histórico,Junín,2016,0.0,0.0,1325.3101678283833
de Chacamarca,Santuario Histórico,Junín,2017,0.0,0.0,1325.310167828383
de Chacamarca,Santuario Histórico,Junín,2018,0.0,0.0,1325.3101678283838
de Chacamarca,Santuario Histórico,Junín,2019,0.0,0.0,1325.3101678283842
de Chacamarca,Santuario Histórico,Junín,2020,0.0,0.0,1325.3101678283847
de Chacamarca,Santuario Histórico,Junín,2021,0.0,0.0,1325.3101678283838
de Chacamarca,Santuario Histórico,Junín,2022,0.0,0.0,1325.3101678283838
de Chacamarca,Santuario Histórico,Junín,2023,0.0,0.0,1325.310167828385
de Chacamarca,Santuario Histórico,Junín,2024,0.0,0.0,1325.310167828385
de Chacamarca,Santuario Histórico,Junín,2025,0.0,0.0,1325.3101678283854
de Cutervo,Parque Nacional,Cajamarca,1985,0.0,5467.323112158285,18996.993695166384
de Cutervo,Parque Nacional,Cajamarca,1986,0.0,5467.145375347982,18996.99369516639
de Cutervo,Parque Nacional,Cajamarca,1987,0.0,5435.322968121448,18996.993695166315
de Cutervo,Parque Nacional,Cajamarca,1988,0.0,5383.769178955225,18996.993695166424
de Cutervo,Parque Nacional,Cajamarca,1989,0.0,5638.880626635754,18996.993695166133
de Cutervo,Parque Nacional,Cajamarca,1990,0.0,5713.457780487097,18996.993695166122
de Cutervo,Parque Nacional,Cajamarca,1991,0.0,5720.303550097686,18996.993695166046
de Cutervo,Parque Nacional,Cajamarca,1992,0.0,5876.560029656949,18996.993695165973
de Cutervo,Parque Nacional,Cajamarca,1993,0.0,5739.586714288357,18996.993695166067
de Cutervo,Parque Nacional,Cajamarca,1994,0.0,6312.194636382983,18996.993695165776
de Cutervo,Parque Nacional,Cajamarca,1995,0.0,6198.594478015046,18996.993695165776
de Cutervo,Parque Nacional,Cajamarca,1996,0.0,6203.748270703035,18996.993695165776
de Cutervo,Parque Nacional,Cajamarca,1997,0.0,6206.769883752351,18996.993695165784
de Cutervo,Parque Nacional,Cajamarca,1998,0.0,6303.745237084875,18996.993695165744
de Cutervo,Parque Nacional,Cajamarca,1999,0.0,6320.806713818273,18996.993695165824
de Cutervo,Parque Nacional,Cajamarca,2000,0.0,6114.32006918334,18996.993695165962
de Cutervo,Parque Nacional,Cajamarca,2001,0.0,6106.321886828595,18996.99369516597
de Cutervo,Parque Nacional,Cajamarca,2002,0.0,6090.058375482148,18996.99369516598
de Cutervo,Parque Nacional,Cajamarca,2003,0.0,5694.877379186993,18996.993695166
de Cutervo,Parque Nacional,Cajamarca,2004,0.0,5480.572856561212,18996.993695165853
de Cutervo,Parque Nacional,Cajamarca,2005,0.0,5334.971849835166,18996.993695166017
de Cutervo,Parque Nacional,Cajamarca,2006,0.0,5418.163208257996,18996.993695165816
de Cutervo,Parque Nacional,Cajamarca,2007,0.0,4749.983049078364,18996.993695166064
de Cutervo,Parque Nacional,Cajamarca,2008,0.0,4646.869502276616,18996.993695166126
de Cutervo,Parque Nacional,Cajamarca,2009,0.0,4396.828628130943,18996.99369516542
de Cutervo,Parque Nacional,Cajamarca,2010,0.0,3704.226721081453,18996.993695166035
de Cutervo,Parque Nacional,Cajamarca,2011,0.0,3648.04726914052,18996.99369516599
de Cutervo,Parque Nacional,Cajamarca,2012,0.0,3630.446366271857,18996.993695165802
de Cutervo,Parque Nacional,Cajamarca,2013,0.0,3992.496965869036,18996.993695165584
de Cutervo,Parque Nacional,Cajamarca,2014,0.0,4015.166850781164,18996.9936951656
de Cutervo,Parque Nacional,Cajamarca,2015,0.0,4048.943345129327,18996.993695165656
de Cutervo,Parque Nacional,Cajamarca,2016,0.0,4216.485332391128,18996.99369516551
de Cutervo,Parque Nacional,Cajamarca,2017,0.0,3991.968310613994,18996.993695165478
de Cutervo,Parque Nacional,Cajamarca,2018,0.0,3892.858017248462,18996.993695165525
de Cutervo,Parque Nacional,Cajamarca,2019,0.0,3962.922307208184,18996.993695165685
de Cutervo,Parque Nacional,Cajamarca,2020,0.0,3936.61219906611,18996.993695165704
de Cutervo,Parque Nacional,Cajamarca,2021,0.0,3947.098069000189,18996.993695165616
de Cutervo,Parque Nacional,Cajamarca,2022,0.0,3784.497324639834,18996.99369516598
de Cutervo,Parque Nacional,Cajamarca,2023,0.0,3871.438085772631,18996.99369516592
de Cutervo,Parque Nacional,Cajamarca,2024,0.0,3832.691182562173,18996.993695165853
de Cutervo,Parque Nacional,Cajamarca,2025,0.0,3881.838780273366,18996.993695165886
de Huayllay,Santuario Nacional,Pasco,1985,0.0,0.0,4850.283386309813
de Huayllay,Santuario Nacional,Pasco,1986,0.0,0.0,4850.283386309803
de Huayllay,Santuario Nacional,Pasco,1987,0.0,0.0,4850.283386309828
de Huayllay,Santuario Nacional,Pasco,1988,0.0,0.0,4850.283386309818
de Huayllay,Santuario Nacional,Pasco,1989,0.0,0.0,4850.283386309793
de Huayllay,Santuario Nacional,Pasco,1990,0.0,0.0,4850.28338630979
de Huayllay,Santuario Nacional,Pasco,1991,0.0,0.0,4850.2833863097985
de Huayllay,Santuario Nacional,Pasco,1992,0.0,0.0,4850.283386309762
de Huayllay,Santuario Nacional,Pasco,1993,0.0,0.0,4850.283386309743
de Huayllay,Santuario Nacional,Pasco,1994,0.0,0.0,4850.283386309743
de Huayllay,Santuario Nacional,Pasco,1995,0.0,0.0,4850.283386309787
de Huayllay,Santuario Nacional,Pasco,1996,0.0,0.0,4850.283386309792
de Huayllay,Santuario Nacional,Pasco,1997,0.0,0.0,4850.283386309787
de Huayllay,Santuario Nacional,Pasco,1998,0.0,0.0,4850.283386309789
de Huayllay,Santuario Nacional,Pasco,1999,0.0,0.0,4850.283386309798
de Huayllay,Santuario Nacional,Pasco,2000,0.0,0.0,4850.283386309794
de Huayllay,Santuario Nacional,Pasco,2001,0.0,0.0,4850.283386309798
de Huayllay,Santuario Nacional,Pasco,2002,0.0,0.0,4850.283386309798
de Huayllay,Santuario Nacional,Pasco,2003,0.0,0.0,4850.2833863098
de Huayllay,Santuario Nacional,Pasco,2004,0.0,0.0,4850.283386309795
de Huayllay,Santuario Nacional,Pasco,2005,0.0,0.0,4850.2833863098
de Huayllay,Santuario Nacional,Pasco,2006,0.0,0.0,4850.283386309798
de Huayllay,Santuario Nacional,Pasco,2007,0.0,0.0,4850.28338630979
de Huayllay,Santuario Nacional,Pasco,2008,0.0,0.0,4850.283386309792
de Huayllay,Santuario Nacional,Pasco,2009,0.0,0.0,4850.283386309797
de Huayllay,Santuario Nacional,Pasco,2010,0.0,0.0,4850.283386309795
de Huayllay,Santuario Nacional,Pasco,2011,0.0,0.0,4850.28338630979
de Huayllay,Santuario Nacional,Pasco,2012,0.0,0.0,4850.283386309788
de Huayllay,Santuario Nacional,Pasco,2013,0.0,0.0,4850.283386309784
de Huayllay,Santuario Nacional,Pasco,2014,0.0,0.0,4850.283386309784
de Huayllay,Santuario Nacional,Pasco,2015,0.0,0.0,4850.283386309784
de Huayllay,Santuario Nacional,Pasco,2016,0.0,0.0,4850.283386309786
de Huayllay,Santuario Nacional,Pasco,2017,0.0,0.0,4850.283386309779
de Huayllay,Santuario Nacional,Pasco,2018,0.0,0.0,4850.283386309779
de Huayllay,Santuario Nacional,Pasco,2019,0.0,0.0,4850.28338630978
de Huayllay,Santuario Nacional,Pasco,2020,0.0,0.0,4850.283386309783
de Huayllay,Santuario Nacional,Pasco,2021,0.0,0.0,4850.283386309786
de Huayllay,Santuario Nacional,Pasco,2022,0.0,0.0,4850.283386309789
de Huayllay,Santuario Nacional,Pasco,2023,0.0,0.0,4850.283386309783
de Huayllay,Santuario Nacional,Pasco,2024,0.0,0.0,4850.283386309787
de Huayllay,Santuario Nacional,Pasco,2025,0.0,0.0,4850.283386309783
de Junín,Reserva Nacional,Junín,1985,0.0,0.0,58207.613340549484
de Junín,Reserva Nacional,Junín,1986,0.0,0.0,58207.61334054956
de Junín,Reserva Nacional,Junín,1987,0.0,0.0,58207.61334055003
de Junín,Reserva Nacional,Junín,1988,0.0,0.0,58207.61334054885
de Junín,Reserva Nacional,Junín,1989,0.0,0.0,58207.61334055017
de Junín,Reserva Nacional,Junín,1990,0.0,0.0,58207.61334054966
de Junín,Reserva Nacional,Junín,1991,0.0,0.0,58207.61334054974
de Junín,Reserva Nacional,Junín,1992,0.0,0.0,58207.613340550335
de Junín,Reserva Nacional,Junín,1993,0.0,0.0,58207.61334054959
de Junín,Reserva Nacional,Junín,1994,0.0,0.0,58207.61334054989
de Junín,Reserva Nacional,Junín,1995,0.0,0.0,58207.613340550044
de Junín,Reserva Nacional,Junín,1996,0.0,0.0,58207.61334054913
de Junín,Reserva Nacional,Junín,1997,0.0,0.0,58207.61334054823
de Junín,Reserva Nacional,Junín,1998,0.0,0.0,58207.61334054854
de Junín,Reserva Nacional,Junín,1999,0.0,0.0,58207.613340548014
de Junín,Reserva Nacional,Junín,2000,0.0,0.0,58207.61334055028
de Junín,Reserva Nacional,Junín,2001,0.0,0.0,58207.61334054969
de Junín,Reserva Nacional,Junín,2002,0.0,0.0,58207.61334054967
de Junín,Reserva Nacional,Junín,2003,0.0,0.0,58207.613340549746
de Junín,Reserva Nacional,Junín,2004,0.0,0.0,58207.613340549964
de Junín,Reserva Nacional,Junín,2005,0.0,0.0,58207.613340550335
de Junín,Reserva Nacional,Junín,2006,0.0,0.0,58207.61334054907
de Junín,Reserva Nacional,Junín,2007,0.0,0.0,58207.61334054925
de Junín,Reserva Nacional,Junín,2008,0.0,0.0,58207.61334055007
de Junín,Reserva Nacional,Junín,2009,0.0,0.0,58207.61334054922
de Junín,Reserva Nacional,Junín,2010,0.0,0.0,58207.61334054936
de Junín,Reserva Nacional,Junín,2011,0.0,0.0,58207.61334054989
de Junín,Reserva Nacional,Junín,2012,0.0,0.0,58207.613340549855
de Junín,Reserva Nacional,Junín,2013,0.0,0.0,58207.61334054969
de Junín,Reserva Nacional,Junín,2014,0.0,0.0,58207.61334054916
de Junín,Reserva Nacional,Junín,2015,0.0,0.0,58207.61334054899
de Junín,Reserva Nacional,Junín,2016,0.0,0.0,58207.61334054893
de Junín,Reserva Nacional,Junín,2017,0.0,0.0,58207.613340549935
de Junín,Reserva Nacional,Junín,2018,0.0,0.0,58207.61334054965
de Junín,Reserva Nacional,Junín,2019,0.0,0.0,58207.61334055047
de Junín,Reserva Nacional,Junín,2020,0.0,0.0,58207.61334054968
de Junín,Reserva Nacional,Junín,2021,0.0,0.0,58207.61334054951
de Junín,Reserva Nacional,Junín,2022,0.0,0.0,58207.61334055004
de Junín,Reserva Nacional,Junín,2023,0.0,0.0,58207.61334054978
de Junín,Reserva Nacional,Junín,2024,0.0,0.0,58207.61334055008
de Junín,Reserva Nacional,Junín,2025,0.0,0.0,58207.613340550306
de Junín,Reserva Nacional,Pasco,1985,0.0,0.0,42698.225555545294
de Junín,Reserva Nacional,Pasco,1986,0.0,0.0,42698.22555554552
de Junín,Reserva Nacional,Pasco,1987,0.0,0.0,42698.2255555462
de Junín,Reserva Nacional,Pasco,1988,0.0,1.142328912353515,42698.22555554693
de Junín,Reserva Nacional,Pasco,1989,0.0,1.054457696533203,42698.22555554675
de Junín,Reserva Nacional,Pasco,1990,0.0,1.318071893310547,42698.22555554672
de Junín,Reserva Nacional,Pasco,1991,0.0,1.142328918457031,42698.22555554668
de Junín,Reserva Nacional,Pasco,1992,0.0,1.142328918457031,42698.225555546946
de Junín,Reserva Nacional,Pasco,1993,0.0,0.8787125854492188,42698.22555554692
de Junín,Reserva Nacional,Pasco,1994,0.0,0.5272269409179688,42698.225555546764
de Junín,Reserva Nacional,Pasco,1995,0.0,1.405895751953125,42698.225555546574
de Junín,Reserva Nacional,Pasco,1996,0.0,1.405909832763671,42698.22555554609
de Junín,Reserva Nacional,Pasco,1997,0.0,0.0,42698.225555546436
de Junín,Reserva Nacional,Pasco,1998,0.0,0.0,42698.22555554583
de Junín,Reserva Nacional,Pasco,1999,0.0,0.0,42698.22555554623
de Junín,Reserva Nacional,Pasco,2000,0.0,0.0,42698.22555554606
de Junín,Reserva Nacional,Pasco,2001,0.0,0.0,42698.225555546094
de Junín,Reserva Nacional,Pasco,2002,0.0,0.0,42698.225555546305
de Junín,Reserva Nacional,Pasco,2003,0.0,0.0,42698.22555554657
de Junín,Reserva Nacional,Pasco,2004,0.0,0.0,42698.22555554629
de Junín,Reserva Nacional,Pasco,2005,0.0,0.0,42698.22555554617
de Junín,Reserva Nacional,Pasco,2006,0.6149635131835938,0.0,42698.225555545556
de Junín,Reserva Nacional,Pasco,2007,0.7906659484863281,0.0,42698.22555554555
de Junín,Reserva Nacional,Pasco,2008,0.7906659484863281,0.0,42698.225555545985
de Junín,Reserva Nacional,Pasco,2009,0.9663687683105467,0.0,42698.22555554592
de Junín,Reserva Nacional,Pasco,2010,31.53352326049805,0.0,42698.225555546036
de Junín,Reserva Nacional,Pasco,2011,33.64166080322263,0.0,42698.22555554598
de Junín,Reserva Nacional,Pasco,2012,33.90515966796872,0.0,42698.22555554589
de Junín,Reserva Nacional,Pasco,2013,89.94299320678735,0.0,42698.22555554579
de Junín,Reserva Nacional,Pasco,2014,148.1819179138186,0.0,42698.225555545854
de Junín,Reserva Nacional,Pasco,2015,99.69333283691445,0.0,42698.2255555459
de Junín,Reserva Nacional,Pasco,2016,100.2203102661137,0.0,42698.22555554597
de Junín,Reserva Nacional,Pasco,2017,102.4162679199223,0.0,42698.22555554579
de Junín,Reserva Nacional,Pasco,2018,148.4448639953615,0.0,42698.225555545774
de Junín,Reserva Nacional,Pasco,2019,150.4652898376467,0.0,42698.22555554568
de Junín,Reserva Nacional,Pasco,2020,158.2830748291016,0.0,42698.22555554608
de Junín,Reserva Nacional,Pasco,2021,159.4249502319337,0.0,42698.2255555459
de Junín,Reserva Nacional,Pasco,2022,177.6957247924805,0.0,42698.225555545774
de Junín,Reserva Nacional,Pasco,2023,192.5409876892092,0.0,42698.22555554599
de Junín,Reserva Nacional,Pasco,2024,195.6155762145997,0.0,42698.22555554587
de Junín,Reserva Nacional,Pasco,2025,203.9607537292482,0.0,42698.22555554582
de Lachay,Reserva Nacional,Lima,1985,0.0,0.0,3351.5010902771232
de Lachay,Reserva Nacional,Lima,1986,0.0,0.0,3351.501090277123
de Lachay,Reserva Nacional,Lima,1987,0.0,0.0,3351.501090277123
de Lachay,Reserva Nacional,Lima,1988,0.0,0.0,3351.501090277122
de Lachay,Reserva Nacional,Lima,1989,0.0,0.0,3351.5010902771223
de Lachay,Reserva Nacional,Lima,1990,0.0,0.0,3351.5010902771223
de Lachay,Reserva Nacional,Lima,1991,0.0,0.0,3351.501090277122
de Lachay,Reserva Nacional,Lima,1992,0.0,0.0,3351.5010902771173
de Lachay,Reserva Nacional,Lima,1993,0.0,0.0,3351.501090277119
de Lachay,Reserva Nacional,Lima,1994,0.0,0.0,3351.50109027712
de Lachay,Reserva Nacional,Lima,1995,0.0,0.0,3351.5010902771173
de Lachay,Reserva Nacional,Lima,1996,0.0,0.0,3351.5010902771223
de Lachay,Reserva Nacional,Lima,1997,0.0,0.0,3351.501090277123
de Lachay,Reserva Nacional,Lima,1998,0.0,0.0,3351.5010902771223
de Lachay,Reserva Nacional,Lima,1999,0.0,0.0,3351.5010902771237
de Lachay,Reserva Nacional,Lima,2000,0.0,0.0,3351.501090277123
de Lachay,Reserva Nacional,Lima,2001,0.0,0.0,3351.501090277119
de Lachay,Reserva Nacional,Lima,2002,0.0,0.0,3351.5010902771182
de Lachay,Reserva Nacional,Lima,2003,0.0,0.0,3351.501090277121
de Lachay,Reserva Nacional,Lima,2004,0.0,0.0,3351.501090277118
de Lachay,Reserva Nacional,Lima,2005,0.0,0.0,3351.5010902771164
de Lachay,Reserva Nacional,Lima,2006,0.0,0.0,3351.5010902771182
de Lachay,Reserva Nacional,Lima,2007,0.0,0.0,3351.501090277117
de Lachay,Reserva Nacional,Lima,2008,0.0,0.0,3351.5010902771164
de Lachay,Reserva Nacional,Lima,2009,0.0,0.0,3351.5010902771173
de Lachay,Reserva Nacional,Lima,2010,0.0,0.0,3351.501090277117
de Lachay,Reserva Nacional,Lima,2011,0.0,0.0,3351.5010902771173
de Lachay,Reserva Nacional,Lima,2012,0.0,0.0,3351.5010902771196
de Lachay,Reserva Nacional,Lima,2013,0.0,0.0,3351.5010902771182
de Lachay,Reserva Nacional,Lima,2014,0.0,0.0,3351.5010902771164
de Lachay,Reserva Nacional,Lima,2015,0.0,0.0,3351.501090277119
de Lachay,Reserva Nacional,Lima,2016,5.52357211303711,0.0,3351.5010902771182
de Lachay,Reserva Nacional,Lima,2017,15.34320532226564,0.0,3351.5010902771146
de Lachay,Reserva Nacional,Lima,2018,23.05861864624023,0.0,3351.50109027711
de Lachay,Reserva Nacional,Lima,2019,22.62023921508789,0.0,3351.5010902771132
de Lachay,Reserva Nacional,Lima,2020,22.00651661376952,0.0,3351.5010902771073
de Lachay,Reserva Nacional,Lima,2021,22.70792355957031,0.0,3351.501090277108
de Lachay,Reserva Nacional,Lima,2022,23.49699540405273,0.0,3351.5010902771064
de Lachay,Reserva Nacional,Lima,2023,26.03956193237301,0.0,3351.501090277107
de Lachay,Reserva Nacional,Lima,2024,33.84265838012681,0.0,3351.5010902771105
de Lachay,Reserva Nacional,Lima,2025,33.84265838012681,0.0,3351.50109027711
de Pagaibamba,Bosque de Protección,Cajamarca,1985,0.0,1393.816267346179,4098.199377178958
de Pagaibamba,Bosque de Protección,Cajamarca,1986,0.0,1384.931673327626,4098.199377178957
de Pagaibamba,Bosque de Protección,Cajamarca,1987,0.0,1485.510154217518,4098.199377178936
de Pagaibamba,Bosque de Protección,Cajamarca,1988,0.0,1473.691419378656,4098.19937717894
de Pagaibamba,Bosque de Protección,Cajamarca,1989,0.0,1562.36726126708,4098.199377178948
de Pagaibamba,Bosque de Protección,Cajamarca,1990,0.0,1566.008031958001,4098.199377178951
de Pagaibamba,Bosque de Protección,Cajamarca,1991,0.0,1582.71299506225,4098.199377178953
de Pagaibamba,Bosque de Protección,Cajamarca,1992,0.0,1606.969230224604,4098.199377178971
de Pagaibamba,Bosque de Protección,Cajamarca,1993,0.0,1587.241817114254,4098.199377178958
de Pagaibamba,Bosque de Protección,Cajamarca,1994,0.0,1585.554513732907,4098.19937717894
de Pagaibamba,Bosque de Protección,Cajamarca,1995,0.0,1535.442807470703,4098.1993771789375
de Pagaibamba,Bosque de Protección,Cajamarca,1996,0.0,1506.833266442858,4098.199377178923
de Pagaibamba,Bosque de Protección,Cajamarca,1997,0.0,1490.840725958237,4098.199377178921
de Pagaibamba,Bosque de Protección,Cajamarca,1998,0.0,1414.9668231079056,4098.199377178938
de Pagaibamba,Bosque de Protección,Cajamarca,1999,0.0,1407.9490392578123,4098.199377178944
de Pagaibamba,Bosque de Protección,Cajamarca,2000,0.0,1360.946924462889,4098.199377178937
de Pagaibamba,Bosque de Protección,Cajamarca,2001,0.0,1338.467447729476,4098.199377178922
de Pagaibamba,Bosque de Protección,Cajamarca,2002,0.0,1336.779174963364,4098.199377178916
de Pagaibamba,Bosque de Protección,Cajamarca,2003,0.0,1399.242928930665,4098.199377178942
de Pagaibamba,Bosque de Protección,Cajamarca,2004,0.0,1429.986231176757,4098.1993771789585
de Pagaibamba,Bosque de Protección,Cajamarca,2005,0.0,1433.008298590086,4098.1993771789685
de Pagaibamba,Bosque de Protección,Cajamarca,2006,0.0,1448.114375799556,4098.199377178966
de Pagaibamba,Bosque de Protección,Cajamarca,2007,0.0,1437.895400854491,4098.199377178947
de Pagaibamba,Bosque de Protección,Cajamarca,2008,0.0,1452.999562310796,4098.199377178939
de Pagaibamba,Bosque de Protección,Cajamarca,2009,0.0,1442.069993359378,4098.199377178941
de Pagaibamba,Bosque de Protección,Cajamarca,2010,0.0,1446.511312823485,4098.199377178937
de Pagaibamba,Bosque de Protección,Cajamarca,2011,0.0,1421.364585382086,4098.199377178942
de Pagaibamba,Bosque de Protección,Cajamarca,2012,0.0,1424.473633496093,4098.199377178936
de Pagaibamba,Bosque de Protección,Cajamarca,2013,0.0,1384.308700140381,4098.199377178946
de Pagaibamba,Bosque de Protección,Cajamarca,2014,0.0,1362.004944250486,4098.199377178933
de Pagaibamba,Bosque de Protección,Cajamarca,2015,0.0,1380.576867083741,4098.1993771789375
de Pagaibamba,Bosque de Protección,Cajamarca,2016,0.0,1431.312114819333,4098.199377178936
de Pagaibamba,Bosque de Protección,Cajamarca,2017,0.0,1263.46564746093,4098.19937717893
de Pagaibamba,Bosque de Protección,Cajamarca,2018,0.0,1165.814692730692,4098.199377178915
de Pagaibamba,Bosque de Protección,Cajamarca,2019,0.0,1135.515461968966,4098.199377179042
de Pagaibamba,Bosque de Protección,Cajamarca,2020,0.0,1139.869717022679,4098.199377179015
de Pagaibamba,Bosque de Protección,Cajamarca,2021,0.0,1114.45621704099,4098.199377178959
de Pagaibamba,Bosque de Protección,Cajamarca,2022,0.0,1185.450284045394,4098.199377178997
de Pagaibamba,Bosque de Protección,Cajamarca,2023,0.0,1201.086904998766,4098.199377179037
de Pagaibamba,Bosque de Protección,Cajamarca,2024,0.0,1188.469150317367,4098.199377179012
de Pagaibamba,Bosque de Protección,Cajamarca,2025,0.0,1183.4040815673675,4098.199377179005
de Paracas,Reserva Nacional,Ica,1985,0.0,0.0,112568.08350620503
de Paracas,Reserva Nacional,Ica,1986,0.0,0.0,112568.08350620494
de Paracas,Reserva Nacional,Ica,1987,0.0,0.0,112568.08350620477
de Paracas,Reserva Nacional,Ica,1988,0.0,0.0,112568.08350620506
de Paracas,Reserva Nacional,Ica,1989,0.0,0.0,112568.08350620512
de Paracas,Reserva Nacional,Ica,1990,0.0,0.0,112568.08350620487
de Paracas,Reserva Nacional,Ica,1991,0.0,0.0,112568.0835062049
de Paracas,Reserva Nacional,Ica,1992,0.0,0.0,112568.08350620487
de Paracas,Reserva Nacional,Ica,1993,0.0,0.0,112568.0835062047
de Paracas,Reserva Nacional,Ica,1994,0.0,0.0,112568.08350620487
de Paracas,Reserva Nacional,Ica,1995,0.0,0.0,112568.08350620493
de Paracas,Reserva Nacional,Ica,1996,0.0,0.0,112568.0835062046
de Paracas,Reserva Nacional,Ica,1997,0.0,0.0,112568.08350620483
de Paracas,Reserva Nacional,Ica,1998,0.0,0.0,112568.08350620476
de Paracas,Reserva Nacional,Ica,1999,0.0,0.0,112568.08350620451
de Paracas,Reserva Nacional,Ica,2000,0.0,0.0,112568.08350620445
de Paracas,Reserva Nacional,Ica,2001,0.0,0.0,112568.08350620429
de Paracas,Reserva Nacional,Ica,2002,0.0,0.0,112568.0835062031
de Paracas,Reserva Nacional,Ica,2003,0.0,0.0,112568.08350620368
de Paracas,Reserva Nacional,Ica,2004,0.0,0.0,112568.08350620326
de Paracas,Reserva Nacional,Ica,2005,0.0,0.0,112568.08350620385
de Paracas,Reserva Nacional,Ica,2006,0.0,0.0,112568.08350620396
de Paracas,Reserva Nacional,Ica,2007,0.0,0.0,112568.08350620413
de Paracas,Reserva Nacional,Ica,2008,0.0,0.0,112568.08350620404
de Paracas,Reserva Nacional,Ica,2009,0.0,0.0,112568.08350620362
de Paracas,Reserva Nacional,Ica,2010,0.0,0.0,112568.08350620339
de Paracas,Reserva Nacional,Ica,2011,0.0,0.0,112568.08350620324
de Paracas,Reserva Nacional,Ica,2012,0.0,0.0,112568.08350620308
de Paracas,Reserva Nacional,Ica,2013,0.0,0.0,112568.08350620302
de Paracas,Reserva Nacional,Ica,2014,0.0,0.0,112568.0835062028
de Paracas,Reserva Nacional,Ica,2015,0.0,0.0,112568.08350620292
de Paracas,Reserva Nacional,Ica,2016,0.0,0.0,112568.0835062028
de Paracas,Reserva Nacional,Ica,2017,0.0,0.0,112568.0835062032
de Paracas,Reserva Nacional,Ica,2018,0.0,0.0,112568.08350620331
de Paracas,Reserva Nacional,Ica,2019,0.0,0.0,112568.08350620333
de Paracas,Reserva Nacional,Ica,2020,0.0,0.0,112568.0835062031
de Paracas,Reserva Nacional,Ica,2021,0.0,0.0,112568.08350620301
de Paracas,Reserva Nacional,Ica,2022,0.0,0.0,112568.08350620307
de Paracas,Reserva Nacional,Ica,2023,0.0,0.0,112568.08350620301
de Paracas,Reserva Nacional,Ica,2024,0.0,0.0,112568.08350620307
de Paracas,Reserva Nacional,Ica,2025,0.0,0.0,112568.08350620302
de Pui Pui,Bosque de Protección,Junín,1985,0.0,31301.46528764057,45409.977101916586
de Pui Pui,Bosque de Protección,Junín,1986,0.0,31309.97520503564,45409.97710191662
de Pui Pui,Bosque de Protección,Junín,1987,0.0,31270.59795755655,45409.977101916775
de Pui Pui,Bosque de Protección,Junín,1988,0.0,31162.19470708056,45409.97710191708
de Pui Pui,Bosque de Protección,Junín,1989,0.0,31083.08235449908,45409.97710191726
de Pui Pui,Bosque de Protección,Junín,1990,0.0,31082.63975261921,45409.977101917226
de Pui Pui,Bosque de Protección,Junín,1991,0.0,31146.59906201235,45409.977101917044
de Pui Pui,Bosque de Protección,Junín,1992,0.0,31248.23392446319,45409.977101916746
de Pui Pui,Bosque de Protección,Junín,1993,0.0,31643.243791223416,45409.977101916724
de Pui Pui,Bosque de Protección,Junín,1994,0.0,31644.765916528686,45409.977101916746
de Pui Pui,Bosque de Protección,Junín,1995,0.0,31669.598656641017,45409.977101916775
de Pui Pui,Bosque de Protección,Junín,1996,0.0,31797.487875921808,45409.97710191657
de Pui Pui,Bosque de Protección,Junín,1997,0.0,31922.996758673195,45409.97710191648
de Pui Pui,Bosque de Protección,Junín,1998,0.0,32064.75223357516,45409.97710191613
de Pui Pui,Bosque de Protección,Junín,1999,0.0,31990.53070367434,45409.97710191644
de Pui Pui,Bosque de Protección,Junín,2000,0.0,31959.095574377898,45409.97710191687
de Pui Pui,Bosque de Protección,Junín,2001,0.0,31884.26136867108,45409.97710191686
de Pui Pui,Bosque de Protección,Junín,2002,0.0,31804.3590744144,45409.97710191677
de Pui Pui,Bosque de Protección,Junín,2003,0.0,31744.00043332566,45409.977101916906
de Pui Pui,Bosque de Protección,Junín,2004,0.0,31554.17508654206,45409.97710191678
de Pui Pui,Bosque de Protección,Junín,2005,0.0,31634.5401574651,45409.977101916964
de Pui Pui,Bosque de Protección,Junín,2006,0.0,31559.63806140186,45409.97710191692
de Pui Pui,Bosque de Protección,Junín,2007,0.0,31595.07944907869,45409.977101916775
de Pui Pui,Bosque de Protección,Junín,2008,0.0,31706.82064681426,45409.97710191668
de Pui Pui,Bosque de Protección,Junín,2009,0.0,31767.86242899198,45409.97710191668
de Pui Pui,Bosque de Protección,Junín,2010,0.0,31927.02396657732,45409.977101916535
de Pui Pui,Bosque de Protección,Junín,2011,0.0,31913.15934053366,45409.977101916615
de Pui Pui,Bosque de Protección,Junín,2012,0.0,31881.94676503327,45409.9771019167
de Pui Pui,Bosque de Protección,Junín,2013,0.0,31965.28950649415,45409.97710191638
de Pui Pui,Bosque de Protección,Junín,2014,0.0,31769.33959569715,45409.97710191656
de Pui Pui,Bosque de Protección,Junín,2015,0.0,31750.411111938756,45409.97710191658
de Pui Pui,Bosque de Protección,Junín,2016,0.0,31764.08612643476,45409.97710191679
de Pui Pui,Bosque de Protección,Junín,2017,0.0,31703.23627121611,45409.977101916666
de Pui Pui,Bosque de Protección,Junín,2018,0.0,31692.798345068517,45409.977101916505
de Pui Pui,Bosque de Protección,Junín,2019,0.0,31666.91399764425,45409.97710191659
de Pui Pui,Bosque de Protección,Junín,2020,0.0,31706.17221651002,45409.97710191634
de Pui Pui,Bosque de Protección,Junín,2021,0.0,31767.315002411,45409.977101916505
de Pui Pui,Bosque de Protección,Junín,2022,0.0,31756.96773578503,45409.97710191649
de Pui Pui,Bosque de Protección,Junín,2023,0.0,31658.54019829708,45409.97710191634
de Pui Pui,Bosque de Protección,Junín,2024,0.0,31418.96263109808,45409.97710191703
de Pui Pui,Bosque de Protección,Junín,2025,0.0,31391.07164088214,45409.97710191715
de Salinas y Aguada Blanca,Reserva Nacional,Arequipa,1985,0.0,6.954228912353515,283627.73283954605
de Salinas y Aguada Blanca,Reserva Nacional,Arequipa,1986,0.0,6.78252279663086,283627.7328395365
de Salinas y Aguada Blanca,Reserva Nacional,Arequipa,1987,0.0,11.5055658569336,283627.73283953685
de Salinas y Aguada Blanca,Reserva Nacional,Arequipa,1988,0.0,14.51057183227539,283627.7328395418
de Salinas y Aguada Blanca,Reserva Nacional,Arequipa,1989,0.0,12.27813767700195,283627.73283953534
de Salinas y Aguada Blanca,Reserva Nacional,Arequipa,1990,0.0,15.19756134033203,283627.7328395354
de Salinas y Aguada Blanca,Reserva Nacional,Arequipa,1991,0.0,15.36917012329102,283627.7328395489
de Salinas y Aguada Blanca,Reserva Nacional,Arequipa,1992,0.0,16.31358930664062,283627.732839578
de Salinas y Aguada Blanca,Reserva Nacional,Arequipa,1993,0.0,16.48529099121093,283627.73283953394
de Salinas y Aguada Blanca,Reserva Nacional,Arequipa,1994,0.0,14.42476483764649,283627.73283955123
de Salinas y Aguada Blanca,Reserva Nacional,Arequipa,1995,0.0,15.11174638671874,283627.7328395679
de Salinas y Aguada Blanca,Reserva Nacional,Arequipa,1996,0.0,15.11169012451172,283627.7328395376
de Salinas y Aguada Blanca,Reserva Nacional,Arequipa,1997,0.0,15.36905847167969,283627.7328395503
de Salinas y Aguada Blanca,Reserva Nacional,Arequipa,1998,0.0,18.11665792236328,283627.732839567
de Salinas y Aguada Blanca,Reserva Nacional,Arequipa,1999,0.0,20.95022150878907,283627.73283953837
de Salinas y Aguada Blanca,Reserva Nacional,Arequipa,2000,0.0,21.46509224853517,283627.7328395453
de Salinas y Aguada Blanca,Reserva Nacional,Arequipa,2001,0.0,22.15186825561524,283627.73283953714
de Salinas y Aguada Blanca,Reserva Nacional,Arequipa,2002,0.0,19.31808338623048,283627.73283954035
de Salinas y Aguada Blanca,Reserva Nacional,Arequipa,2003,0.0,18.54533200073243,283627.7328395373
de Salinas y Aguada Blanca,Reserva Nacional,Arequipa,2004,0.0,20.34850497436524,283627.7328395373
de Salinas y Aguada Blanca,Reserva Nacional,Arequipa,2005,0.0,20.69192172851563,283627.73283957405
de Salinas y Aguada Blanca,Reserva Nacional,Arequipa,2006,0.0,19.48960336914064,283627.73283953615
de Salinas y Aguada Blanca,Reserva Nacional,Arequipa,2007,0.0,17.60083969726564,283627.7328395462
de Salinas y Aguada Blanca,Reserva Nacional,Arequipa,2008,0.0,17.85867178955079,283627.7328395473
de Salinas y Aguada Blanca,Reserva Nacional,Arequipa,2009,0.0,16.65695681762695,283627.73283954634
de Salinas y Aguada Blanca,Reserva Nacional,Arequipa,2010,0.0,14.08089873046875,283627.7328395338
de Salinas y Aguada Blanca,Reserva Nacional,Arequipa,2011,0.0,15.8837778076172,283627.7328395463
de Salinas y Aguada Blanca,Reserva Nacional,Arequipa,2012,0.0,17.08555280151369,283627.73283953575
de Salinas y Aguada Blanca,Reserva Nacional,Arequipa,2013,0.0,20.6060284667969,283627.73283953324
de Salinas y Aguada Blanca,Reserva Nacional,Arequipa,2014,0.0,21.89419930419925,283627.7328395415
de Salinas y Aguada Blanca,Reserva Nacional,Arequipa,2015,0.0,23.86881691894533,283627.7328396084
de Salinas y Aguada Blanca,Reserva Nacional,Arequipa,2016,0.0,27.30341414794925,283627.732839536
de Salinas y Aguada Blanca,Reserva Nacional,Arequipa,2017,0.0,28.84883839721684,283627.7328395632
de Salinas y Aguada Blanca,Reserva Nacional,Arequipa,2018,0.0,30.05072446899419,283627.73283954454
de Salinas y Aguada Blanca,Reserva Nacional,Arequipa,2019,0.0,29.44958956909185,283627.73283953406
de Salinas y Aguada Blanca,Reserva Nacional,Arequipa,2020,0.0,28.67686187133794,283627.7328395306
de Salinas y Aguada Blanca,Reserva Nacional,Arequipa,2021,0.0,30.6515438049317,283627.73283953243
de Salinas y Aguada Blanca,Reserva Nacional,Arequipa,2022,0.0,32.71224185180671,283627.7328395713
de Salinas y Aguada Blanca,Reserva Nacional,Arequipa,2023,0.0,33.0557475524903,283627.73283956357
de Salinas y Aguada Blanca,Reserva Nacional,Arequipa,2024,0.0,32.96967453002936,283627.7328395323
de Salinas y Aguada Blanca,Reserva Nacional,Arequipa,2025,0.0,32.79789489135749,283627.7328395643
de Salinas y Aguada Blanca,Reserva Nacional,Moquegua,1985,0.0,28.50430593872075,26337.101937426545
de Salinas y Aguada Blanca,Reserva Nacional,Moquegua,1986,0.0,27.64569438476565,26337.101937481413
de Salinas y Aguada Blanca,Reserva Nacional,Moquegua,1987,0.0,42.32694612426766,26337.101937426552
de Salinas y Aguada Blanca,Reserva Nacional,Moquegua,1988,0.0,63.5334613464353,26337.10193742662
de Salinas y Aguada Blanca,Reserva Nacional,Moquegua,1989,0.0,62.33147484741192,26337.101937426654
de Salinas y Aguada Blanca,Reserva Nacional,Moquegua,1990,0.0,64.22028211059538,26337.10193742666
de Salinas y Aguada Blanca,Reserva Nacional,Moquegua,1991,0.0,67.39699890136683,26337.101937426545
de Salinas y Aguada Blanca,Reserva Nacional,Moquegua,1992,0.0,73.32110714721665,26337.101937426443
de Salinas y Aguada Blanca,Reserva Nacional,Moquegua,1993,0.0,71.77572369384743,26337.101937481406
de Salinas y Aguada Blanca,Reserva Nacional,Moquegua,1994,0.0,75.03828955688459,26337.101937426676
de Salinas y Aguada Blanca,Reserva Nacional,Moquegua,1995,0.0,78.98769954223617,26337.10193742656
de Salinas y Aguada Blanca,Reserva Nacional,Moquegua,1996,0.0,78.12916200561506,26337.10193742662
de Salinas y Aguada Blanca,Reserva Nacional,Moquegua,1997,0.0,68.77069369506806,26337.101937426552
de Salinas y Aguada Blanca,Reserva Nacional,Moquegua,1998,0.0,63.44756220703098,26337.10193742664
de Salinas y Aguada Blanca,Reserva Nacional,Moquegua,1999,0.0,68.77076552123992,26337.101937426494
de Salinas y Aguada Blanca,Reserva Nacional,Moquegua,2000,0.0,70.40209204101534,26337.10193742654
de Salinas y Aguada Blanca,Reserva Nacional,Moquegua,2001,0.0,67.13951677246057,26337.101937426512
de Salinas y Aguada Blanca,Reserva Nacional,Moquegua,2002,0.0,67.74046550903292,26337.101937426618
de Salinas y Aguada Blanca,Reserva Nacional,Moquegua,2003,0.0,60.52846803588846,26337.101937426476
de Salinas y Aguada Blanca,Reserva Nacional,Moquegua,2004,0.0,64.1344297912594,26337.101937426687
de Salinas y Aguada Blanca,Reserva Nacional,Moquegua,2005,0.0,72.46248533325179,26337.101937426745
de Salinas y Aguada Blanca,Reserva Nacional,Moquegua,2006,0.0,99.59319918212853,26337.101937427044
de Salinas y Aguada Blanca,Reserva Nacional,Moquegua,2007,0.0,112.3860476013179,26337.10193748201
de Salinas y Aguada Blanca,Reserva Nacional,Moquegua,2008,0.0,109.209312506103,26337.10193742702
de Salinas y Aguada Blanca,Reserva Nacional,Moquegua,2009,0.0,104.4872658325192,26337.101937427084
de Salinas y Aguada Blanca,Reserva Nacional,Moquegua,2010,0.0,82.6796044128417,26337.10193742697
de Salinas y Aguada Blanca,Reserva Nacional,Moquegua,2011,0.0,80.01804524536112,26337.101937427
de Salinas y Aguada Blanca,Reserva Nacional,Moquegua,2012,0.0,63.70528072509748,26337.101937481857
de Salinas y Aguada Blanca,Reserva Nacional,Moquegua,2013,0.0,52.88739334106452,26337.101937426858
de Salinas y Aguada Blanca,Reserva Nacional,Moquegua,2014,0.0,69.45766033325162,26337.101937426974
de Salinas y Aguada Blanca,Reserva Nacional,Moquegua,2015,0.0,102.1690274597166,26337.101937500338
de Salinas y Aguada Blanca,Reserva Nacional,Moquegua,2016,0.0,94.61360870361307,26337.101937427084
de Salinas y Aguada Blanca,Reserva Nacional,Moquegua,2017,0.0,67.31137669067357,26337.101937426844
de Salinas y Aguada Blanca,Reserva Nacional,Moquegua,2018,0.0,62.76098749999996,26337.101937426938
de Salinas y Aguada Blanca,Reserva Nacional,Moquegua,2019,0.0,65.16499276123032,26337.101937426985
de Salinas y Aguada Blanca,Reserva Nacional,Moquegua,2020,0.0,61.64485131225581,26337.101937427025
de Salinas y Aguada Blanca,Reserva Nacional,Moquegua,2021,0.0,64.90732654418927,26337.101937427055
de Salinas y Aguada Blanca,Reserva Nacional,Moquegua,2022,0.0,68.34154120483369,26337.10193742703
de Salinas y Aguada Blanca,Reserva Nacional,Moquegua,2023,0.0,75.21016029052696,26337.101937427142
de Salinas y Aguada Blanca,Reserva Nacional,Moquegua,2024,0.0,72.29115538330045,26337.101937427127
de Salinas y Aguada Blanca,Reserva Nacional,Moquegua,2025,0.0,72.20529745483366,26337.101937427073
de Salinas y Aguada Blanca,Reserva Nacional,Puno,1985,0.0,0.0,44.06265563964844
de Salinas y Aguada Blanca,Reserva Nacional,Puno,1986,0.0,0.0,44.06265563964845
de Salinas y Aguada Blanca,Reserva Nacional,Puno,1987,0.0,0.0,44.06265563964845
de Salinas y Aguada Blanca,Reserva Nacional,Puno,1988,0.0,0.0,44.06265563964844
de Salinas y Aguada Blanca,Reserva Nacional,Puno,1989,0.0,0.0,44.06265563964844
de Salinas y Aguada Blanca,Reserva Nacional,Puno,1990,0.0,0.0,44.06265563964845
de Salinas y Aguada Blanca,Reserva Nacional,Puno,1991,0.0,0.0,44.06265563964845
de Salinas y Aguada Blanca,Reserva Nacional,Puno,1992,0.0,0.0,44.06265563964844
de Salinas y Aguada Blanca,Reserva Nacional,Puno,1993,0.0,0.0,44.06265563964844
de Salinas y Aguada Blanca,Reserva Nacional,Puno,1994,0.0,0.0,44.06265563964844
de Salinas y Aguada Blanca,Reserva Nacional,Puno,1995,0.0,0.0,44.06265563964844
de Salinas y Aguada Blanca,Reserva Nacional,Puno,1996,0.0,0.0,44.062655639648426
de Salinas y Aguada Blanca,Reserva Nacional,Puno,1997,0.0,0.0,44.062655639648426
de Salinas y Aguada Blanca,Reserva Nacional,Puno,1998,0.0,0.0,44.06265563964844
de Salinas y Aguada Blanca,Reserva Nacional,Puno,1999,0.0,0.0,44.06265563964844
de Salinas y Aguada Blanca,Reserva Nacional,Puno,2000,0.0,0.0,44.06265563964844
de Salinas y Aguada Blanca,Reserva Nacional,Puno,2001,0.0,0.0,44.06265563964843
de Salinas y Aguada Blanca,Reserva Nacional,Puno,2002,0.0,0.0,44.06265563964843
de Salinas y Aguada Blanca,Reserva Nacional,Puno,2003,0.0,0.0,44.06265563964843
de Salinas y Aguada Blanca,Reserva Nacional,Puno,2004,0.0,0.0,44.06265563964844
de Salinas y Aguada Blanca,Reserva Nacional,Puno,2005,0.0,0.0,44.06265563964844
de Salinas y Aguada Blanca,Reserva Nacional,Puno,2006,0.0,0.0,44.06265563964844
de Salinas y Aguada Blanca,Reserva Nacional,Puno,2007,0.0,0.0,44.06265563964844
de Salinas y Aguada Blanca,Reserva Nacional,Puno,2008,0.0,0.0,44.06265563964844
de Salinas y Aguada Blanca,Reserva Nacional,Puno,2009,0.0,0.0,44.06265563964844
de Salinas y Aguada Blanca,Reserva Nacional,Puno,2010,0.0,0.0,44.062655639648455
de Salinas y Aguada Blanca,Reserva Nacional,Puno,2011,0.0,0.0,44.06265563964845
de Salinas y Aguada Blanca,Reserva Nacional,Puno,2012,0.0,0.0,44.06265563964843
de Salinas y Aguada Blanca,Reserva Nacional,Puno,2013,0.0,0.0,44.06265563964844
de Salinas y Aguada Blanca,Reserva Nacional,Puno,2014,0.0,0.0,44.06265563964844
de Salinas y Aguada Blanca,Reserva Nacional,Puno,2015,0.0,0.0,44.06265563964844
de Salinas y Aguada Blanca,Reserva Nacional,Puno,2016,0.0,0.0,44.06265563964844
de Salinas y Aguada Blanca,Reserva Nacional,Puno,2017,0.0,0.0,44.06265563964844
de Salinas y Aguada Blanca,Reserva Nacional,Puno,2018,0.0,0.0,44.06265563964844
de Salinas y Aguada Blanca,Reserva Nacional,Puno,2019,0.0,0.0,44.06265563964844
de Salinas y Aguada Blanca,Reserva Nacional,Puno,2020,0.0,0.0,44.06265563964844
de Salinas y Aguada Blanca,Reserva Nacional,Puno,2021,0.0,0.0,44.06265563964844
de Salinas y Aguada Blanca,Reserva Nacional,Puno,2022,0.0,0.0,44.06265563964844
de Salinas y Aguada Blanca,Reserva Nacional,Puno,2023,0.0,0.0,44.06265563964843
de Salinas y Aguada Blanca,Reserva Nacional,Puno,2024,0.0,0.0,44.06265563964844
de Salinas y Aguada Blanca,Reserva Nacional,Puno,2025,0.0,0.0,44.06265563964844
de Tingo María,Parque Nacional,Huánuco,1985,0.0,3280.518783001686,4126.613494763149
de Tingo María,Parque Nacional,Huánuco,1986,0.0,3273.107237023904,4126.613494763153
de Tingo María,Parque Nacional,Huánuco,1987,0.0,3315.548647082482,4126.6134947631335
de Tingo María,Parque Nacional,Huánuco,1988,0.0,3370.427785461378,4126.613494763124
de Tingo María,Parque Nacional,Huánuco,1989,0.0,3383.927736523382,4126.61349476312
de Tingo María,Parque Nacional,Huánuco,1990,0.0,3393.544542163011,4126.613494763101
de Tingo María,Parque Nacional,Huánuco,1991,0.0,3412.868024493322,4126.613494763087
de Tingo María,Parque Nacional,Huánuco,1992,0.0,3407.044124578774,4126.613494763092
de Tingo María,Parque Nacional,Huánuco,1993,0.0,3420.017032696474,4126.613494763115
de Tingo María,Parque Nacional,Huánuco,1994,0.0,3415.781706841974,4126.613494763108
de Tingo María,Parque Nacional,Huánuco,1995,0.0,3433.166032733101,4126.613494763123
de Tingo María,Parque Nacional,Huánuco,1996,0.0,3391.784276464811,4126.61349476314
de Tingo María,Parque Nacional,Huánuco,1997,0.0,3364.519350457728,4126.613494763134
de Tingo María,Parque Nacional,Huánuco,1998,0.0,3341.576023449668,4126.613494763133
de Tingo María,Parque Nacional,Huánuco,1999,0.0,3327.987858428906,4126.613494763122
de Tingo María,Parque Nacional,Huánuco,2000,0.0,3308.311565270949,4126.6134947631235
de Tingo María,Parque Nacional,Huánuco,2001,0.0,3270.548435552953,4126.613494763146
de Tingo María,Parque Nacional,Huánuco,2002,0.0,3268.961255462626,4126.613494763152
de Tingo María,Parque Nacional,Huánuco,2003,0.0,3284.756541107166,4126.613494763158
de Tingo María,Parque Nacional,Huánuco,2004,0.0,3286.963250970455,4126.613494763167
de Tingo María,Parque Nacional,Huánuco,2005,0.0,3290.492747375482,4126.613494763164
de Tingo María,Parque Nacional,Huánuco,2006,0.0,3303.462045428442,4126.613494763145
de Tingo María,Parque Nacional,Huánuco,2007,0.0,3300.551313519259,4126.613494763143
de Tingo María,Parque Nacional,Huánuco,2008,0.0,3314.67064988401,4126.613494763149
de Tingo María,Parque Nacional,Huánuco,2009,0.0,3298.611920581038,4126.613494763156
de Tingo María,Parque Nacional,Huánuco,2010,0.0,3218.850110211181,4126.613494763173
de Tingo María,Parque Nacional,Huánuco,2011,0.0,3207.556592681878,4126.613494763166
de Tingo María,Parque Nacional,Huánuco,2012,0.0,3187.614729058835,4126.613494763169
de Tingo María,Parque Nacional,Huánuco,2013,0.0,3172.526727740473,4126.613494763167
de Tingo María,Parque Nacional,Huánuco,2014,0.0,3170.321277728266,4126.613494763167
de Tingo María,Parque Nacional,Huánuco,2015,0.0,3207.55396050414,4126.613494763164
de Tingo María,Parque Nacional,Huánuco,2016,0.0,3198.642347076412,4126.61349476317
de Tingo María,Parque Nacional,Huánuco,2017,0.0,3212.318621594234,4126.61349476317
de Tingo María,Parque Nacional,Huánuco,2018,0.0,3220.259719049069,4126.613494763168
de Tingo María,Parque Nacional,Huánuco,2019,0.0,3225.201615460204,4126.613494763171
de Tingo María,Parque Nacional,Huánuco,2020,0.0,3203.40882754516,4126.613494763168
de Tingo María,Parque Nacional,Huánuco,2021,0.0,3202.968482452391,4126.613494763171
de Tingo María,Parque Nacional,Huánuco,2022,0.0,3156.469948211673,4126.613494763175
de Tingo María,Parque Nacional,Huánuco,2023,0.0,3165.205255902108,4126.613494763182
de Tingo María,Parque Nacional,Huánuco,2024,0.0,3092.592437841769,4126.613494763147
de Tingo María,Parque Nacional,Huánuco,2025,0.0,3017.77300451658,4126.613494763151
de la Pampa de Ayacucho,Santuario Histórico,Ayacucho,1985,0.0,0.0,429.75725672607575
de la Pampa de Ayacucho,Santuario Histórico,Ayacucho,1986,0.0,0.0,429.7572567260758
de la Pampa de Ayacucho,Santuario Histórico,Ayacucho,1987,0.0,0.0,429.7572567260756
de la Pampa de Ayacucho,Santuario Histórico,Ayacucho,1988,0.0,0.0,429.75725672607496
de la Pampa de Ayacucho,Santuario Histórico,Ayacucho,1989,0.0,0.0,429.7572567260743
de la Pampa de Ayacucho,Santuario Histórico,Ayacucho,1990,0.0,0.0,429.75725672607433
de la Pampa de Ayacucho,Santuario Histórico,Ayacucho,1991,0.0,0.0,429.7572567260739
de la Pampa de Ayacucho,Santuario Histórico,Ayacucho,1992,0.0,0.0,429.7572567260739
de la Pampa de Ayacucho,Santuario Histórico,Ayacucho,1993,0.0,0.0,429.75725672607405
de la Pampa de Ayacucho,Santuario Histórico,Ayacucho,1994,0.0,0.0,429.757256726074
de la Pampa de Ayacucho,Santuario Histórico,Ayacucho,1995,0.0,0.0,429.7572567260744
de la Pampa de Ayacucho,Santuario Histórico,Ayacucho,1996,0.0,0.0,429.7572567260749
de la Pampa de Ayacucho,Santuario Histórico,Ayacucho,1997,0.0,0.0,429.7572567260744
de la Pampa de Ayacucho,Santuario Histórico,Ayacucho,1998,0.0,0.0,429.75725672607496
de la Pampa de Ayacucho,Santuario Histórico,Ayacucho,1999,0.0,0.0,429.75725672607484
de la Pampa de Ayacucho,Santuario Histórico,Ayacucho,2000,0.0,0.0,429.75725672607484
de la Pampa de Ayacucho,Santuario Histórico,Ayacucho,2001,0.0,0.0,429.7572567260752
de la Pampa de Ayacucho,Santuario Histórico,Ayacucho,2002,0.0,0.0,429.7572567260749
de la Pampa de Ayacucho,Santuario Histórico,Ayacucho,2003,0.0,0.0,429.757256726075
de la Pampa de Ayacucho,Santuario Histórico,Ayacucho,2004,0.0,0.0,429.75725672607496
de la Pampa de Ayacucho,Santuario Histórico,Ayacucho,2005,0.0,0.0,429.7572567260752
de la Pampa de Ayacucho,Santuario Histórico,Ayacucho,2006,0.0,0.0,429.7572567260749
de la Pampa de Ayacucho,Santuario Histórico,Ayacucho,2007,0.0,0.0,429.75725672607496
de la Pampa de Ayacucho,Santuario Histórico,Ayacucho,2008,0.0,0.0,429.7572567260749
de la Pampa de Ayacucho,Santuario Histórico,Ayacucho,2009,0.0,0.0,429.75725672607484
de la Pampa de Ayacucho,Santuario Histórico,Ayacucho,2010,0.0,0.0,429.75725672607496
de la Pampa de Ayacucho,Santuario Histórico,Ayacucho,2011,0.0,0.0,429.7572567260753
de la Pampa de Ayacucho,Santuario Histórico,Ayacucho,2012,0.0,0.0,429.75725672607524
de la Pampa de Ayacucho,Santuario Histórico,Ayacucho,2013,0.0,0.0,429.7572567260749
de la Pampa de Ayacucho,Santuario Histórico,Ayacucho,2014,0.0,0.0,429.7572567260748
de la Pampa de Ayacucho,Santuario Histórico,Ayacucho,2015,0.0,0.0,429.75725672607473
de la Pampa de Ayacucho,Santuario Histórico,Ayacucho,2016,0.0,0.0,429.75725672607484
de la Pampa de Ayacucho,Santuario Histórico,Ayacucho,2017,0.0,0.0,429.75725672607496
de la Pampa de Ayacucho,Santuario Histórico,Ayacucho,2018,0.0,0.0,429.7572567260752
de la Pampa de Ayacucho,Santuario Histórico,Ayacucho,2019,0.0,0.0,429.7572567260752
de la Pampa de Ayacucho,Santuario Histórico,Ayacucho,2020,0.0,0.0,429.75725672607547
de la Pampa de Ayacucho,Santuario Histórico,Ayacucho,2021,0.0,3.399094934082032,429.75725672607524
de la Pampa de Ayacucho,Santuario Histórico,Ayacucho,2022,0.0,7.756910870361329,429.7572567260748
de la Pampa de Ayacucho,Santuario Histórico,Ayacucho,2023,0.0,10.11013197631836,429.7572567260747
de la Pampa de Ayacucho,Santuario Histórico,Ayacucho,2024,0.0,13.77069120483398,429.75725672607496
de la Pampa de Ayacucho,Santuario Histórico,Ayacucho,2025,0.0,13.77069166870117,429.75725672607484
del Manu,Parque Nacional,Cusco,1985,0.0,387912.0413386117,421806.45643344073
del Manu,Parque Nacional,Cusco,1986,0.0,387668.6111592721,421806.45643344073
del Manu,Parque Nacional,Cusco,1987,0.0,386689.4689717843,421806.4564334411
del Manu,Parque Nacional,Cusco,1988,0.0,386556.0328061651,421806.456433441
del Manu,Parque Nacional,Cusco,1989,0.0,386379.2998305613,421806.45643344155
del Manu,Parque Nacional,Cusco,1990,0.0,386470.0846705644,421806.4564334421
del Manu,Parque Nacional,Cusco,1991,0.0,386189.2488279304,421806.4564334415
del Manu,Parque Nacional,Cusco,1992,0.0,386304.0302996708,421806.45643344114
del Manu,Parque Nacional,Cusco,1993,0.0,386854.1246752391,421806.456433442
del Manu,Parque Nacional,Cusco,1994,0.0,386079.95441361185,421806.45643344184
del Manu,Parque Nacional,Cusco,1995,0.0,388058.1097855292,421806.4564334411
del Manu,Parque Nacional,Cusco,1996,0.0,386827.71255582443,421806.45643344236
del Manu,Parque Nacional,Cusco,1997,0.0,386214.2843853948,421806.4564334406
del Manu,Parque Nacional,Cusco,1998,0.0,386297.95571621857,421806.4564337108
del Manu,Parque Nacional,Cusco,1999,0.0,385833.7273833164,421806.4564334435
del Manu,Parque Nacional,Cusco,2000,0.0,384169.5808235879,421806.45643344376
del Manu,Parque Nacional,Cusco,2001,0.0,385498.7520596621,421806.45643344085
del Manu,Parque Nacional,Cusco,2002,0.0,385627.01390237303,421806.4564334393
del Manu,Parque Nacional,Cusco,2003,0.0,384351.07155066635,421806.45643344166
del Manu,Parque Nacional,Cusco,2004,0.0,384740.6918915834,421806.45643344027
del Manu,Parque Nacional,Cusco,2005,0.0,384563.3061059593,421806.4564334422
del Manu,Parque Nacional,Cusco,2006,0.0,384558.65790692065,421806.4564334392
del Manu,Parque Nacional,Cusco,2007,0.0,384605.7238282517,421806.4564334389
del Manu,Parque Nacional,Cusco,2008,0.0,385222.9034622011,421806.4564334401
del Manu,Parque Nacional,Cusco,2009,0.0,385769.3618532263,421806.4564334438
del Manu,Parque Nacional,Cusco,2010,0.0,386228.58993777336,421806.4564334452
del Manu,Parque Nacional,Cusco,2011,0.0,386929.4814444304,421806.4564334439
del Manu,Parque Nacional,Cusco,2012,0.0,387764.9004352919,421806.4564334416
del Manu,Parque Nacional,Cusco,2013,0.0,387722.3215830571,421806.4564337092
del Manu,Parque Nacional,Cusco,2014,0.0,387830.75484681455,421806.45643370954
del Manu,Parque Nacional,Cusco,2015,0.0,387905.691453914,421806.45643344184
del Manu,Parque Nacional,Cusco,2016,0.0,387666.68695630005,421806.4564334412
del Manu,Parque Nacional,Cusco,2017,0.0,387912.8556189957,421806.4564337106
del Manu,Parque Nacional,Cusco,2018,0.0,388030.3765078078,421806.4564334421
del Manu,Parque Nacional,Cusco,2019,0.0,387881.0147461943,421806.45643371216
del Manu,Parque Nacional,Cusco,2020,0.0,388207.4147023408,421806.4564334438
del Manu,Parque Nacional,Cusco,2021,0.0,387533.17937132734,421806.45643344213
del Manu,Parque Nacional,Cusco,2022,0.0,387170.17285044584,421806.4564334413
del Manu,Parque Nacional,Cusco,2023,0.0,386800.11583979585,421806.4564334415
del Manu,Parque Nacional,Cusco,2024,0.0,385732.9841176413,421806.45643344853
del Manu,Parque Nacional,Cusco,2025,0.0,385399.68000233575,421806.45643344446
del Manu,Parque Nacional,Madre de Dios,1985,0.0,140918.09440683888,145795.1585066741
del Manu,Parque Nacional,Madre de Dios,1986,0.0,140772.55128310304,145795.15850667484
del Manu,Parque Nacional,Madre de Dios,1987,0.0,140982.08624869684,145795.15850667417
del Manu,Parque Nacional,Madre de Dios,1988,0.0,141320.63847828886,145795.15850667024
del Manu,Parque Nacional,Madre de Dios,1989,0.0,141307.59460521955,145795.15850667222
del Manu,Parque Nacional,Madre de Dios,1990,0.0,141440.54203212017,145795.15850667463
del Manu,Parque Nacional,Madre de Dios,1991,0.0,141539.88209758687,145795.158506675
del Manu,Parque Nacional,Madre de Dios,1992,0.0,141529.14261038182,145795.15850667702
del Manu,Parque Nacional,Madre de Dios,1993,0.0,141751.83113691362,145795.15850667682
del Manu,Parque Nacional,Madre de Dios,1994,0.0,141637.53530056635,145795.15850667597
del Manu,Parque Nacional,Madre de Dios,1995,0.0,141837.4110456165,145795.15850667606
del Manu,Parque Nacional,Madre de Dios,1996,0.0,141807.72842219175,145795.1585066766
del Manu,Parque Nacional,Madre de Dios,1997,0.0,141869.65515793994,145795.15850667653
del Manu,Parque Nacional,Madre de Dios,1998,0.0,141887.34698372718,145795.15850667638
del Manu,Parque Nacional,Madre de Dios,1999,0.0,141745.44527155106,145795.1585066768
del Manu,Parque Nacional,Madre de Dios,2000,0.0,141580.30164182064,145795.1585066766
del Manu,Parque Nacional,Madre de Dios,2001,0.0,141317.3951891888,145795.1585066754
del Manu,Parque Nacional,Madre de Dios,2002,0.0,141481.36849946072,145795.1585066751
del Manu,Parque Nacional,Madre de Dios,2003,0.0,140969.0259499722,145795.15850667382
del Manu,Parque Nacional,Madre de Dios,2004,0.0,140912.30920886368,145795.15850667254
del Manu,Parque Nacional,Madre de Dios,2005,0.0,141111.6508336455,145795.15850667408
del Manu,Parque Nacional,Madre de Dios,2006,0.0,140964.37828865703,145795.15850667463
del Manu,Parque Nacional,Madre de Dios,2007,0.0,140747.66474726322,145795.15850667487
del Manu,Parque Nacional,Madre de Dios,2008,0.0,140812.70736250264,145795.1585066738
del Manu,Parque Nacional,Madre de Dios,2009,0.0,140901.610888955,145795.15850667353
del Manu,Parque Nacional,Madre de Dios,2010,0.0,141045.8770112081,145795.1585066732
del Manu,Parque Nacional,Madre de Dios,2011,0.0,141046.01292757172,145795.1585066733
del Manu,Parque Nacional,Madre de Dios,2012,0.0,141122.25068988337,145795.1585066741
del Manu,Parque Nacional,Madre de Dios,2013,0.0,141073.51860575145,145795.1585066731
del Manu,Parque Nacional,Madre de Dios,2014,0.0,140936.44012699177,145795.15850667318
del Manu,Parque Nacional,Madre de Dios,2015,0.0,140832.65335329247,145795.15850667382
del Manu,Parque Nacional,Madre de Dios,2016,0.0,140767.20709178702,145795.1585066735
del Manu,Parque Nacional,Madre de Dios,2017,0.0,140788.47813717768,145795.1585066723
del Manu,Parque Nacional,Madre de Dios,2018,0.0,140994.61586783757,145795.15850667426
del Manu,Parque Nacional,Madre de Dios,2019,0.0,140880.32114209878,145795.158506674
del Manu,Parque Nacional,Madre de Dios,2020,0.0,140967.33843396627,145795.15850667137
del Manu,Parque Nacional,Madre de Dios,2021,0.0,141226.5274024302,145795.15850667216
del Manu,Parque Nacional,Madre de Dios,2022,0.0,141244.69519394482,145795.15850667068
del Manu,Parque Nacional,Madre de Dios,2023,0.0,141226.0073073347,145795.1585066694
del Manu,Parque Nacional,Madre de Dios,2024,0.0,141144.17498377638,145795.15850667068
del Manu,Parque Nacional,Madre de Dios,2025,0.0,140523.21265917577,145795.15850667332
del Manu,Parque Nacional,Ucayali,1985,0.0,59749.62424775571,59995.64270664243
del Manu,Parque Nacional,Ucayali,1986,0.0,59744.97676831858,59995.64270664255
del Manu,Parque Nacional,Ucayali,1987,0.0,59737.26181804987,59995.64270664239
del Manu,Parque Nacional,Ucayali,1988,0.0,59759.09229366076,59995.64270664293
del Manu,Parque Nacional,Ucayali,1989,0.0,59732.43952034486,59995.642706642466
del Manu,Parque Nacional,Ucayali,1990,0.0,59753.21790367054,59995.64270664295
del Manu,Parque Nacional,Ucayali,1991,0.0,59758.477177761146,59995.64270664298
del Manu,Parque Nacional,Ucayali,1992,0.0,59738.3143326862,59995.642706642495
del Manu,Parque Nacional,Ucayali,1993,0.0,59756.023895095146,59995.642706643
del Manu,Parque Nacional,Ucayali,1994,0.0,59743.9255272849,59995.64270664281
del Manu,Parque Nacional,Ucayali,1995,0.0,59732.61591109193,59995.642706642466
del Manu,Parque Nacional,Ucayali,1996,0.0,59737.52537569794,59995.64270664276
del Manu,Parque Nacional,Ucayali,1997,0.0,59749.09854298319,59995.64270664286
del Manu,Parque Nacional,Ucayali,1998,0.0,59737.87681794025,59995.64270664264
del Manu,Parque Nacional,Ucayali,1999,0.0,59743.31240400025,59995.64270664308
del Manu,Parque Nacional,Ucayali,2000,0.0,59742.610781258576,59995.6427066431
del Manu,Parque Nacional,Ucayali,2001,0.0,59731.38907611909,59995.64270664278
del Manu,Parque Nacional,Ucayali,2002,0.0,59734.457616701555,59995.64270664296
del Manu,Parque Nacional,Ucayali,2003,0.0,59726.83007480076,59995.6427066428
del Manu,Parque Nacional,Ucayali,2004,0.0,59721.4824036701,59995.64270664251
del Manu,Parque Nacional,Ucayali,2005,0.0,59730.51248453575,59995.64270664268
del Manu,Parque Nacional,Ucayali,2006,0.0,59727.180985658735,59995.642706642626
del Manu,Parque Nacional,Ucayali,2007,0.0,59722.3587162311,59995.64270664248
del Manu,Parque Nacional,Ucayali,2008,0.0,59738.66567528304,59995.6427066429
del Manu,Parque Nacional,Ucayali,2009,0.0,59746.90693249144,59995.64270664305
del Manu,Parque Nacional,Ucayali,2010,0.0,59742.78634963607,59995.64270664291
del Manu,Parque Nacional,Ucayali,2011,0.0,59731.915102474064,59995.642706642764
del Manu,Parque Nacional,Ucayali,2012,0.0,59732.44098266207,59995.64270664278
del Manu,Parque Nacional,Ucayali,2013,0.0,59737.87682555762,59995.64270664283
del Manu,Parque Nacional,Ucayali,2014,0.0,59741.73455772325,59995.642706642924
del Manu,Parque Nacional,Ucayali,2015,0.0,59742.61111484598,59995.64270664286
del Manu,Parque Nacional,Ucayali,2016,0.0,59743.312586837004,59995.64270664291
del Manu,Parque Nacional,Ucayali,2017,0.0,59745.32912328105,59995.642706642866
del Manu,Parque Nacional,Ucayali,2018,0.0,59744.54020232153,59995.642706642815
del Manu,Parque Nacional,Ucayali,2019,0.0,59751.203225783654,59995.642706643026
del Manu,Parque Nacional,Ucayali,2020,0.0,59750.15135778447,59995.642706643106
del Manu,Parque Nacional,Ucayali,2021,0.0,59747.959172457224,59995.64270664302
del Manu,Parque Nacional,Ucayali,2022,0.0,59750.9400974696,59995.64270664318
del Manu,Parque Nacional,Ucayali,2023,0.0,59755.323640603245,59995.64270664328
del Manu,Parque Nacional,Ucayali,2024,0.0,59753.04385055809,59995.642706643295
del Manu,Parque Nacional,Ucayali,2025,0.0,59749.44914288595,59995.64270664327
del Río Abiseo,Parque Nacional,La Libertad,1985,1.506212329101563,46146.77747416564,199564.64948585068
del Río Abiseo,Parque Nacional,La Libertad,1986,1.860615747070312,46111.395270394045,199564.64948585065
del Río Abiseo,Parque Nacional,La Libertad,1987,1.94921654663086,46844.13610566001,199564.64948585175
del Río Abiseo,Parque Nacional,La Libertad,1988,2.037817181396484,47092.42549561252,199564.64948584876
del Río Abiseo,Parque Nacional,La Libertad,1989,1.860615417480469,46606.52804559369,199564.64948584806
del Río Abiseo,Parque Nacional,La Libertad,1990,2.21501812133789,46441.6658301829,199564.64948584896
del Río Abiseo,Parque Nacional,La Libertad,1991,6.110003039550779,46688.30736449174,199564.649485849
del Río Abiseo,Parque Nacional,La Libertad,1992,6.729774798583983,46739.2140615135,199564.64948585109
del Río Abiseo,Parque Nacional,La Libertad,1993,9.651860906982417,46841.290693397845,199564.6494858495
del Río Abiseo,Parque Nacional,La Libertad,1994,10.27156972045898,46587.37833471746,199564.64948585024
del Río Abiseo,Parque Nacional,La Libertad,1995,16.73494714965823,46335.8901485434,199564.64948585143
del Río Abiseo,Parque Nacional,La Libertad,1996,25.14995186767581,46340.83196153115,199564.6494858498
del Río Abiseo,Parque Nacional,La Libertad,1997,29.57576438598636,46181.04216149994,199564.64948584975
del Río Abiseo,Parque Nacional,La Libertad,1998,30.01858750610354,46189.234926568686,199564.6494858499
del Río Abiseo,Parque Nacional,La Libertad,1999,36.92613663940427,46428.23828397303,199564.64948584896
del Río Abiseo,Parque Nacional,La Libertad,2000,39.67256568603517,46656.19297850533,199564.64948585094
del Río Abiseo,Parque Nacional,La Libertad,2001,45.87252244262696,46796.240170184436,199564.64948584707
del Río Abiseo,Parque Nacional,La Libertad,2002,55.08388602294924,46937.110111035756,199564.64948584832
del Río Abiseo,Parque Nacional,La Libertad,2003,71.73479762573238,46905.82217121076,199564.64948584783
del Río Abiseo,Parque Nacional,La Libertad,2004,82.36113795776372,46924.70669210382,199564.64948584914
del Río Abiseo,Parque Nacional,La Libertad,2005,94.31941743774414,46805.35705108234,199564.64948584867
del Río Abiseo,Parque Nacional,La Libertad,2006,126.5448566467284,46648.02993346015,199564.64948584858
del Río Abiseo,Parque Nacional,La Libertad,2007,139.3862885314937,46909.71428266028,199564.6494858474
del Río Abiseo,Parque Nacional,La Libertad,2008,138.58696307373,46924.31917084412,199564.64948584823
del Río Abiseo,Parque Nacional,La Libertad,2009,152.9374658935544,47011.683676252,199564.649485847
del Río Abiseo,Parque Nacional,La Libertad,2010,157.3669856811521,47028.62767242487,199564.64948584724
del Río Abiseo,Parque Nacional,La Libertad,2011,156.1277354492184,46737.47910945518,199564.64948584983
del Río Abiseo,Parque Nacional,La Libertad,2012,158.0765858947751,46657.81983199729,199564.64948585106
del Río Abiseo,Parque Nacional,La Libertad,2013,168.0877717834472,46403.961507728745,199564.64948585164
del Río Abiseo,Parque Nacional,La Libertad,2014,167.1148664794919,46314.3637469943,199564.64948585205
del Río Abiseo,Parque Nacional,La Libertad,2015,182.6994773925781,46371.0736832013,199564.64948585356
del Río Abiseo,Parque Nacional,La Libertad,2016,195.2776395019531,46134.96644752512,199564.64948585271
del Río Abiseo,Parque Nacional,La Libertad,2017,208.2126949768069,46295.35495801132,199564.64948585484
del Río Abiseo,Parque Nacional,La Libertad,2018,223.0050977355964,46306.89008423801,199564.6494858533
del Río Abiseo,Parque Nacional,La Libertad,2019,250.1167737060553,46966.71480617297,199564.64948585126
del Río Abiseo,Parque Nacional,La Libertad,2020,254.5442883666997,47063.98355260276,199564.6494858513
del Río Abiseo,Parque Nacional,La Libertad,2021,258.0878389099125,47261.38381258176,199564.64948585178
del Río Abiseo,Parque Nacional,La Libertad,2022,268.8951505676276,47480.494673196445,199564.64948584986
del Río Abiseo,Parque Nacional,La Libertad,2023,258.3533869567876,47562.89301947983,199564.64948585234
del Río Abiseo,Parque Nacional,La Libertad,2024,263.1377726013188,47852.15938009233,199564.64948584966
del Río Abiseo,Parque Nacional,La Libertad,2025,259.5068587036136,47919.93881980396,199564.6494858528
del Río Abiseo,Parque Nacional,San Martín,1985,0.0,416635.3847004835,470631.37627175334
del Río Abiseo,Parque Nacional,San Martín,1986,0.0,416726.2995998554,470631.37627175386
del Río Abiseo,Parque Nacional,San Martín,1987,0.0,418352.9277991916,470631.37627174926
del Río Abiseo,Parque Nacional,San Martín,1988,0.0,418745.6162958018,470631.37627173465
del Río Abiseo,Parque Nacional,San Martín,1989,0.0,418482.8641546314,470631.37627175084
del Río Abiseo,Parque Nacional,San Martín,1990,0.0,419279.08895767,470631.376271756
del Río Abiseo,Parque Nacional,San Martín,1991,0.0,420268.29437949025,470631.37627175596
del Río Abiseo,Parque Nacional,San Martín,1992,0.0,420804.38913745346,470631.3762717601
del Río Abiseo,Parque Nacional,San Martín,1993,0.0,421086.5463697968,470631.3762717611
del Río Abiseo,Parque Nacional,San Martín,1994,0.0,420475.86638943554,470631.376271759
del Río Abiseo,Parque Nacional,San Martín,1995,0.0,420437.6339413087,470631.376271752
del Río Abiseo,Parque Nacional,San Martín,1996,0.0,419223.66150642914,470631.3762717542
del Río Abiseo,Parque Nacional,San Martín,1997,0.0,417788.7801030036,470631.37627174077
del Río Abiseo,Parque Nacional,San Martín,1998,0.0,416341.4437338025,470631.37627174717
del Río Abiseo,Parque Nacional,San Martín,1999,0.0,416233.16765127995,470631.37627175
del Río Abiseo,Parque Nacional,San Martín,2000,0.0,416536.3325444933,470631.37627175666
del Río Abiseo,Parque Nacional,San Martín,2001,0.0,415632.2530631497,470631.376271748
del Río Abiseo,Parque Nacional,San Martín,2002,0.0,415126.2669840926,470631.3762717562
del Río Abiseo,Parque Nacional,San Martín,2003,0.0,415090.7352174429,470631.37627176335
del Río Abiseo,Parque Nacional,San Martín,2004,0.0,415740.1274744313,470631.37627176923
del Río Abiseo,Parque Nacional,San Martín,2005,0.0,414151.2987867852,470631.3762717639
del Río Abiseo,Parque Nacional,San Martín,2006,0.0,413357.99100972584,470631.37627176725
del Río Abiseo,Parque Nacional,San Martín,2007,0.0,412990.64746198617,470631.37627175706
del Río Abiseo,Parque Nacional,San Martín,2008,0.0,412227.0694381994,470631.3762717618
del Río Abiseo,Parque Nacional,San Martín,2009,0.0,411618.7836294544,470631.3762717633
del Río Abiseo,Parque Nacional,San Martín,2010,0.0,411883.71535126824,470631.37627176975
del Río Abiseo,Parque Nacional,San Martín,2011,0.0,410215.08474688564,470631.37627176294
del Río Abiseo,Parque Nacional,San Martín,2012,0.0,409652.78080764797,470631.37627176434
del Río Abiseo,Parque Nacional,San Martín,2013,0.0,408919.4162474959,470631.3762717748
del Río Abiseo,Parque Nacional,San Martín,2014,0.0,408406.43877794646,470631.376271769
del Río Abiseo,Parque Nacional,San Martín,2015,0.0,407829.4088487869,470631.3762717659
del Río Abiseo,Parque Nacional,San Martín,2016,0.0,406747.34865733184,470631.37627175363
del Río Abiseo,Parque Nacional,San Martín,2017,0.0,407517.5831001973,470631.37627176644
del Río Abiseo,Parque Nacional,San Martín,2018,0.0,407104.4026054049,470631.37627174926
del Río Abiseo,Parque Nacional,San Martín,2019,0.0,407110.6833703263,470631.37627175363
del Río Abiseo,Parque Nacional,San Martín,2020,0.0,406253.0538205882,470631.37627174705
del Río Abiseo,Parque Nacional,San Martín,2021,0.0,405596.40347207215,470631.37627174763
del Río Abiseo,Parque Nacional,San Martín,2022,0.0,404825.6622547536,470631.3762717387
del Río Abiseo,Parque Nacional,San Martín,2023,0.0,405924.67647036747,470631.3762717454
del Río Abiseo,Parque Nacional,San Martín,2024,0.0,405290.05060132657,470631.3762717478
del Río Abiseo,Parque Nacional,San Martín,2025,0.0,404157.61072650173,470631.37627174583
del Titicaca,Reserva Nacional,Puno,1985,0.0,0.0,164667.4946829214
del Titicaca,Reserva Nacional,Puno,1986,0.0,0.0,164667.49468288512
del Titicaca,Reserva Nacional,Puno,1987,0.0,0.0,164667.4946828885
del Titicaca,Reserva Nacional,Puno,1988,0.0,0.0,164667.49468289022
del Titicaca,Reserva Nacional,Puno,1989,0.0,0.0,164667.4946828915
del Titicaca,Reserva Nacional,Puno,1990,0.0,0.0,164667.49468289135
del Titicaca,Reserva Nacional,Puno,1991,0.0,0.0,164667.4946829227
del Titicaca,Reserva Nacional,Puno,1992,0.0,0.0,164667.49468289455
del Titicaca,Reserva Nacional,Puno,1993,0.0,0.0,164667.49468289575
del Titicaca,Reserva Nacional,Puno,1994,0.0,0.0,164667.49468289537
del Titicaca,Reserva Nacional,Puno,1995,0.0,0.0,164667.49468289537
del Titicaca,Reserva Nacional,Puno,1996,0.0,0.0,164667.49468289656
del Titicaca,Reserva Nacional,Puno,1997,0.0,0.0,164667.49468289624
del Titicaca,Reserva Nacional,Puno,1998,0.0,0.0,164667.49468289717
del Titicaca,Reserva Nacional,Puno,1999,0.0,0.0,164667.49468289502
del Titicaca,Reserva Nacional,Puno,2000,0.0,0.0,164667.49468292738
del Titicaca,Reserva Nacional,Puno,2001,0.0,0.0,164667.49468289505
del Titicaca,Reserva Nacional,Puno,2002,0.0,0.0,164667.4946828957
del Titicaca,Reserva Nacional,Puno,2003,0.0,0.0,164667.4946828963
del Titicaca,Reserva Nacional,Puno,2004,0.0,0.0,164667.49468289613
del Titicaca,Reserva Nacional,Puno,2005,0.0,0.0,164667.4946828958
del Titicaca,Reserva Nacional,Puno,2006,0.0,0.0,164667.4946828963
del Titicaca,Reserva Nacional,Puno,2007,0.0,0.0,164667.49468289575
del Titicaca,Reserva Nacional,Puno,2008,0.0,0.0,164667.49468289493
del Titicaca,Reserva Nacional,Puno,2009,0.0,0.0,164667.49468289546
del Titicaca,Reserva Nacional,Puno,2010,0.0,0.0,164667.49468289615
del Titicaca,Reserva Nacional,Puno,2011,0.0,0.0,164667.49468292663
del Titicaca,Reserva Nacional,Puno,2012,0.0,0.0,164667.49468289554
del Titicaca,Reserva Nacional,Puno,2013,0.0,0.0,164667.49468289598
del Titicaca,Reserva Nacional,Puno,2014,0.0,0.0,164667.49468292712
del Titicaca,Reserva Nacional,Puno,2015,0.0,0.0,164667.4946829262
del Titicaca,Reserva Nacional,Puno,2016,0.0,0.0,164667.49468292674
del Titicaca,Reserva Nacional,Puno,2017,0.0,0.0,164667.49468289604
del Titicaca,Reserva Nacional,Puno,2018,0.0,0.0,164667.49468289586
del Titicaca,Reserva Nacional,Puno,2019,0.0,0.0,164667.4946828956
del Titicaca,Reserva Nacional,Puno,2020,0.0,0.0,164667.49468289706
del Titicaca,Reserva Nacional,Puno,2021,0.0,0.0,164667.49468289613
del Titicaca,Reserva Nacional,Puno,2022,0.0,0.0,164667.49468289668
del Titicaca,Reserva Nacional,Puno,2023,0.0,0.0,164667.49468289723
del Titicaca,Reserva Nacional,Puno,2024,0.0,0.0,164667.49468289776
del Titicaca,Reserva Nacional,Puno,2025,0.0,0.0,164667.4946828966
los Manglares de Tumbes,Santuario Nacional,Tumbes,1985,0.0,2462.5697060730313,5083.60852548829
los Manglares de Tumbes,Santuario Nacional,Tumbes,1986,0.0,2425.445919574006,5083.608525488296
los Manglares de Tumbes,Santuario Nacional,Tumbes,1987,0.0,2352.269921478308,5083.608525488302
los Manglares de Tumbes,Santuario Nacional,Tumbes,1988,0.0,2251.8760485596094,5083.608525488303
los Manglares de Tumbes,Santuario Nacional,Tumbes,1989,0.0,2111.235078308141,5083.608525488294
los Manglares de Tumbes,Santuario Nacional,Tumbes,1990,0.0,2031.5459732666186,5083.608525488304
los Manglares de Tumbes,Santuario Nacional,Tumbes,1991,0.0,2020.7469463867035,5083.608525488338
los Manglares de Tumbes,Santuario Nacional,Tumbes,1992,0.0,1958.0117008727912,5083.608525488346
los Manglares de Tumbes,Santuario Nacional,Tumbes,1993,0.0,2005.2192717895364,5083.608525488341
los Manglares de Tumbes,Santuario Nacional,Tumbes,1994,0.0,1846.6412387695166,5083.608525488343
los Manglares de Tumbes,Santuario Nacional,Tumbes,1995,0.0,1931.9540971862673,5083.608525488342
los Manglares de Tumbes,Santuario Nacional,Tumbes,1996,0.0,1705.8223029785217,5083.608525488318
los Manglares de Tumbes,Santuario Nacional,Tumbes,1997,0.0,1688.9556807067954,5083.608525488317
los Manglares de Tumbes,Santuario Nacional,Tumbes,1998,0.0,1594.2729674865875,5083.6085254883
los Manglares de Tumbes,Santuario Nacional,Tumbes,1999,0.0,1489.863371661393,5083.608525488247
los Manglares de Tumbes,Santuario Nacional,Tumbes,2000,0.0,1525.4698542053397,5083.608525488279
los Manglares de Tumbes,Santuario Nacional,Tumbes,2001,0.0,1489.3281890808273,5083.608525488264
los Manglares de Tumbes,Santuario Nacional,Tumbes,2002,0.0,1518.7770416381989,5083.6085254882655
los Manglares de Tumbes,Santuario Nacional,Tumbes,2003,0.0,1514.3149798950367,5083.608525488274
los Manglares de Tumbes,Santuario Nacional,Tumbes,2004,0.0,1491.2017944519248,5083.608525488285
los Manglares de Tumbes,Santuario Nacional,Tumbes,2005,0.0,1480.4931190979196,5083.608525488287
los Manglares de Tumbes,Santuario Nacional,Tumbes,2006,0.0,1471.0337184936734,5083.608525488306
los Manglares de Tumbes,Santuario Nacional,Tumbes,2007,0.0,1498.7872512024123,5083.608525488291
los Manglares de Tumbes,Santuario Nacional,Tumbes,2008,0.0,1439.9777869995314,5083.608525488275
los Manglares de Tumbes,Santuario Nacional,Tumbes,2009,0.0,1448.2771788269229,5083.608525488284
los Manglares de Tumbes,Santuario Nacional,Tumbes,2010,0.0,1440.9593775818055,5083.608525488283
los Manglares de Tumbes,Santuario Nacional,Tumbes,2011,0.0,1417.75694375002,5083.608525488258
los Manglares de Tumbes,Santuario Nacional,Tumbes,2012,0.0,1421.504885949726,5083.608525488276
los Manglares de Tumbes,Santuario Nacional,Tumbes,2013,0.0,1432.8382068237506,5083.608525488291
los Manglares de Tumbes,Santuario Nacional,Tumbes,2014,0.0,1435.8724889831728,5083.608525488314
los Manglares de Tumbes,Santuario Nacional,Tumbes,2015,0.0,1421.8617160583688,5083.608525488261
los Manglares de Tumbes,Santuario Nacional,Tumbes,2016,0.0,1437.4787494812201,5083.608525488236
los Manglares de Tumbes,Santuario Nacional,Tumbes,2017,0.0,1432.6597546814153,5083.608525488239
los Manglares de Tumbes,Santuario Nacional,Tumbes,2018,0.0,1434.0874890014843,5083.608525488245
los Manglares de Tumbes,Santuario Nacional,Tumbes,2019,0.0,1455.9513455810752,5083.608525488251
los Manglares de Tumbes,Santuario Nacional,Tumbes,2020,0.0,1461.2163031189164,5083.608525488245
los Manglares de Tumbes,Santuario Nacional,Tumbes,2021,0.0,1436.9431755798544,5083.608525488247
los Manglares de Tumbes,Santuario Nacional,Tumbes,2022,0.0,1466.2138649658398,5083.608525488253
los Manglares de Tumbes,Santuario Nacional,Tumbes,2023,0.0,1489.6834863220413,5083.608525488292
los Manglares de Tumbes,Santuario Nacional,Tumbes,2024,0.0,1485.5785186828803,5083.608525488277
los Manglares de Tumbes,Santuario Nacional,Tumbes,2025,0.0,1491.6467372436714,5083.608525488283
