department,biome,year,mining_ha,forest_ha,total_ha
Amazonas,Amazonía,1985,9.274882122802731,3045916.196227481,3713166.8455921737
Amazonas,Amazonía,1986,9.809971191406246,3045569.7296422203,3713166.8455921854
Amazonas,Amazonía,1987,8.918183898925783,3050092.488943287,3713166.8455921747
Amazonas,Amazonía,1988,15.69600214233399,3042806.8594733314,3713166.8455922334
Amazonas,Amazonía,1989,6.064363964843751,3046099.298692504,3713166.8455921877
Amazonas,Amazonía,1990,4.726655187988282,3041042.7330627497,3713166.84559218
Amazonas,Amazonía,1991,4.726655187988282,3041936.5507442513,3713166.84559226
Amazonas,Amazonía,1992,22.29541674804686,3037613.1003589914,3713166.845592244
Amazonas,Amazonía,1993,16.14183759765626,3025499.0955177974,3713166.845592223
Amazonas,Amazonía,1994,15.87429357299805,3021894.191258603,3713166.8455921807
Amazonas,Amazonía,1995,18.28219382324218,3012730.380205229,3713166.8455921803
Amazonas,Amazonía,1996,11.14771021728517,3008340.3155647283,3713166.845592253
Amazonas,Amazonía,1997,7.580425872802741,2998914.944768174,3713166.8455921686
Amazonas,Amazonía,1998,15.78514066772461,2996138.325677803,3713166.8455922916
Amazonas,Amazonía,1999,13.28804854125977,2992697.761314765,3713166.8455921994
Amazonas,Amazonía,2000,13.02052680664064,2986985.868654698,3713166.8455921556
Amazonas,Amazonía,2001,7.134543090820308,2976420.4906283487,3713166.8455921356
Amazonas,Amazonía,2002,11.05850285034181,2966859.9902377734,3713166.8455921616
Amazonas,Amazonía,2003,8.472265191650386,2963077.6697311583,3713166.8455921654
Amazonas,Amazonía,2004,8.29389716796875,2961042.797260759,3713166.8455922063
Amazonas,Amazonía,2005,5.61845756225586,2959259.4604410254,3713166.8455921896
Amazonas,Amazonía,2006,19.26326125488281,2960880.637929289,3713166.84559218
Amazonas,Amazonía,2007,8.828986120605474,2958757.6182733746,3713166.8455921686
Amazonas,Amazonía,2008,14.98253831176759,2956582.490776979,3713166.845592245
Amazonas,Amazonía,2009,18.28224763793945,2957599.5811205325,3713166.8455922096
Amazonas,Amazonía,2010,13.91234642333986,2954271.0828162166,3713166.8455922836
Amazonas,Amazonía,2011,9.9883286682129,2954415.302787787,3713166.8455922115
Amazonas,Amazonía,2012,10.34505256958009,2956144.951908036,3713166.8455922157
Amazonas,Amazonía,2013,9.096529644775396,2951481.0779127115,3713166.84559222
Amazonas,Amazonía,2014,4.904981475830079,2946983.9071170203,3713166.845592221
Amazonas,Amazonía,2015,5.350925384521488,2946184.7387285344,3713166.845592269
Amazonas,Amazonía,2016,25.77334537963869,2947838.4998307885,3713166.845592226
Amazonas,Amazonía,2017,28.3595755371094,2948039.5651576063,3713166.8455922995
Amazonas,Amazonía,2018,25.14904710083009,2941012.351046957,3713166.845592221
Amazonas,Amazonía,2019,23.45472167968748,2942098.969353653,3713166.845592196
Amazonas,Amazonía,2020,15.69589776611329,2937754.542763964,3713166.845592229
Amazonas,Amazonía,2021,17.39034645385741,2930739.1520246244,3713166.8455922864
Amazonas,Amazonía,2022,29.34058842163084,2922850.0424198285,3713166.845592281
Amazonas,Amazonía,2023,35.93998978271483,2909900.6010205885,3713166.8455922236
Amazonas,Amazonía,2024,42.09352136230475,2889185.587713925,3713166.8455922226
Amazonas,Amazonía,2025,60.82155416259764,2873441.2501915153,3713166.845592216
Amazonas,Andes,1985,0.0,87723.40502231933,214067.9873335294
Amazonas,Andes,1986,0.0,87723.22699720337,214067.98733352943
Amazonas,Andes,1987,0.0,85828.1477270072,214067.9873335297
Amazonas,Andes,1988,0.0,85241.49815351446,214067.9873335291
Amazonas,Andes,1989,0.0,85176.05592838042,214067.9873335297
Amazonas,Andes,1990,0.0,84337.85762615902,214067.98733352925
Amazonas,Andes,1991,0.0,84408.03360587641,214067.98733352858
Amazonas,Andes,1992,0.0,83480.37783385016,214067.98733352995
Amazonas,Andes,1993,0.0,83160.10409038085,214067.98733353004
Amazonas,Andes,1994,0.0,82834.7763047795,214067.9873335306
Amazonas,Andes,1995,0.0,81614.12438457078,214067.98733353053
Amazonas,Andes,1996,0.0,80899.42106676716,214067.98733353132
Amazonas,Andes,1997,0.0,80473.89507407251,214067.98733353085
Amazonas,Andes,1998,0.0,80731.15473768834,214067.98733352934
Amazonas,Andes,1999,0.0,80945.94908315357,214067.9873335296
Amazonas,Andes,2000,0.0,81422.49733606578,214067.98733353056
Amazonas,Andes,2001,0.0,80186.00233557669,214067.98733352922
Amazonas,Andes,2002,0.0,79731.29038652916,214067.9873335296
Amazonas,Andes,2003,0.0,79212.50362816572,214067.98733352733
Amazonas,Andes,2004,0.0,79272.44065719376,214067.98733352785
Amazonas,Andes,2005,0.0,79106.38144929147,214067.9873335296
Amazonas,Andes,2006,0.0,79622.44274658637,214067.9873335284
Amazonas,Andes,2007,0.0,80035.03338557685,214067.98733352916
Amazonas,Andes,2008,0.0,79802.29894973095,214067.98733352864
Amazonas,Andes,2009,0.0,80574.19839774711,214067.9873335284
Amazonas,Andes,2010,0.0,80048.89939602654,214067.98733352954
Amazonas,Andes,2011,0.0,80504.85401463001,214067.9873335294
Amazonas,Andes,2012,0.0,80921.26776517871,214067.98733352896
Amazonas,Andes,2013,0.0,80578.48117791025,214067.98733352846
Amazonas,Andes,2014,0.0,79990.58701156559,214067.98733352878
Amazonas,Andes,2015,0.0,79922.85747618298,214067.98733352867
Amazonas,Andes,2016,0.0,79567.41136946886,214067.9873335287
Amazonas,Andes,2017,0.0,79711.54717651877,214067.98733352867
Amazonas,Andes,2018,0.0,78840.11521414653,214067.987333528
Amazonas,Andes,2019,0.0,79161.80233586373,214067.9873335293
Amazonas,Andes,2020,0.0,78544.60596401252,214067.98733352867
Amazonas,Andes,2021,0.0,78322.99564528126,214067.98733352902
Amazonas,Andes,2022,0.0,77409.83315592755,214067.987333531
Amazonas,Andes,2023,0.0,76519.2627649058,214067.98733353123
Amazonas,Andes,2024,0.0,75107.35239237643,214067.9873335296
Amazonas,Andes,2025,0.0,75421.96102070334,214067.98733353047
Apurímac,Andes,1985,6.948675250244141,158011.40781614307,2110573.2414391385
Apurímac,Andes,1986,6.948675250244141,157475.34713069288,2110573.241438947
Apurímac,Andes,1987,5.561500787353517,153129.22354925465,2110573.2414389495
Apurímac,Andes,1988,5.561501373291017,150306.256385812,2110573.2414389616
Apurímac,Andes,1989,5.73493983154297,149972.80208487302,2110573.24143895
Apurímac,Andes,1990,5.561308618164064,151346.16910348323,2110573.2414389797
Apurímac,Andes,1991,7.639239855957033,152223.79081342768,2110573.2414389574
Apurímac,Andes,1992,7.465878771972659,152548.05235521123,2110573.2414389653
Apurímac,Andes,1993,8.591569549560548,152591.71873939683,2110573.2414391623
Apurímac,Andes,1994,6.767592785644533,153921.3026130043,2110573.2414389527
Apurímac,Andes,1995,9.972235931396487,156429.31066494016,2110573.241438957
Apurímac,Andes,1996,9.973011700439455,157880.6002564076,2110573.2414389225
Apurímac,Andes,1997,21.58153712768554,160111.19118786982,2110573.2414389453
Apurímac,Andes,1998,23.48789619140624,159237.7001804185,2110573.241438951
Apurímac,Andes,1999,27.38656431274415,158320.05839988164,2110573.2414389467
Apurímac,Andes,2000,22.53486858520506,159611.20810996497,2110573.2414389253
Apurímac,Andes,2001,24.78648829956054,160188.17845919635,2110573.2414389616
Apurímac,Andes,2002,21.93031177978514,160498.77588012558,2110573.241438962
Apurímac,Andes,2003,23.74716594238279,159787.0373880305,2110573.2414389625
Apurímac,Andes,2004,21.66828518676758,159619.48322038422,2110573.2414391437
Apurímac,Andes,2005,25.47922605590821,159701.6544574944,2110573.2414389485
Apurímac,Andes,2006,18.46298063354493,157316.23012684815,2110573.24143897
Apurímac,Andes,2007,18.81042734985353,155074.83739230156,2110573.2414389635
Apurímac,Andes,2008,17.25082416381837,154660.44994027558,2110573.2414389607
Apurímac,Andes,2009,21.23864156494141,152760.79976104558,2110573.241438965
Apurímac,Andes,2010,22.02201516723634,152838.85567917826,2110573.241438937
Apurímac,Andes,2011,28.18679882812501,153940.360259219,2110573.24143895
Apurímac,Andes,2012,37.3926025756836,152964.73947873717,2110573.241438926
Apurímac,Andes,2013,186.8963508422845,153818.56524922716,2110573.2414389704
Apurímac,Andes,2014,410.7494423156725,152954.21586300287,2110573.2414389905
Apurímac,Andes,2015,625.6133715881302,151695.34756739746,2110573.241438968
Apurímac,Andes,2016,1096.458884381101,153824.980622189,2110573.2414389495
Apurímac,Andes,2017,1396.808495544439,154056.34510556867,2110573.24143894
Apurímac,Andes,2018,1600.436575274666,154009.10656395496,2110573.241438946
Apurímac,Andes,2019,1768.28218840943,154687.649446901,2110573.2414389513
Apurímac,Andes,2020,2075.73171965944,154867.51422324407,2110573.2414389383
Apurímac,Andes,2021,2269.117533593764,154595.6166006301,2110573.2414389327
Apurímac,Andes,2022,2410.363697265633,156828.74282999424,2110573.241438946
Apurímac,Andes,2023,2488.743780804446,159653.9297966631,2110573.2414389723
Apurímac,Andes,2024,2562.630167370624,162940.2092993058,2110573.241439158
Apurímac,Andes,2025,2612.839467449954,162868.63832923144,2110573.2414389662
Arequipa,Andes,1985,147.1845298461912,5488.681855010967,4017380.690350947
Arequipa,Andes,1986,182.4470235717764,5458.887952655007,4017380.690350907
Arequipa,Andes,1987,152.382638848876,4550.546563183588,4017380.6903508697
Arequipa,Andes,1988,200.4692695068341,4285.106952197273,4017380.6903508217
Arequipa,Andes,1989,274.7004266723631,4256.733066766364,4017380.6903512185
Arequipa,Andes,1990,278.0376930847162,4337.979305584728,4017380.6903508627
Arequipa,Andes,1991,299.5384974731448,4375.055064563,4017380.6903508054
Arequipa,Andes,1992,323.2524944763185,4277.991728833005,4017380.690350815
Arequipa,Andes,1993,314.680959973143,4244.168138586437,4017380.690350787
Arequipa,Andes,1994,291.8803990417463,4332.514638427731,4017380.6903508045
Arequipa,Andes,1995,357.1441810607911,4447.804901190189,4017380.6903508524
Arequipa,Andes,1996,405.3247562500043,4495.311052691657,4017380.690350987
Arequipa,Andes,1997,465.2740019348147,4401.259846154789,4017380.6903508324
Arequipa,Andes,1998,623.6346005615245,4255.169151611337,4017380.690350956
Arequipa,Andes,1999,582.908409222412,4168.281664062505,4017380.690350994
Arequipa,Andes,2000,661.7196422058113,4157.083815313728,4017380.690350945
Arequipa,Andes,2001,659.1133484985363,4209.267054351817,4017380.6903508957
Arequipa,Andes,2002,666.4452359436046,4205.66507395631,4017380.6903509977
Arequipa,Andes,2003,776.4587720947317,4189.502453125008,4017380.690350856
Arequipa,Andes,2004,822.0478097473144,4062.696769140631,4017380.690350967
Arequipa,Andes,2005,854.8015286132757,4007.815754840093,4017380.690350855
Arequipa,Andes,2006,914.3966401672262,3998.335314788815,4017380.690350907
Arequipa,Andes,2007,1014.576350109856,4050.173986114502,4017380.690350855
Arequipa,Andes,2008,1152.497549584979,4063.255542559818,4017380.6903510005
Arequipa,Andes,2009,1401.623935382203,4031.227640887455,4017380.690350827
Arequipa,Andes,2010,1428.460037744276,4060.609179394535,4017380.6903508664
Arequipa,Andes,2011,1761.870797833411,4173.873815002443,4017380.6903509144
Arequipa,Andes,2012,2023.982325201523,4118.741701501469,4017380.6903510666
Arequipa,Andes,2013,2091.297385675106,4135.646511627204,4017380.690350855
Arequipa,Andes,2014,2151.19471433719,4087.035839947512,4017380.690350825
Arequipa,Andes,2015,2522.684557555903,4121.261851263425,4017380.6903509684
Arequipa,Andes,2016,2863.161529442781,4125.052342767329,4017380.690350839
Arequipa,Andes,2017,3354.294800279987,4189.250359564203,4017380.6903508836
Arequipa,Andes,2018,3617.337137798595,4225.148955590826,4017380.690350861
Arequipa,Andes,2019,4110.716325176838,4162.846860247802,4017380.6903508063
Arequipa,Andes,2020,4500.792467523152,4021.041043206784,4017380.6903508385
Arequipa,Andes,2021,4558.54142606197,4044.914924041756,4017380.690350878
Arequipa,Andes,2022,5169.699603698606,4084.002229412847,4017380.690350984
Arequipa,Andes,2023,5628.859405553791,3991.276759924311,4017380.690351042
Arequipa,Andes,2024,6219.355371605732,3946.066664086909,4017380.690351016
Arequipa,Andes,2025,6912.591968321903,3962.102546429438,4017380.6903510285
Arequipa,Desierto costero,1985,26.51271791381832,9.86926268310548,2307359.611984635
Arequipa,Desierto costero,1986,32.54251705322262,12.35459533691408,2307359.611983066
Arequipa,Desierto costero,1987,19.53819781494137,14.59392117919923,2307359.6119845673
Arequipa,Desierto costero,1988,20.74367147216793,13.30188605346681,2307359.6119846166
Arequipa,Desierto costero,1989,46.57536912231441,13.38946353149415,2307359.611982161
Arequipa,Desierto costero,1990,47.60864523925778,15.02740820922853,2307359.6119844615
Arequipa,Desierto costero,1991,49.76129024658199,14.07909289550783,2307359.6119845863
Arequipa,Desierto costero,1992,21.60473585815426,14.16623797607423,2307359.6119845696
Arequipa,Desierto costero,1993,38.73969848022458,14.16501262207032,2307359.6119844797
Arequipa,Desierto costero,1994,74.58840541381836,14.50765787353517,2307359.6119844713
Arequipa,Desierto costero,1995,20.65756561279293,13.04424783935548,2307359.6119844965
Arequipa,Desierto costero,1996,65.00210506591795,12.61860164794923,2307359.611984485
Arequipa,Desierto costero,1997,38.82580501708982,14.16597496337892,2307359.6119821137
Arequipa,Desierto costero,1998,65.00210506591796,13.47603557739259,2307359.611984632
Arequipa,Desierto costero,1999,66.12147686767578,14.164215814209,2307359.6119844504
Arequipa,Desierto costero,2000,65.8631593811035,14.76884052124025,2307359.6119817686
Arequipa,Desierto costero,2001,65.8631593811035,15.45712360229493,2307359.61198409
Arequipa,Desierto costero,2002,66.12147686767578,15.62922937622072,2307359.611979631
Arequipa,Desierto costero,2003,66.12147686767578,15.63010350341798,2307359.6119820764
Arequipa,Desierto costero,2004,66.12147686767578,16.49051516723634,2307359.611984523
Arequipa,Desierto costero,2005,66.12147686767578,14.85559122924806,2307359.611984465
Arequipa,Desierto costero,2006,66.12147686767578,15.37289848022463,2307359.6119845123
Arequipa,Desierto costero,2007,66.12147686767578,13.22316895751954,2307359.611984498
Arequipa,Desierto costero,2008,79.93491423339843,12.87450471191408,2307359.611984445
Arequipa,Desierto costero,2009,84.58387542114257,13.73793368530275,2307359.6119843894
Arequipa,Desierto costero,2010,84.58387542114257,13.90801423950197,2307359.6119845067
Arequipa,Desierto costero,2011,98.88248870239258,14.16569822998048,2307359.6119844215
Arequipa,Desierto costero,2012,114.8960736633301,11.92972279052736,2307359.6119845593
Arequipa,Desierto costero,2013,115.0682679504395,12.71399232177735,2307359.611984441
Arequipa,Desierto costero,2014,140.3119784362793,13.56684000854494,2307359.611984462
Arequipa,Desierto costero,2015,211.0895457153318,13.65215765380861,2307359.611984445
Arequipa,Desierto costero,2016,230.4960662902828,14.85724899291993,2307359.611984441
Arequipa,Desierto costero,2017,232.6357945068355,14.51368032226564,2307359.6119844783
Arequipa,Desierto costero,2018,287.7426324096676,13.48345538330079,2307359.61198443
Arequipa,Desierto costero,2019,287.8287238464351,12.96451036987306,2307359.611984436
Arequipa,Desierto costero,2020,454.2414898620606,12.62288965454102,2307359.611984445
Arequipa,Desierto costero,2021,301.2822164428707,12.6249410522461,2307359.611984557
Arequipa,Desierto costero,2022,588.8254711181639,14.51343067626954,2307359.61198286
Arequipa,Desierto costero,2023,757.8869619689947,13.90814822387697,2307359.6119821593
Arequipa,Desierto costero,2024,746.6492284790053,13.81966193847658,2307359.6119845165
Arequipa,Desierto costero,2025,1036.03555502319,13.90676642456056,2307359.611984426
Ayacucho,Amazonía,1985,0.0,270658.94206188334,345678.53518815816
Ayacucho,Amazonía,1986,0.0,270193.2288127802,345678.5351881579
Ayacucho,Amazonía,1987,0.0,271635.1520500154,345678.53518815566
Ayacucho,Amazonía,1988,0.0,269588.6573240233,345678.53518816544
Ayacucho,Amazonía,1989,0.0,267180.09483941284,345678.53518815624
Ayacucho,Amazonía,1990,0.0,265556.950810826,345678.53518815746
Ayacucho,Amazonía,1991,0.0,264935.1420897484,345678.53518834413
Ayacucho,Amazonía,1992,0.0,266205.86822069506,345678.5351881513
Ayacucho,Amazonía,1993,0.0,268223.36860185384,345678.5351881643
Ayacucho,Amazonía,1994,0.0,269179.724520835,345678.53518816346
Ayacucho,Amazonía,1995,0.0,268167.44933566946,345678.53518815985
Ayacucho,Amazonía,1996,0.0,268440.82427528326,345678.53518816165
Ayacucho,Amazonía,1997,0.0,268205.744794854,345678.53518816497
Ayacucho,Amazonía,1998,0.0,267633.016529972,345678.535188164
Ayacucho,Amazonía,1999,0.0,268869.42412717594,345678.53518816846
Ayacucho,Amazonía,2000,0.0,268941.67859228636,345678.53518816695
Ayacucho,Amazonía,2001,0.0,269085.5192481563,345678.53518815903
Ayacucho,Amazonía,2002,0.0,268901.12823709747,345678.53518816055
Ayacucho,Amazonía,2003,0.0,267194.7534219713,345678.53518816404
Ayacucho,Amazonía,2004,0.0,266077.7801132057,345678.5351881571
Ayacucho,Amazonía,2005,0.0,266153.2505455649,345678.5351881566
Ayacucho,Amazonía,2006,0.0,266563.24469070864,345678.535188159
Ayacucho,Amazonía,2007,0.0,267068.2462953051,345678.5351881715
Ayacucho,Amazonía,2008,0.0,266482.69055580406,345678.5351883557
Ayacucho,Amazonía,2009,0.0,266605.83301164047,345678.53518816165
Ayacucho,Amazonía,2010,0.0,263443.34282057243,345678.53518835345
Ayacucho,Amazonía,2011,0.0,260303.2852351204,345678.535188166
Ayacucho,Amazonía,2012,0.0,259308.85561635141,345678.53518817265
Ayacucho,Amazonía,2013,0.0,255978.18862485833,345678.5351881666
Ayacucho,Amazonía,2014,0.0,253408.72011441132,345678.5351881699
Ayacucho,Amazonía,2015,0.0,254050.83333226296,345678.5351881745
Ayacucho,Amazonía,2016,0.0,251167.58498013418,345678.5351881819
Ayacucho,Amazonía,2017,0.0,249296.26083880808,345678.5351881765
Ayacucho,Amazonía,2018,0.0,248522.29663214463,345678.53518818336
Ayacucho,Amazonía,2019,0.0,247398.9025653891,345678.5351881755
Ayacucho,Amazonía,2020,0.0,246110.01153398908,345678.53518818505
Ayacucho,Amazonía,2021,0.0,249016.29515259457,345678.5351881781
Ayacucho,Amazonía,2022,0.0,247599.9089497367,345678.53518817615
Ayacucho,Amazonía,2023,0.0,245868.003573676,345678.5351881819
Ayacucho,Amazonía,2024,0.0,244091.787009961,345678.53518818
Ayacucho,Amazonía,2025,0.0,243379.04762266835,345678.5351881794
Ayacucho,Andes,1985,13.86139008789062,100414.18833870688,3943748.8991377885
Ayacucho,Andes,1986,13.86139008789062,100562.08986390838,3943748.899137051
Ayacucho,Andes,1987,16.87707954101562,100603.45304203237,3943748.899137059
Ayacucho,Andes,1988,13.674048046875,100489.69985187851,3943748.8991379235
Ayacucho,Andes,1989,14.7087038269043,99025.69483518004,3943748.8991370457
Ayacucho,Andes,1990,27.07444418334961,97920.83365745083,3943748.8991370867
Ayacucho,Andes,1991,27.50777203979492,97720.05461333471,3943748.8991377368
Ayacucho,Andes,1992,23.0109368041992,97857.95997029878,3943748.899137028
Ayacucho,Andes,1993,27.16343538818359,97658.40616774076,3943748.8991377
Ayacucho,Andes,1994,25.09559940185546,96727.33594918676,3943748.89913705
Ayacucho,Andes,1995,35.64706824340822,96405.8329268298,3943748.8991370215
Ayacucho,Andes,1996,29.59326810302733,97200.14679585394,3943748.899137033
Ayacucho,Andes,1997,31.31289354248047,96334.36614025656,3943748.8991379626
Ayacucho,Andes,1998,27.51007601928711,95045.6246663439,3943748.899137036
Ayacucho,Andes,1999,33.30156654663086,94570.37458022966,3943748.8991370266
Ayacucho,Andes,2000,37.79862657470703,94195.6259659353,3943748.8991372036
Ayacucho,Andes,2001,41.69774575195312,94403.5284635313,3943748.899137058
Ayacucho,Andes,2002,52.7723287658691,94826.61253340394,3943748.8991370266
Ayacucho,Andes,2003,56.75500106201174,95197.3946718729,3943748.8991370443
Ayacucho,Andes,2004,65.48636200561526,95591.79322285467,3943748.8991377684
Ayacucho,Andes,2005,79.49171458129888,95054.33006017236,3943748.899137032
Ayacucho,Andes,2006,86.16407290039075,95110.02036362235,3943748.899138105
Ayacucho,Andes,2007,99.74470606079105,94539.61543793998,3943748.8991370685
Ayacucho,Andes,2008,95.51301206665046,94880.2383823877,3943748.8991376697
Ayacucho,Andes,2009,116.6453972167969,94820.84529170886,3943748.8991370397
Ayacucho,Andes,2010,119.4244721496584,94648.2507229098,3943748.899138555
Ayacucho,Andes,2011,154.1331945983887,94510.03690801546,3943748.8991379486
Ayacucho,Andes,2012,187.9315772705076,94821.72247920017,3943748.8991370504
Ayacucho,Andes,2013,287.9985235229489,93908.26366341612,3943748.899137089
Ayacucho,Andes,2014,346.1200643310548,93331.73330223426,3943748.899137086
Ayacucho,Andes,2015,447.1166023010259,93733.80864933596,3943748.899137037
Ayacucho,Andes,2016,538.6699063110356,96855.43367103905,3943748.8991370383
Ayacucho,Andes,2017,591.9362359680173,96166.34895071424,3943748.8991370304
Ayacucho,Andes,2018,724.7308251770007,95979.78798391219,3943748.899137029
Ayacucho,Andes,2019,747.0487555358864,97485.13164627721,3943748.899137009
Ayacucho,Andes,2020,1207.655048541255,96623.96082785231,3943748.8991379463
Ayacucho,Andes,2021,1289.185879443357,96993.46113099542,3943748.8991370145
Ayacucho,Andes,2022,1350.399219525144,97384.92972428157,3943748.899136994
Ayacucho,Andes,2023,1337.93152679443,97158.97904341662,3943748.8991379538
Ayacucho,Andes,2024,1352.896590563961,97346.54844728063,3943748.8991387915
Ayacucho,Andes,2025,1688.978389636246,97209.28421035426,3943748.8991378834
Ayacucho,Desierto costero,1985,0.0,3.456996215820312,70423.64170519481
Ayacucho,Desierto costero,1986,0.0,3.456996215820312,70423.64170519462
Ayacucho,Desierto costero,1987,0.0,4.753342340087891,70423.64170519359
Ayacucho,Desierto costero,1988,0.0,5.185462750244141,70423.64170519327
Ayacucho,Desierto costero,1989,0.0,5.704032446289062,70423.64170519327
Ayacucho,Desierto costero,1990,0.0,5.876874279785156,70423.64170519318
Ayacucho,Desierto costero,1991,0.0,5.358304583740233,70423.64170519408
Ayacucho,Desierto costero,1992,0.0,5.271883666992188,70423.64170519369
Ayacucho,Desierto costero,1993,0.0,5.358304583740233,70423.64170519354
Ayacucho,Desierto costero,1994,0.0,5.531146520996093,70423.64170519423
Ayacucho,Desierto costero,1995,0.0,5.531146520996093,70423.64170519426
Ayacucho,Desierto costero,1996,0.0,5.531146520996093,70423.6417051946
Ayacucho,Desierto costero,1997,0.0,5.444725927734375,70423.64170519395
Ayacucho,Desierto costero,1998,0.0,5.271884100341796,70423.64170519318
Ayacucho,Desierto costero,1999,0.0,5.185459783935547,70423.6417051931
Ayacucho,Desierto costero,2000,0.0,5.271880804443358,70423.64170519405
Ayacucho,Desierto costero,2001,0.0,5.271876232910156,70423.64170519405
Ayacucho,Desierto costero,2002,0.0,5.271880590820312,70423.64170519382
Ayacucho,Desierto costero,2003,0.0,4.234812927246094,70423.64170519363
Ayacucho,Desierto costero,2004,0.0,4.061961853027344,70423.64170519423
Ayacucho,Desierto costero,2005,0.0,3.889112481689454,70423.64170519446
Ayacucho,Desierto costero,2006,0.0,3.975536688232423,70423.64170519446
Ayacucho,Desierto costero,2007,0.0,3.889112481689454,70423.64170519463
Ayacucho,Desierto costero,2008,0.0,3.975536157226563,70423.64170519455
Ayacucho,Desierto costero,2009,0.0,3.802688269042969,70423.64170519426
Ayacucho,Desierto costero,2010,0.0,2.938447668457032,70423.6417051942
Ayacucho,Desierto costero,2011,0.0,2.938447668457032,70423.64170519428
Ayacucho,Desierto costero,2012,0.0,2.938447668457032,70423.64170519378
Ayacucho,Desierto costero,2013,0.0,3.284166607666016,70423.64170519394
Ayacucho,Desierto costero,2014,0.0,3.457015557861328,70423.641705194
Ayacucho,Desierto costero,2015,0.0,3.889142443847657,70423.64170519446
Ayacucho,Desierto costero,2016,0.0,3.802717596435548,70423.64170519382
Ayacucho,Desierto costero,2017,0.0,3.975566546630861,70423.64170519373
Ayacucho,Desierto costero,2018,0.0,3.889142126464844,70423.64170519396
Ayacucho,Desierto costero,2019,0.0,3.802717919921875,70423.64170519427
Ayacucho,Desierto costero,2020,0.0,3.802717919921875,70423.64170519443
Ayacucho,Desierto costero,2021,0.0,3.45699345703125,70423.64170519433
Ayacucho,Desierto costero,2022,0.0,3.45699345703125,70423.64170519447
Ayacucho,Desierto costero,2023,0.0,3.197720721435546,70423.64170519394
Ayacucho,Desierto costero,2024,0.0,3.197720721435546,70423.6417051936
Ayacucho,Desierto costero,2025,0.0,3.197720721435546,70423.64170519392
Cajamarca,Amazonía,1985,0.0,412388.7435785956,795043.8551602112
Cajamarca,Amazonía,1986,0.0,412634.9086651792,795043.8551602163
Cajamarca,Amazonía,1987,0.0,409425.2549298406,795043.8551602105
Cajamarca,Amazonía,1988,0.0,408812.6820274938,795043.8551602081
Cajamarca,Amazonía,1989,0.0,405316.30770933494,795043.8551602092
Cajamarca,Amazonía,1990,0.0,406341.94631996215,795043.8551601846
Cajamarca,Amazonía,1991,0.0,401422.1309975041,795043.8551601724
Cajamarca,Amazonía,1992,0.0,401506.36818782095,795043.8551601698
Cajamarca,Amazonía,1993,0.0,401201.34407380124,795043.8551601692
Cajamarca,Amazonía,1994,0.0,400834.05008956516,795043.855160182
Cajamarca,Amazonía,1995,0.0,400913.0409210219,795043.8551601854
Cajamarca,Amazonía,1996,0.0,396245.02523884864,795043.8551601756
Cajamarca,Amazonía,1997,0.0,390826.24563761114,795043.855160183
Cajamarca,Amazonía,1998,0.0,384863.547821896,795043.8551601939
Cajamarca,Amazonía,1999,0.0,380167.5543010306,795043.855160201
Cajamarca,Amazonía,2000,0.0,375372.59868809703,795043.8551602021
Cajamarca,Amazonía,2001,0.0,373485.1414193376,795043.8551601954
Cajamarca,Amazonía,2002,0.0,373168.2186678539,795043.8551601949
Cajamarca,Amazonía,2003,0.0,371991.7237135716,795043.8551601894
Cajamarca,Amazonía,2004,0.0,370864.84972257446,795043.8551601801
Cajamarca,Amazonía,2005,0.0,369344.11051011685,795043.8551601849
Cajamarca,Amazonía,2006,0.0,369228.704453967,795043.8551602308
Cajamarca,Amazonía,2007,0.0,368442.5842200475,795043.8551601965
Cajamarca,Amazonía,2008,0.0,366828.90693286026,795043.855160208
Cajamarca,Amazonía,2009,0.0,365967.836085971,795043.8551602022
Cajamarca,Amazonía,2010,0.0,365222.11577103403,795043.855160203
Cajamarca,Amazonía,2011,0.0,363928.17854902754,795043.8551602144
Cajamarca,Amazonía,2012,0.0,363268.8848895015,795043.855160215
Cajamarca,Amazonía,2013,0.0,363244.9514810516,795043.8551602195
Cajamarca,Amazonía,2014,0.0,361027.2585888859,795043.8551602132
Cajamarca,Amazonía,2015,0.0,362550.48716291814,795043.8551601985
Cajamarca,Amazonía,2016,0.0,362088.4199566656,795043.8551601958
Cajamarca,Amazonía,2017,0.0,363095.16808981576,795043.8551602012
Cajamarca,Amazonía,2018,0.0,362704.52101697464,795043.855160205
Cajamarca,Amazonía,2019,0.0,362871.060083024,795043.8551601992
Cajamarca,Amazonía,2020,0.0,363833.5650147155,795043.8551602032
Cajamarca,Amazonía,2021,0.0,361663.840739298,795043.8551601998
Cajamarca,Amazonía,2022,0.0,361873.66761625995,795043.8551602107
Cajamarca,Amazonía,2023,0.0,360248.1979025089,795043.8551602202
Cajamarca,Amazonía,2024,0.0,352132.59912986023,795043.8551602367
Cajamarca,Amazonía,2025,0.0,346993.0191635402,795043.855160256
Cajamarca,Andes,1985,164.8155408874514,367388.35427788773,2135852.1899318676
Cajamarca,Andes,1986,164.726747949219,366216.560110909,2135852.1899318686
Cajamarca,Andes,1987,133.5021141296389,357974.0903670945,2135852.1899317633
Cajamarca,Andes,1988,125.3544042846683,354344.7213080501,2135852.189931773
Cajamarca,Andes,1989,110.6417896667484,357350.2412223277,2135852.1899317876
Cajamarca,Andes,1990,112.7009771057129,359727.0599764907,2135852.1899317987
Cajamarca,Andes,1991,132.8425794250489,354337.735079922,2135852.1899317717
Cajamarca,Andes,1992,136.6670076416016,355889.4085342703,2135852.189931793
Cajamarca,Andes,1993,135.3260410339357,353114.6094477224,2135852.189931771
Cajamarca,Andes,1994,274.4886799316411,357152.9379178552,2135852.1899317876
Cajamarca,Andes,1995,519.427832885744,356286.259863214,2135852.1899317848
Cajamarca,Andes,1996,940.112978015127,356939.25256692315,2135852.1899317964
Cajamarca,Andes,1997,1160.662051171818,354479.9109663236,2135852.1899317843
Cajamarca,Andes,1998,1558.451793103045,353289.13380610524,2135852.189931784
Cajamarca,Andes,1999,1836.259225354042,353615.6100408539,2135852.1899317964
Cajamarca,Andes,2000,2090.975233520517,351737.8436511526,2135852.189931777
Cajamarca,Andes,2001,2357.855891638208,351865.72546706453,2135852.1899317903
Cajamarca,Andes,2002,2481.919418096904,349636.5630250165,2135852.1899317903
Cajamarca,Andes,2003,2695.012247741669,347531.31119053124,2135852.1899318136
Cajamarca,Andes,2004,2915.817471795758,347218.4903802782,2135852.1899318253
Cajamarca,Andes,2005,3042.556407550172,346436.600692076,2135852.189931826
Cajamarca,Andes,2006,3627.100426611438,347338.7401512771,2135852.189931796
Cajamarca,Andes,2007,3806.347631091425,343621.1997951149,2135852.1899317796
Cajamarca,Andes,2008,3884.031721716398,347714.1693478733,2135852.1899317675
Cajamarca,Andes,2009,3932.852971252486,345123.2244549263,2135852.189931762
Cajamarca,Andes,2010,3973.341307391385,338326.3914958813,2135852.1899317726
Cajamarca,Andes,2011,4091.79464065552,332371.8452575749,2135852.189931767
Cajamarca,Andes,2012,4264.603586987436,331532.631188525,2135852.1899317726
Cajamarca,Andes,2013,4340.236718994328,331566.7269252664,2135852.189931785
Cajamarca,Andes,2014,4456.230165295533,329446.91528136504,2135852.1899317754
Cajamarca,Andes,2015,4617.358179486153,330543.62007645157,2135852.1899317773
Cajamarca,Andes,2016,4833.238336261005,331052.89022918,2135852.1899317782
Cajamarca,Andes,2017,4952.022030554241,331185.606227466,2135852.1899317773
Cajamarca,Andes,2018,5082.92858022468,329646.4715716075,2135852.1899317703
Cajamarca,Andes,2019,5198.34511547854,330557.95930204424,2135852.1899317554
Cajamarca,Andes,2020,5309.311685351607,330051.1323003968,2135852.1899317508
Cajamarca,Andes,2021,5402.479012786869,330658.6252631238,2135852.1899317508
Cajamarca,Andes,2022,5473.734560363758,332649.1892800209,2135852.189931744
Cajamarca,Andes,2023,5538.4939981384,334614.93344217143,2135852.189931758
Cajamarca,Andes,2024,5646.289952508574,336932.4405072882,2135852.18993177
Cajamarca,Andes,2025,6269.475143097103,336503.2095791226,2135852.1899317615
Cajamarca,Bosque seco ecuatorial,1985,51.89079066162112,222385.69440096893,351301.5700497289
Cajamarca,Bosque seco ecuatorial,1986,51.89079066162112,221733.23713129346,351301.57004972425
Cajamarca,Bosque seco ecuatorial,1987,46.1251805847169,207500.1952063804,351301.57004972576
Cajamarca,Bosque seco ecuatorial,1988,47.1009264831544,205585.15531533203,351301.57004972926
Cajamarca,Bosque seco ecuatorial,1989,50.02808718872078,204880.06403458654,351301.57004973345
Cajamarca,Bosque seco ecuatorial,1990,52.42305108642583,205519.5453034121,351301.5700497325
Cajamarca,Bosque seco ecuatorial,1991,54.9954097045899,206482.37560296632,351301.5700497348
Cajamarca,Bosque seco ecuatorial,1992,58.2774075988771,205030.66576839966,351301.5700497351
Cajamarca,Bosque seco ecuatorial,1993,58.27739072875996,203572.2881425761,351301.57004974067
Cajamarca,Bosque seco ecuatorial,1994,58.72090381469746,201760.813310603,351301.57004973525
Cajamarca,Bosque seco ecuatorial,1995,61.29325983886734,204568.54333332885,351301.5700497272
Cajamarca,Bosque seco ecuatorial,1996,60.67233281860358,196218.75979285518,351301.57004973525
Cajamarca,Bosque seco ecuatorial,1997,68.56683411865254,204125.17917690254,351301.5700497325
Cajamarca,Bosque seco ecuatorial,1998,73.17939634399428,210791.53605707365,351301.5700497304
Cajamarca,Bosque seco ecuatorial,1999,76.10654727783206,212193.22397514657,351301.570049735
Cajamarca,Bosque seco ecuatorial,2000,82.40443045654303,213602.1632929114,351301.57004972786
Cajamarca,Bosque seco ecuatorial,2001,85.1542202026368,211297.9206883671,351301.570049731
Cajamarca,Bosque seco ecuatorial,2002,89.14584578857422,208200.33922499622,351301.57004973345
Cajamarca,Bosque seco ecuatorial,2003,90.21029290161134,208447.80058335653,351301.57004973147
Cajamarca,Bosque seco ecuatorial,2004,88.17013253784182,210625.870000384,351301.57004972757
Cajamarca,Bosque seco ecuatorial,2005,84.17852791748042,211386.9229803723,351301.57004973775
Cajamarca,Bosque seco ecuatorial,2006,79.12249418945318,211910.1548348582,351301.5700497378
Cajamarca,Bosque seco ecuatorial,2007,83.46892518310543,211635.81309585736,351301.5700497384
Cajamarca,Bosque seco ecuatorial,2008,85.33168307495109,211396.08657385386,351301.570049738
Cajamarca,Bosque seco ecuatorial,2009,91.00865568237295,218470.79707847052,351301.57004973735
Cajamarca,Bosque seco ecuatorial,2010,97.92747170410149,220793.03553499462,351301.5700497392
Cajamarca,Bosque seco ecuatorial,2011,102.2739011657713,220464.6286486726,351301.57004973793
Cajamarca,Bosque seco ecuatorial,2012,105.9994108276366,220415.31203104378,351301.5700497378
Cajamarca,Bosque seco ecuatorial,2013,99.435431072998,221149.81678551016,351301.57004973385
Cajamarca,Bosque seco ecuatorial,2014,95.08901185913074,220705.3667797978,351301.5700497303
Cajamarca,Bosque seco ecuatorial,2015,100.7659778198242,218793.74360836073,351301.5700497337
Cajamarca,Bosque seco ecuatorial,2016,114.8697279846189,217563.99396671832,351301.5700497297
Cajamarca,Bosque seco ecuatorial,2017,113.4504951049803,217521.61360186856,351301.57004973834
Cajamarca,Bosque seco ecuatorial,2018,118.8613384338372,216836.3492422206,351301.5700497322
Cajamarca,Bosque seco ecuatorial,2019,117.8856072448725,216056.64509251917,351301.57004973013
Cajamarca,Bosque seco ecuatorial,2020,124.0060836914052,217194.87490327196,351301.5700497283
Cajamarca,Bosque seco ecuatorial,2021,127.3767666992174,216820.88666970146,351301.5700497264
Cajamarca,Bosque seco ecuatorial,2022,127.7315822448717,217557.8561065093,351301.57004972437
Cajamarca,Bosque seco ecuatorial,2023,128.2637755981432,213957.86686883177,351301.57004973124
Cajamarca,Bosque seco ecuatorial,2024,128.0863594177232,212181.63929603668,351301.57004973124
Cajamarca,Bosque seco ecuatorial,2025,127.9976621948229,211988.69224392844,351301.57004973
Cajamarca,Desierto costero,1985,0.0,20.39793097534179,1199.4746741638055
Cajamarca,Desierto costero,1986,0.0,20.39793097534179,1199.4746741638064
Cajamarca,Desierto costero,1987,0.0,20.39793060913085,1199.4746741638069
Cajamarca,Desierto costero,1988,0.0,20.30924369506835,1199.4746741638069
Cajamarca,Desierto costero,1989,0.0,20.39793045654296,1199.4746741638069
Cajamarca,Desierto costero,1990,0.0,20.48661752319335,1199.474674163806
Cajamarca,Desierto costero,1991,0.0,22.0829777770996,1199.4746741638069
Cajamarca,Desierto costero,1992,0.0,21.99429165039061,1199.4746741638069
Cajamarca,Desierto costero,1993,0.0,24.03407386474609,1199.4746741638087
Cajamarca,Desierto costero,1994,0.0,23.59063773803711,1199.4746741638075
Cajamarca,Desierto costero,1995,0.0,20.93004758911132,1199.4746741638087
Cajamarca,Desierto costero,1996,0.0,43.81117385864262,1199.4746741638073
Cajamarca,Desierto costero,1997,0.0,86.02598748779279,1199.474674163805
Cajamarca,Desierto costero,1998,0.0,115.4699653869626,1199.47467416381
Cajamarca,Desierto costero,1999,0.0,126.8219135009763,1199.4746741638114
Cajamarca,Desierto costero,2000,0.0,127.7088491088864,1199.4746741638096
Cajamarca,Desierto costero,2001,0.0,126.2011889648436,1199.4746741638096
Cajamarca,Desierto costero,2002,0.0,126.555979559326,1199.474674163808
Cajamarca,Desierto costero,2003,0.0,119.4611281311032,1199.474674163806
Cajamarca,Desierto costero,2004,0.0,113.2529905517577,1199.4746741638062
Cajamarca,Desierto costero,2005,0.0,102.6991540527344,1199.474674163806
Cajamarca,Desierto costero,2006,0.0,90.72641547241219,1199.4746741638046
Cajamarca,Desierto costero,2007,0.0,87.3562906311036,1199.4746741638055
Cajamarca,Desierto costero,2008,0.0,96.57970025634762,1199.4746741638044
Cajamarca,Desierto costero,2009,0.0,103.4085877441403,1199.4746741638037
Cajamarca,Desierto costero,2010,0.0,102.8764702575681,1199.4746741638035
Cajamarca,Desierto costero,2011,0.0,99.94980239868137,1199.474674163804
Cajamarca,Desierto costero,2012,0.0,97.64399623413064,1199.4746741638041
Cajamarca,Desierto costero,2013,0.0,89.75085727539054,1199.4746741638046
Cajamarca,Desierto costero,2014,0.0,92.9436038391112,1199.4746741638041
Cajamarca,Desierto costero,2015,0.0,101.1028547241209,1199.4746741638041
Cajamarca,Desierto costero,2016,0.0,105.3598860961913,1199.4746741638041
Cajamarca,Desierto costero,2017,0.0,98.79703749389648,1199.4746741638037
Cajamarca,Desierto costero,2018,0.0,110.8584138916014,1199.474674163804
Cajamarca,Desierto costero,2019,0.0,117.9533498413083,1199.4746741638041
Cajamarca,Desierto costero,2020,0.0,110.8583895874022,1199.4746741638041
Cajamarca,Desierto costero,2021,0.0,106.9560670227049,1199.4746741638035
Cajamarca,Desierto costero,2022,0.0,105.9805382202148,1199.4746741638048
Cajamarca,Desierto costero,2023,0.0,102.6992588562011,1199.4746741638055
Cajamarca,Desierto costero,2024,0.0,105.6259803283691,1199.4746741638055
Cajamarca,Desierto costero,2025,0.0,95.87044558105457,1199.4746741638057
Callao,Desierto costero,1985,0.0,0.0,14437.826195794914
Callao,Desierto costero,1986,0.0,0.0,14437.826195794923
Callao,Desierto costero,1987,0.0,0.0,14437.826195794814
Callao,Desierto costero,1988,0.0,0.0,14437.826195794341
Callao,Desierto costero,1989,0.0,0.0,14437.826195794705
Callao,Desierto costero,1990,0.0,0.0,14437.82619579467
Callao,Desierto costero,1991,0.0,0.0,14437.82619579463
Callao,Desierto costero,1992,0.0,0.0,14437.82619579502
Callao,Desierto costero,1993,0.0,0.0,14437.826195795034
Callao,Desierto costero,1994,0.0,0.0,14437.826195794747
Callao,Desierto costero,1995,0.0,0.0,14437.826195794845
Callao,Desierto costero,1996,0.0,0.0,14437.826195794702
Callao,Desierto costero,1997,0.0,0.0,14437.82619579489
Callao,Desierto costero,1998,0.0,0.0,14437.826195794836
Callao,Desierto costero,1999,0.0,0.0,14437.826195794827
Callao,Desierto costero,2000,0.0,0.0,14437.826195794816
Callao,Desierto costero,2001,0.0,0.0,14437.826195794705
Callao,Desierto costero,2002,0.0,0.0,14437.82619579475
Callao,Desierto costero,2003,0.0,0.0,14437.826195794882
Callao,Desierto costero,2004,0.0,0.0,14437.826195794907
Callao,Desierto costero,2005,0.0,0.0,14437.826195794796
Callao,Desierto costero,2006,0.0,0.0,14437.826195794914
Callao,Desierto costero,2007,0.0,0.0,14437.826195795
Callao,Desierto costero,2008,0.0,0.0,14437.826195795047
Callao,Desierto costero,2009,0.0,0.0,14437.826195794842
Callao,Desierto costero,2010,0.0,0.0,14437.82619579484
Callao,Desierto costero,2011,0.0,0.0,14437.826195794973
Callao,Desierto costero,2012,0.0,0.0,14437.826195795064
Callao,Desierto costero,2013,19.95611204833985,0.0,14437.826195794885
Callao,Desierto costero,2014,33.78537210082999,0.0,14437.826195794883
Callao,Desierto costero,2015,47.2645396240236,0.0,14437.826195795033
Callao,Desierto costero,2016,69.84654218139663,0.0,14437.826195794807
Callao,Desierto costero,2017,69.84654218139663,0.0,14437.826195795089
Callao,Desierto costero,2018,69.84654218139663,0.0,14437.826195795202
Callao,Desierto costero,2019,69.84654218139663,0.0,14437.826195795195
Callao,Desierto costero,2020,69.32136539306647,0.0,14437.826195795174
Callao,Desierto costero,2021,90.58998414916974,0.0,14437.826195795182
Callao,Desierto costero,2022,90.24049407958988,0.0,14437.826195795005
Callao,Desierto costero,2023,116.4106114624023,0.0,14437.82619579505
Callao,Desierto costero,2024,201.9264716125491,0.0,14437.8261957951
Callao,Desierto costero,2025,201.6637881408694,0.0,14437.82619579503
Cusco,Amazonía,1985,15.15693182373046,3373112.963346737,3710475.1958284336
Cusco,Amazonía,1986,9.49485671386719,3371473.338609722,3710475.1958290786
Cusco,Amazonía,1987,5.662088952636714,3369501.323348378,3710475.1958281747
Cusco,Amazonía,1988,15.15692108154297,3358436.904144769,3710475.1958286623
Cusco,Amazonía,1989,13.85026463623048,3351663.3041337985,3710475.1958277947
Cusco,Amazonía,1990,14.5472950744629,3347617.5557428384,3710475.1958286795
Cusco,Amazonía,1991,1.13239638671875,3340663.0855500647,3710475.1958277784
Cusco,Amazonía,1992,2.264614282226563,3340908.9481062503,3710475.195827786
Cusco,Amazonía,1993,2.003405694580078,3340922.2306016316,3710475.1958285007
Cusco,Amazonía,1994,3.397540142822265,3343448.7274176273,3710475.1958278217
Cusco,Amazonía,1995,1.829803546142578,3344029.2603503917,3710475.195828652
Cusco,Amazonía,1996,14.37470368652344,3337914.2496422958,3710475.1958278106
Cusco,Amazonía,1997,14.20036121826173,3336159.4034197936,3710475.195827811
Cusco,Amazonía,1998,16.29151093139649,3329436.078323885,3710475.1958289635
Cusco,Amazonía,1999,9.148158416748046,3327522.2068528654,3710475.195827799
Cusco,Amazonía,2000,12.63290830688477,3324665.443089336,3710475.195827802
Cusco,Amazonía,2001,11.93580822143555,3324186.212660118,3710475.1958289165
Cusco,Amazonía,2002,11.23856107788086,3328742.3299993225,3710475.195828999
Cusco,Amazonía,2003,8.973290423583983,3321906.0438995636,3710475.1958278334
Cusco,Amazonía,2004,8.88581246948242,3322678.160415127,3710475.1958289966
Cusco,Amazonía,2005,1.045180853271484,3319728.5836609686,3710475.195827865
Cusco,Amazonía,2006,1.132279241943359,3319592.363629869,3710475.195828522
Cusco,Amazonía,2007,0.0,3316827.1041820436,3710475.195827847
Cusco,Amazonía,2008,3.048440600585938,3319929.5698544136,3710475.195828143
Cusco,Amazonía,2009,10.01655068359375,3319136.8859535656,3710475.1958278473
Cusco,Amazonía,2010,36.58272649536134,3310845.4839849463,3710475.195829902
Cusco,Amazonía,2011,56.79028433837897,3310591.7937680534,3710475.1958278073
Cusco,Amazonía,2012,133.2704203735352,3308882.509906718,3710475.1958282613
Cusco,Amazonía,2013,157.4860051147459,3307206.6923354,3710475.1958278473
Cusco,Amazonía,2014,262.3577676269533,3309091.664378454,3710475.195827829
Cusco,Amazonía,2015,271.9382423522953,3315858.472670778,3710475.1958280876
Cusco,Amazonía,2016,314.4463767517094,3314265.942270761,3710475.1958280713
Cusco,Amazonía,2017,310.7917493347175,3315290.425996772,3710475.195828982
Cusco,Amazonía,2018,408.7880013366681,3313510.8531542625,3710475.1958278585
Cusco,Amazonía,2019,472.6493084960917,3313696.3256517826,3710475.1958278436
Cusco,Amazonía,2020,666.1159396118125,3309367.538900778,3710475.195827825
Cusco,Amazonía,2021,752.1739986816351,3309581.2240611208,3710475.1958286855
Cusco,Amazonía,2022,1015.385482385225,3305849.935875349,3710475.195829844
Cusco,Amazonía,2023,1099.343673394747,3297088.9853717308,3710475.195828162
Cusco,Amazonía,2024,1263.442185790984,3293454.5568259736,3710475.1958292886
Cusco,Amazonía,2025,1606.675714074651,3287346.3717469275,3710475.1958281593
Cusco,Andes,1985,263.2320129333494,116750.61694298091,3489953.144934092
Cusco,Andes,1986,228.8294708068854,117744.34559196237,3489953.144933317
Cusco,Andes,1987,196.6602553771973,116244.23385830096,3489953.1449342743
Cusco,Andes,1988,185.5154959960934,116447.25010441996,3489953.1449338277
Cusco,Andes,1989,227.9671369201658,117583.90416569261,3489953.1449328694
Cusco,Andes,1990,266.5395734130844,118280.28959606915,3489953.1449328493
Cusco,Andes,1991,317.3890482055658,118318.82909975541,3489953.144933814
Cusco,Andes,1992,306.2448264038065,117710.04755157992,3489953.1449328745
Cusco,Andes,1993,329.5170052001937,117207.96750032272,3489953.1449331813
Cusco,Andes,1994,340.0684630126943,116748.22198551545,3489953.144932889
Cusco,Andes,1995,417.6417048278802,117170.06504122075,3489953.144932871
Cusco,Andes,1996,467.1893931640606,117581.74805393354,3489953.144933809
Cusco,Andes,1997,596.5644651306093,117582.4681220924,3489953.144932859
Cusco,Andes,1998,655.5365009765627,117016.87944083208,3489953.144933547
Cusco,Andes,1999,758.2661331787114,116658.33789735053,3489953.144932839
Cusco,Andes,2000,851.5507401367252,116291.80636943426,3489953.144932846
Cusco,Andes,2001,927.9117781616286,115986.0800388495,3489953.1449335623
Cusco,Andes,2002,1014.202669732684,116378.50849469652,3489953.1449335376
Cusco,Andes,2003,1008.661737207045,116591.43402728291,3489953.1449328405
Cusco,Andes,2004,1024.045369976808,116719.83740494368,3489953.144934403
Cusco,Andes,2005,1038.569877374266,116550.88055698856,3489953.144932884
Cusco,Andes,2006,1055.093619067376,116204.87529073562,3489953.1449331613
Cusco,Andes,2007,1055.09162581787,115292.54377113153,3489953.144932876
Cusco,Andes,2008,1119.768241125491,115694.97143689673,3489953.1449334407
Cusco,Andes,2009,1143.63626669312,115551.5102650034,3489953.14493283
Cusco,Andes,2010,1203.217854205315,115529.6878100596,3489953.1449335665
Cusco,Andes,2011,1269.193913500971,115834.00475941898,3489953.144933832
Cusco,Andes,2012,1507.725841082768,116191.23829689373,3489953.1449332885
Cusco,Andes,2013,1809.190879980489,115852.87516935507,3489953.1449328745
Cusco,Andes,2014,2209.857884094234,115537.00299453195,3489953.1449337522
Cusco,Andes,2015,2400.68728463744,114895.41375558576,3489953.144933432
Cusco,Andes,2016,2658.067553424034,114871.59203814823,3489953.1449334216
Cusco,Andes,2017,2948.044959857206,114766.1586193071,3489953.144933535
Cusco,Andes,2018,3356.48014459845,114945.88419737696,3489953.144932863
Cusco,Andes,2019,3518.310077032518,115075.19056461309,3489953.144932854
Cusco,Andes,2020,3919.01515551159,114595.96477301147,3489953.1449328074
Cusco,Andes,2021,4177.415696045044,114575.5189562575,3489953.144932839
Cusco,Andes,2022,4432.321513720844,114457.00100375479,3489953.144934531
Cusco,Andes,2023,4513.360980200315,114266.09012893811,3489953.1449334286
Cusco,Andes,2024,4657.249922583072,114242.02153046441,3489953.1449344913
Cusco,Andes,2025,4847.740819201769,114222.73212516078,3489953.144932849
Huancavelica,Amazonía,1985,0.0,21155.324394658863,68958.52671077236
Huancavelica,Amazonía,1986,0.0,21086.401540526662,68958.52671077219
Huancavelica,Amazonía,1987,0.0,20732.073873863956,68958.5267107717
Huancavelica,Amazonía,1988,0.0,20842.486667027762,68958.52671077166
Huancavelica,Amazonía,1989,0.0,21082.640911833714,68958.52671077107
Huancavelica,Amazonía,1990,0.0,20991.78335320348,68958.52671077143
Huancavelica,Amazonía,1991,0.0,20813.498456078498,68958.52671077168
Huancavelica,Amazonía,1992,0.0,20811.57467443177,68958.52671077168
Huancavelica,Amazonía,1993,0.0,20170.720701531573,68958.52671077171
Huancavelica,Amazonía,1994,0.0,20429.045502959307,68958.52671077148
Huancavelica,Amazonía,1995,0.0,20266.267228642937,68958.52671077129
Huancavelica,Amazonía,1996,0.0,20643.558599810254,68958.52671077134
Huancavelica,Amazonía,1997,0.0,20430.43766584406,68958.52671077067
Huancavelica,Amazonía,1998,0.0,20460.562353527646,68958.52671077102
Huancavelica,Amazonía,1999,0.0,20011.51591889003,68958.52671077146
Huancavelica,Amazonía,2000,0.0,20022.9723653804,68958.52671077149
Huancavelica,Amazonía,2001,0.0,20188.765650292746,68958.52671077168
Huancavelica,Amazonía,2002,0.0,19969.02515363117,68958.52671077177
Huancavelica,Amazonía,2003,0.0,20001.82147288777,68958.52671077171
Huancavelica,Amazonía,2004,0.0,19925.15963738317,68958.52671077162
Huancavelica,Amazonía,2005,0.0,20239.27306113833,68958.52671077188
Huancavelica,Amazonía,2006,0.0,20271.490640178556,68958.52671077171
Huancavelica,Amazonía,2007,0.0,20622.416822948388,68958.52671077121
Huancavelica,Amazonía,2008,0.0,20903.847249858787,68958.52671077171
Huancavelica,Amazonía,2009,0.0,20931.667239855236,68958.52671077203
Huancavelica,Amazonía,2010,0.0,21589.673024933032,68958.52671077228
Huancavelica,Amazonía,2011,0.0,21429.304343078515,68958.52671077242
Huancavelica,Amazonía,2012,0.0,21719.44913147597,68958.52671077229
Huancavelica,Amazonía,2013,0.0,21885.648765807753,68958.5267107717
Huancavelica,Amazonía,2014,0.0,21728.058760345277,68958.52671077197
Huancavelica,Amazonía,2015,0.0,21550.652107110847,68958.526710773
Huancavelica,Amazonía,2016,0.0,21748.67716779224,68958.52671077261
Huancavelica,Amazonía,2017,0.0,21489.06031378744,68958.52671077204
Huancavelica,Amazonía,2018,0.0,21563.14815570619,68958.52671077178
Huancavelica,Amazonía,2019,0.0,21134.930950468974,68958.52671077097
Huancavelica,Amazonía,2020,0.0,21123.1242789663,68958.52671077113
Huancavelica,Amazonía,2021,0.0,21124.85170343558,68958.52671077159
Huancavelica,Amazonía,2022,0.0,21252.85032526195,68958.52671077145
Huancavelica,Amazonía,2023,0.0,20982.58223599752,68958.52671077132
Huancavelica,Amazonía,2024,0.0,20789.335736858222,68958.52671077067
Huancavelica,Amazonía,2025,0.0,20679.946042723637,68958.52671077047
Huancavelica,Andes,1985,34.53933312988278,27806.51298963216,2131184.913098311
Huancavelica,Andes,1986,29.24351909179686,27791.05998755087,2131184.913098176
Huancavelica,Andes,1987,30.37672229614256,27360.95704815869,2131184.9130972116
Huancavelica,Andes,1988,35.60831395874023,28522.33423437711,2131184.9130971464
Huancavelica,Andes,1989,37.4412961730957,29782.99558084291,2131184.91309913
Huancavelica,Andes,1990,38.31417809448241,29426.60516875195,2131184.913097288
Huancavelica,Andes,1991,41.79964940795897,29492.34603858825,2131184.913097182
Huancavelica,Andes,1992,47.46307155151366,28952.65471539486,2131184.9130981634
Huancavelica,Andes,1993,58.18144963989258,28557.58357077828,2131184.91309713
Huancavelica,Andes,1994,71.85772099609373,28445.22815567817,2131184.9130971404
Huancavelica,Andes,1995,81.87460861206051,28105.947454195,2131184.913097139
Huancavelica,Andes,1996,120.118905230713,28640.71868640326,2131184.913098084
Huancavelica,Andes,1997,130.1376629821779,28376.52045428667,2131184.913097165
Huancavelica,Andes,1998,138.500206341553,28300.19022215777,2131184.913098271
Huancavelica,Andes,1999,133.2701682006838,28377.28812899989,2131184.9130992834
Huancavelica,Andes,2000,124.4681033630374,28834.23806794676,2131184.9130989546
Huancavelica,Andes,2001,120.6293482727053,29385.61787149859,2131184.9130971213
Huancavelica,Andes,2002,123.0628692687991,29916.18506656087,2131184.9130990985
Huancavelica,Andes,2003,124.8046285583499,29787.95167115696,2131184.913098273
Huancavelica,Andes,2004,138.3058412536623,29623.87856355202,2131184.9130971446
Huancavelica,Andes,2005,161.9927850402834,29091.00837567964,2131184.91309714
Huancavelica,Andes,2006,196.4076596130371,28595.56260922433,2131184.9130979674
Huancavelica,Andes,2007,195.4425349975588,29162.00120698444,2131184.913097147
Huancavelica,Andes,2008,257.0204901123049,28513.10447553884,2131184.913097142
Huancavelica,Andes,2009,280.5457174316403,28234.31408476766,2131184.913097148
Huancavelica,Andes,2010,362.2666439819331,28780.13244112151,2131184.9130972866
Huancavelica,Andes,2011,400.1721030639638,29638.18239483844,2131184.9130971297
Huancavelica,Andes,2012,429.3580059204087,29951.43718369936,2131184.9130971264
Huancavelica,Andes,2013,435.9799914062485,28231.27305583637,2131184.9130980754
Huancavelica,Andes,2014,444.8495241821284,27808.22476925816,2131184.9130971152
Huancavelica,Andes,2015,459.303678558348,27449.20446260516,2131184.9130971143
Huancavelica,Andes,2016,466.3591698913557,27528.33874597302,2131184.9130971106
Huancavelica,Andes,2017,470.7124249938949,27322.52803985765,2131184.9130971124
Huancavelica,Andes,2018,483.2605232543931,28019.58870382218,2131184.913097128
Huancavelica,Andes,2019,499.7221923706049,28421.85618932044,2131184.9130971143
Huancavelica,Andes,2020,515.9163040893553,28897.79856240987,2131184.9130971036
Huancavelica,Andes,2021,541.1748443420398,28524.4879566298,2131184.9130989914
Huancavelica,Andes,2022,558.695023120116,28287.28223897845,2131184.9130980438
Huancavelica,Andes,2023,564.7800080993641,28408.71538005544,2131184.91309811
Huancavelica,Andes,2024,569.1368506713854,29736.4303415847,2131184.9130988955
Huancavelica,Andes,2025,567.0340648986802,29752.36531984416,2131184.913097118
Huancavelica,Desierto costero,1985,0.0,24.24030344848636,7575.790703185492
Huancavelica,Desierto costero,1986,0.0,23.02390184936528,7575.790703185439
Huancavelica,Desierto costero,1987,0.0,25.0222325195313,7575.790703185575
Huancavelica,Desierto costero,1988,0.0,24.67469090576176,7575.790703185545
Huancavelica,Desierto costero,1989,0.0,24.15339207153324,7575.790703185628
Huancavelica,Desierto costero,1990,0.0,26.75988523559577,7575.790703185776
Huancavelica,Desierto costero,1991,0.0,25.19599920654301,7575.790703185921
Huancavelica,Desierto costero,1992,0.0,25.45664812622075,7575.79070318601
Huancavelica,Desierto costero,1993,0.0,24.50093348388676,7575.790703186032
Huancavelica,Desierto costero,1994,0.0,24.06652215576175,7575.790703186052
Huancavelica,Desierto costero,1995,0.0,24.15340438232426,7575.790703185794
Huancavelica,Desierto costero,1996,0.0,24.50093005981449,7575.79070318576
Huancavelica,Desierto costero,1997,0.0,23.97963494262698,7575.790703185581
Huancavelica,Desierto costero,1998,0.0,22.15513082275391,7575.790703185139
Huancavelica,Desierto costero,1999,0.0,22.58954448242187,7575.790703185099
Huancavelica,Desierto costero,2000,0.0,24.24031238403322,7575.790703185111
Huancavelica,Desierto costero,2001,0.0,25.54356198730471,7575.790703185268
Huancavelica,Desierto costero,2002,0.0,25.54356931152346,7575.7907031854575
Huancavelica,Desierto costero,2003,0.0,26.93369605102543,7575.7907031859595
Huancavelica,Desierto costero,2004,0.0,27.28122641601566,7575.790703186054
Huancavelica,Desierto costero,2005,0.0,26.84680131835941,7575.790703186041
Huancavelica,Desierto costero,2006,0.0,27.10743225097662,7575.7907031860495
Huancavelica,Desierto costero,2007,0.0,27.36809093017582,7575.79070318606
Huancavelica,Desierto costero,2008,0.0,27.19433087158207,7575.790703185984
Huancavelica,Desierto costero,2009,0.0,26.93368136596683,7575.790703185962
Huancavelica,Desierto costero,2010,0.0,27.1074498291016,7575.790703185977
Huancavelica,Desierto costero,2011,0.0,26.58615469970707,7575.790703185954
Huancavelica,Desierto costero,2012,0.0,26.41238977661136,7575.790703185638
Huancavelica,Desierto costero,2013,0.0,26.3255017822266,7575.790703185954
Huancavelica,Desierto costero,2014,0.0,26.75990819702153,7575.790703185973
Huancavelica,Desierto costero,2015,0.0,27.02055662841801,7575.79070318585
Huancavelica,Desierto costero,2016,0.0,27.36808416137699,7575.790703185772
Huancavelica,Desierto costero,2017,0.0,27.36808923339848,7575.790703185679
Huancavelica,Desierto costero,2018,0.0,27.36809030151372,7575.79070318567
Huancavelica,Desierto costero,2019,0.0,27.19432662963872,7575.790703185551
Huancavelica,Desierto costero,2020,0.0,26.41238729858402,7575.790703185467
Huancavelica,Desierto costero,2021,0.0,23.45837843627931,7575.790703185698
Huancavelica,Desierto costero,2022,0.0,23.1977296081543,7575.7907031858185
Huancavelica,Desierto costero,2023,0.0,23.19774076538086,7575.790703185951
Huancavelica,Desierto costero,2024,0.0,23.28461927490235,7575.790703185955
Huancavelica,Desierto costero,2025,0.0,22.85019025268555,7575.790703185892
Huánuco,Amazonía,1985,43.14124978637695,2009684.3907416642,2393589.0609017555
Huánuco,Amazonía,1986,4.852928625488283,2007929.9112142224,2393589.0609017583
Huánuco,Amazonía,1987,0.0,2007463.16487041,2393589.0609017727
Huánuco,Amazonía,1988,0.7058975280761717,2005410.3938266528,2393589.0609017573
Huánuco,Amazonía,1989,0.0,2000310.8627617797,2393589.0609017326
Huánuco,Amazonía,1990,2.029499395751953,2001699.4112578065,2393589.0609017755
Huánuco,Amazonía,1991,0.0,1995562.2173497379,2393589.060901757
Huánuco,Amazonía,1992,2.646606042480469,1989265.565910845,2393589.0609017876
Huánuco,Amazonía,1993,1.147288879394531,1987739.4772065175,2393589.0609018006
Huánuco,Amazonía,1994,0.7062324340820312,1984918.2804845336,2393589.060901796
Huánuco,Amazonía,1995,0.7062324340820312,1987815.5056136297,2393589.060901806
Huánuco,Amazonía,1996,0.7062324340820312,1977134.3188313642,2393589.0609017513
Huánuco,Amazonía,1997,0.5296742248535156,1970432.2463070448,2393589.0609017834
Huánuco,Amazonía,1998,0.5296742248535156,1960233.7707159896,2393589.0609018025
Huánuco,Amazonía,1999,1.235579162597656,1949541.3239395537,2393589.060901824
Huánuco,Amazonía,2000,0.0,1945487.1256797386,2393589.0609017843
Huánuco,Amazonía,2001,0.0,1931411.4294634217,2393589.060901775
Huánuco,Amazonía,2002,0.0,1918690.7328254906,2393589.060901826
Huánuco,Amazonía,2003,0.0,1907739.8450813647,2393589.0609018486
Huánuco,Amazonía,2004,0.9706482177734375,1903792.0116981685,2393589.0609018463
Huánuco,Amazonía,2005,7.324140380859377,1890706.2753946693,2393589.0609018235
Huánuco,Amazonía,2006,0.8827897827148438,1885734.5522254072,2393589.0609018505
Huánuco,Amazonía,2007,1.412532830810547,1879903.7957454654,2393589.06090184
Huánuco,Amazonía,2008,1.235963525390625,1867610.1528535073,2393589.0609018425
Huánuco,Amazonía,2009,0.7945677185058594,1853908.2873071674,2393589.060901867
Huánuco,Amazonía,2010,3.529252642822266,1833453.4266012441,2393589.0609018435
Huánuco,Amazonía,2011,1.589107806396484,1824333.0136322135,2393589.060901824
Huánuco,Amazonía,2012,0.706240545654297,1806026.402320549,2393589.0609018593
Huánuco,Amazonía,2013,5.825436315917969,1792304.9201403265,2393589.060901882
Huánuco,Amazonía,2014,4.855432312011718,1777713.9108188704,2393589.0609019054
Huánuco,Amazonía,2015,8.651523345947263,1763118.4016180784,2393589.060901905
Huánuco,Amazonía,2016,9.534320526123043,1752898.8064368218,2393589.0609019017
Huánuco,Amazonía,2017,12.27109128417968,1744902.386471134,2393589.0609018705
Huánuco,Amazonía,2018,15.09534157104492,1728059.9052638765,2393589.0609018994
Huánuco,Amazonía,2019,68.0376495178223,1716158.214842656,2393589.060901914
Huánuco,Amazonía,2020,59.39032131347657,1696833.9994416086,2393589.0609018966
Huánuco,Amazonía,2021,158.5707733093275,1681184.6295759496,2393589.0609019287
Huánuco,Amazonía,2022,439.7944625122038,1657761.0781663666,2393589.060901953
Huánuco,Amazonía,2023,553.9508521667449,1633916.4335552347,2393589.0609019985
Huánuco,Amazonía,2024,785.9442583923336,1615391.6450303223,2393589.060901964
Huánuco,Amazonía,2025,1175.677340850838,1589388.1949854195,2393589.0609019627
Huánuco,Andes,1985,0.0,80384.2804623367,1359385.0976203913
Huánuco,Andes,1986,0.0,80671.15098003655,1359385.0976203908
Huánuco,Andes,1987,0.0,81431.19096490613,1359385.0976204358
Huánuco,Andes,1988,0.0,83573.98587614833,1359385.097620477
Huánuco,Andes,1989,0.0,86126.42346190328,1359385.0976204881
Huánuco,Andes,1990,0.0,87062.76936448496,1359385.097620489
Huánuco,Andes,1991,0.4397701721191407,87314.17182067409,1359385.0976204767
Huánuco,Andes,1992,0.6156782409667969,87170.3557961194,1359385.0976204996
Huánuco,Andes,1993,0.6156782409667969,86870.28375118536,1359385.0976205096
Huánuco,Andes,1994,0.7915863098144531,87612.85146817143,1359385.0976204812
Huánuco,Andes,1995,1.231356188964844,88997.93792335976,1359385.0976205147
Huánuco,Andes,1996,62.79854057006811,89255.40482823644,1359385.097620476
Huánuco,Andes,1997,69.39505545654282,88560.46278789848,1359385.097620468
Huánuco,Andes,1998,74.4963414306639,88436.45082864528,1359385.0976204632
Huánuco,Andes,1999,79.15789342041013,87998.73979816424,1359385.0976204565
Huánuco,Andes,2000,79.68558018188486,88463.69269237829,1359385.0976204646
Huánuco,Andes,2001,79.24581304321302,88400.1061559097,1359385.0976204427
Huánuco,Andes,2002,76.87112136840827,89254.1401357438,1359385.0976204763
Huánuco,Andes,2003,77.83862213745122,86564.70980238763,1359385.0976204753
Huánuco,Andes,2004,82.94001424560554,85272.16295388255,1359385.0976204656
Huánuco,Andes,2005,84.69910529785166,82463.86388616366,1359385.0976204735
Huánuco,Andes,2006,91.82342812500008,82206.81526314147,1359385.0976204583
Huánuco,Andes,2007,98.15617882690437,80341.78821248226,1359385.097620469
Huánuco,Andes,2008,99.21163577880868,79774.4207817326,1359385.097620466
Huánuco,Andes,2009,100.8827627319336,79832.33989466558,1359385.0976204444
Huánuco,Andes,2010,133.601520635986,80831.7124034185,1359385.097620424
Huánuco,Andes,2011,141.3415534667965,80644.84862073435,1359385.0976204528
Huánuco,Andes,2012,140.3740837585445,81665.74940705633,1359385.0976204919
Huánuco,Andes,2013,140.2861217468258,82917.89618619453,1359385.097620446
Huánuco,Andes,2014,136.5920219970697,87029.00458701201,1359385.0976204323
Huánuco,Andes,2015,131.2268113708496,89522.10000368106,1359385.0976204553
Huánuco,Andes,2016,123.4869336486816,90854.59692992618,1359385.0976204306
Huánuco,Andes,2017,120.3205763000491,91289.63840806294,1359385.097620435
Huánuco,Andes,2018,122.6953893371583,91544.74350164822,1359385.0976204395
Huánuco,Andes,2019,124.8063151733398,91324.4637603337,1359385.0976204474
Huánuco,Andes,2020,130.7872215576174,89045.6005189394,1359385.0976204444
Huánuco,Andes,2021,129.0281581970216,88018.32515427879,1359385.0976204448
Huánuco,Andes,2022,133.7776519775391,89289.36182140569,1359385.0976204465
Huánuco,Andes,2023,138.0874028076168,89510.21754944533,1359385.0976204497
Huánuco,Andes,2024,139.5825987060541,89647.82589360474,1359385.097620458
Huánuco,Andes,2025,138.9669281249996,89246.82796116441,1359385.0976204562
Ica,Andes,1985,23.87490673828123,621.4116115722643,343800.4698425842
Ica,Andes,1986,15.24853588867187,627.8533637329086,343800.4698417808
Ica,Andes,1987,14.37712777099609,619.2350607055653,343800.4698417778
Ica,Andes,1988,15.59707426757811,605.2710385131821,343800.4698417818
Ica,Andes,1989,20.38936149902342,609.9663247253407,343800.4698417775
Ica,Andes,1990,10.28186036376953,553.5131280639634,343800.4698425864
Ica,Andes,1991,15.50992651367186,531.9115697936998,343800.469841777
Ica,Andes,1992,15.68417649536132,575.3925292236312,343800.4698417777
Ica,Andes,1993,14.98709821166992,563.9429194580066,343800.46984176955
Ica,Andes,1994,18.47250020751953,563.4206599548327,343800.46984176553
Ica,Andes,1995,16.03273584594726,559.2414159240712,343800.46984176466
Ica,Andes,1996,16.6426580871582,564.902781311034,343800.4698417664
Ica,Andes,1997,21.87076516723631,616.6534799987775,343800.46984176314
Ica,Andes,1998,10.45604685668945,626.3277649902332,343800.4698425808
Ica,Andes,1999,9.41047053833008,618.0455362426753,343800.46984258457
Ica,Andes,2000,9.236220330810552,582.1819053894034,343800.469842096
Ica,Andes,2001,8.016305895996096,572.0903644287098,343800.4698417728
Ica,Andes,2002,7.842053009033208,541.71916812744,343800.4698417659
Ica,Andes,2003,5.489445324707034,561.4287007141103,343800.4698425714
Ica,Andes,2004,8.539118939208988,570.7357266418445,343800.469841765
Ica,Andes,2005,8.016335626220709,564.0191935241685,343800.46984176664
Ica,Andes,2006,11.93734511108398,569.4025776245107,343800.46984177356
Ica,Andes,2007,22.39351509399412,566.0998661499012,343800.46984177356
Ica,Andes,2008,16.20689528198241,549.6354812866194,343800.46984176827
Ica,Andes,2009,27.88290558471678,549.974457855223,343800.46984176815
Ica,Andes,2010,34.50509104003899,568.8675509582511,343800.4698425791
Ica,Andes,2011,36.68351996459954,554.9771189575189,343800.4698417692
Ica,Andes,2012,47.66262384033195,548.9765554626451,343800.4698417612
Ica,Andes,2013,58.90313563232417,500.538276824952,343800.46984176204
Ica,Andes,2014,77.2888663879396,494.8721378540038,343800.4698417614
Ica,Andes,2015,88.87792913207998,478.2979487915043,343800.4698417701
Ica,Andes,2016,103.3425157836914,403.6203695739749,343800.4698417676
Ica,Andes,2017,108.91915904541,356.9106176269534,343800.4698417655
Ica,Andes,2018,116.5870053405763,345.695904364014,343800.4698417741
Ica,Andes,2019,131.9229262207028,337.6700684143069,343800.46984177595
Ica,Andes,2020,140.4622265380855,312.146217944336,343800.4698417774
Ica,Andes,2021,145.6032800109859,353.8947094177252,343800.46984178387
Ica,Andes,2022,150.1342834838866,376.2083495422372,343800.46984178526
Ica,Andes,2023,158.8480434692381,372.3804620971688,343800.46984210686
Ica,Andes,2024,161.8106858642578,389.9063981506358,343800.4698417804
Ica,Andes,2025,162.7691777648926,397.5468968078624,343800.46984178096
Ica,Desierto costero,1985,1888.12496100474,203.4896237670895,1767478.7879821497
Ica,Desierto costero,1986,1888.03880673228,207.7273062011716,1767478.7879821092
Ica,Desierto costero,1987,1755.865375195361,210.8407258483883,1767478.7879820955
Ica,Desierto costero,1988,1908.937714575288,216.1980018493649,1767478.7879820983
Ica,Desierto costero,1989,1937.600386627274,216.6338844116209,1767478.787982094
Ica,Desierto costero,1990,1942.606858441239,222.7677054382322,1767478.7879820955
Ica,Desierto costero,1991,1944.074230548174,217.833391741943,1767478.7879820894
Ica,Desierto costero,1992,1989.926529303035,221.1214866271969,1767478.78798209
Ica,Desierto costero,1993,1991.739916766414,221.1184684448239,1767478.7879820974
Ica,Desierto costero,1994,1845.144262530588,231.3275270751949,1767478.7879821039
Ica,Desierto costero,1995,2131.188403314267,245.8579262817385,1767478.7879820957
Ica,Desierto costero,1996,2142.84152553714,249.5759534362793,1767478.7879821053
Ica,Desierto costero,1997,2142.927115789826,257.4550333435059,1767478.7879820764
Ica,Desierto costero,1998,2145.344028955104,232.1127393005372,1767478.7879820727
Ica,Desierto costero,1999,2146.81148176272,224.6703997863769,1767478.7879820804
Ica,Desierto costero,2000,2216.662982189917,219.4669016845702,1767478.7879826755
Ica,Desierto costero,2001,2358.184232574402,218.0825331665037,1767478.7879821179
Ica,Desierto costero,2002,2378.470243353227,230.8823381347657,1767478.787982103
Ica,Desierto costero,2003,2364.226384564149,228.9080666137698,1767478.78798209
Ica,Desierto costero,2004,2401.958700701862,238.686316296387,1767478.7879821253
Ica,Desierto costero,2005,2410.67636639399,229.1752294616703,1767478.7879821165
Ica,Desierto costero,2006,2442.615569171061,227.8689833068848,1767478.7879821055
Ica,Desierto costero,2007,2440.025647070229,254.5938048034675,1767478.7879821225
Ica,Desierto costero,2008,2429.58046196279,247.4161146789557,1767478.7879821085
Ica,Desierto costero,2009,2434.587879888825,253.9031723937996,1767478.787982112
Ica,Desierto costero,2010,2478.631315753101,263.3308854248058,1767478.7879820964
Ica,Desierto costero,2011,2541.749285528449,257.7912975585949,1767478.7879821255
Ica,Desierto costero,2012,2602.018396490366,249.0572106811531,1767478.7879821234
Ica,Desierto costero,2013,2697.164130523539,287.8865576354989,1767478.7879821078
Ica,Desierto costero,2014,2702.347004980341,301.5569595703137,1767478.787982119
Ica,Desierto costero,2015,2954.099928130996,303.02628277588,1767478.7879820967
Ica,Desierto costero,2016,3259.266606439124,312.6261998107924,1767478.7879821034
Ica,Desierto costero,2017,3331.200264337128,273.711290521241,1767478.78798211
Ica,Desierto costero,2018,3581.205040289201,275.4328023498545,1767478.7879821064
Ica,Desierto costero,2019,3935.150118456921,279.3243581726084,1767478.787982112
Ica,Desierto costero,2020,4745.628846771076,282.0064608764659,1767478.7879820922
Ica,Desierto costero,2021,5163.938087146011,259.1774279541019,1767478.7879820864
Ica,Desierto costero,2022,5132.734906316935,275.0035465576183,1767478.787982087
Ica,Desierto costero,2023,5839.897264391942,258.1385458801278,1767478.7879826538
Ica,Desierto costero,2024,5847.255743957366,245.6833600891115,1767478.7879820885
Ica,Desierto costero,2025,7624.406115625072,248.7964495422367,1767478.7879820818
Junín,Amazonía,1985,2.719456579589844,2183886.575745906,2531722.389136565
Junín,Amazonía,1986,2.543831512451172,2182613.019634718,2531722.389136571
Junín,Amazonía,1987,3.595447863769531,2183095.6635367395,2531722.3891365663
Junín,Amazonía,1988,2.718628082275391,2202003.5074534947,2531722.3891365756
Junín,Amazonía,1989,2.36780556640625,2209984.9336373084,2531722.389136564
Junín,Amazonía,1990,0.5260223144531251,2210322.7906457544,2531722.38913657
Junín,Amazonía,1991,0.5260223144531251,2207002.865839879,2531722.3891365463
Junín,Amazonía,1992,23.59914368286136,2209264.0213230257,2531722.389136533
Junín,Amazonía,1993,23.59914336547855,2207010.8295252644,2531722.3891365496
Junín,Amazonía,1994,23.77460382690433,2212764.2504201103,2531722.389136566
Junín,Amazonía,1995,24.21301643066409,2211323.5802348657,2531722.3891365686
Junín,Amazonía,1996,25.26505652465823,2210144.219787062,2531722.3891365496
Junín,Amazonía,1997,27.36917100219729,2210819.837090916,2531722.389136601
Junín,Amazonía,1998,28.42162429199221,2209145.8453206555,2531722.389136602
Junín,Amazonía,1999,29.82494075927737,2199166.328828637,2531722.3891366166
Junín,Amazonía,2000,28.59735320434573,2195781.9811353525,2531722.3891365896
Junín,Amazonía,2001,30.61469559936529,2192270.1612924524,2531722.389136603
Junín,Amazonía,2002,30.0889132141114,2190969.318913537,2531722.3891366
Junín,Amazonía,2003,37.19524640502928,2188351.033976634,2531722.389136592
Junín,Amazonía,2004,37.45894432373049,2181452.209143288,2531722.3891365896
Junín,Amazonía,2005,42.37159641723634,2185507.4423715905,2531722.3891365877
Junín,Amazonía,2006,44.38949208374031,2179384.007529392,2531722.3891365784
Junín,Amazonía,2007,40.44110728149421,2180676.7703005704,2531722.3891365514
Junín,Amazonía,2008,38.77393591918952,2182000.068724049,2531722.389136562
Junín,Amazonía,2009,45.08989563598644,2182619.924217432,2531722.3891365454
Junín,Amazonía,2010,40.17710366821293,2189311.68880416,2531722.3891365444
Junín,Amazonía,2011,45.00215772094736,2185012.731801441,2531722.3891365486
Junín,Amazonía,2012,43.86166535034187,2178477.007721165,2531722.3891365565
Junín,Amazonía,2013,52.45968473510748,2173124.635746241,2531722.3891365696
Junín,Amazonía,2014,56.40773662719732,2169915.1978142755,2531722.3891365924
Junín,Amazonía,2015,55.35598524169928,2166245.8993969,2531722.3891365733
Junín,Amazonía,2016,55.70640720214853,2163327.2206555926,2531722.3891365803
Junín,Amazonía,2017,54.65376906738288,2159047.891246363,2531722.3891365784
Junín,Amazonía,2018,51.58340488891604,2159172.1774359685,2531722.389136554
Junín,Amazonía,2019,51.93388263549811,2144051.5231224634,2531722.3891365817
Junín,Amazonía,2020,56.75977193603525,2136381.8438550066,2531722.3891365603
Junín,Amazonía,2021,57.89882462158209,2128051.3797542714,2531722.389136568
Junín,Amazonía,2022,56.75812795410165,2121007.630407493,2531722.3891365575
Junín,Amazonía,2023,58.77596914062511,2102081.9131772225,2531722.3891365416
Junín,Amazonía,2024,63.60088567504894,2089687.7188606057,2531722.3891365277
Junín,Amazonía,2025,76.76014589843744,2080905.4387860966,2531722.389136494
Junín,Andes,1985,39.78296876831052,38553.890130389605,1910052.5200895907
Junín,Andes,1986,40.22115217895505,38504.64455534681,1910052.5200895946
Junín,Andes,1987,44.51449315795899,38483.4524101259,1910052.5200895767
Junín,Andes,1988,48.28262453002935,38997.65891450814,1910052.5200895728
Junín,Andes,1989,53.10203057250982,39474.66657039203,1910052.5200895509
Junín,Andes,1990,55.46720048828134,39495.301865741065,1910052.5200895611
Junín,Andes,1991,60.46089417724627,38617.04657833869,1910052.520089573
Junín,Andes,1992,67.8198803771976,38298.68029403092,1910052.5200895602
Junín,Andes,1993,75.00451978149437,38043.24491788974,1910052.5200895653
Junín,Andes,1994,115.2181345886232,37086.5157622073,1910052.5200895553
Junín,Andes,1995,144.3045121582031,37219.72632474406,1910052.5200895458
Junín,Andes,1996,367.8251924682622,37943.90661593663,1910052.5200895614
Junín,Andes,1997,389.4662234924324,38144.40820480373,1910052.5200895753
Junín,Andes,1998,414.2571595642099,38795.94861142605,1910052.5200895998
Junín,Andes,1999,428.4484745178232,40059.34987662364,1910052.5200895998
Junín,Andes,2000,372.371289276124,41000.39819288949,1910052.5200895858
Junín,Andes,2001,382.9635714477552,41333.27460758044,1910052.5200895723
Junín,Andes,2002,402.1433357971201,41879.85760722629,1910052.5200895686
Junín,Andes,2003,417.2900271423349,41171.14226625352,1910052.5200895725
Junín,Andes,2004,473.8258797912595,40097.78434411016,1910052.5200895702
Junín,Andes,2005,560.0465045166022,39886.59286698001,1910052.5200895632
Junín,Andes,2006,696.3576108642576,38701.40249179706,1910052.5200895537
Junín,Andes,2007,737.5306213867207,38629.33449355476,1910052.520089558
Junín,Andes,2008,786.7687153015158,38350.67274794931,1910052.520089557
Junín,Andes,2009,810.2478954834011,38916.49009652121,1910052.5200895586
Junín,Andes,2010,994.255475183111,39311.76355763568,1910052.5200895746
Junín,Andes,2011,1050.865099975592,39639.43576213394,1910052.520089591
Junín,Andes,2012,1102.289806585693,40007.63585387576,1910052.5200895872
Junín,Andes,2013,1147.408118255617,40229.09595399799,1910052.5200896063
Junín,Andes,2014,1155.294952703858,40280.19396328133,1910052.5200895933
Junín,Andes,2015,1190.076565570066,40175.97283745736,1910052.5200895874
Junín,Andes,2016,1199.804614984126,41027.03930181294,1910052.5200895907
Junín,Andes,2017,1222.402867523187,41007.78773272111,1910052.5200895646
Junín,Andes,2018,1262.083592779536,41455.56929492199,1910052.5200895572
Junín,Andes,2019,1302.028720031738,41357.99271450208,1910052.5200895604
Junín,Andes,2020,1366.951654675284,42042.42814759545,1910052.5200895525
Junín,Andes,2021,1371.944842382805,41840.64194495877,1910052.520089555
Junín,Andes,2022,1439.059961938467,41936.97485383926,1910052.5200895346
Junín,Andes,2023,1456.759032806383,41440.78599202288,1910052.5200895548
Junín,Andes,2024,1472.880575372298,40845.06205747079,1910052.5200895634
Junín,Andes,2025,1475.13516430663,40921.27182593386,1910052.5200895632
La Libertad,Amazonía,1985,0.0,69709.85578105706,81782.83090491589
La Libertad,Amazonía,1986,0.0,69721.98409023069,81782.83090491593
La Libertad,Amazonía,1987,0.0,69397.31730822193,81782.83090492008
La Libertad,Amazonía,1988,0.0,70254.84081333406,81782.83090491746
La Libertad,Amazonía,1989,0.0,70522.82803666216,81782.83090491791
La Libertad,Amazonía,1990,0.0,70751.62626828325,81782.83090491669
La Libertad,Amazonía,1991,0.0,70972.19993336468,81782.8309049163
La Libertad,Amazonía,1992,0.0,71124.69497324587,81782.8309049171
La Libertad,Amazonía,1993,0.0,71288.77020179942,81782.83090491837
La Libertad,Amazonía,1994,0.0,71168.62846267495,81782.8309049175
La Libertad,Amazonía,1995,0.0,70972.36644274961,81782.83090492008
La Libertad,Amazonía,1996,0.0,70831.70736465264,81782.83090492373
La Libertad,Amazonía,1997,0.0,70712.90458620421,81782.83090492377
La Libertad,Amazonía,1998,0.0,70458.42869504956,81782.83090492513
La Libertad,Amazonía,1999,0.0,70396.91300965588,81782.83090492574
La Libertad,Amazonía,2000,0.0,70565.08952759896,81782.83090492449
La Libertad,Amazonía,2001,0.0,70468.8966734979,81782.83090492495
La Libertad,Amazonía,2002,0.0,70422.85957783156,81782.83090492515
La Libertad,Amazonía,2003,0.0,70387.21875167219,81782.83090492539
La Libertad,Amazonía,2004,0.0,70366.96155098846,81782.83090492526
La Libertad,Amazonía,2005,0.0,70138.33777867403,81782.83090492533
La Libertad,Amazonía,2006,0.0,69866.66434897366,81782.83090492465
La Libertad,Amazonía,2007,0.0,70063.94448315454,81782.83090492585
La Libertad,Amazonía,2008,0.0,70105.81168408222,81782.83090492578
La Libertad,Amazonía,2009,0.0,70154.67260272226,81782.8309049257
La Libertad,Amazonía,2010,0.0,70265.37520971015,81782.83090492504
La Libertad,Amazonía,2011,0.0,70223.58618900151,81782.83090492568
La Libertad,Amazonía,2012,0.0,69744.62087024622,81782.83090492651
La Libertad,Amazonía,2013,0.0,69633.09074297157,81782.8309049285
La Libertad,Amazonía,2014,0.0,69557.84168572663,81782.83090492834
La Libertad,Amazonía,2015,0.0,69458.79567095039,81782.83090492868
La Libertad,Amazonía,2016,0.0,69343.0107038549,81782.83090492913
La Libertad,Amazonía,2017,0.0,69512.06407349532,81782.83090492846
La Libertad,Amazonía,2018,0.0,69605.43193689284,81782.83090492866
La Libertad,Amazonía,2019,0.0,69641.38083180849,81782.83090492863
La Libertad,Amazonía,2020,0.0,69694.4921551109,81782.83090492779
La Libertad,Amazonía,2021,0.0,69782.92889290872,81782.83090492655
La Libertad,Amazonía,2022,0.1769602661132813,69801.45365269233,81782.83090492628
La Libertad,Amazonía,2023,0.1769602661132813,69877.49556501345,81782.83090492438
La Libertad,Amazonía,2024,0.1769602661132813,69971.33133524584,81782.83090492366
La Libertad,Amazonía,2025,0.1769602661132813,69496.0682800086,81782.83090492325
La Libertad,Andes,1985,162.2583999145506,154856.93441486874,1805811.161723968
La Libertad,Andes,1986,162.3471539550779,153986.84708299005,1805811.1617239562
La Libertad,Andes,1987,98.92688772583007,153682.7190662231,1805811.1617239295
La Libertad,Andes,1988,75.18870502929691,152988.9742205507,1805811.1617239323
La Libertad,Andes,1989,76.5178252929688,151493.71514514173,1805811.1617239385
La Libertad,Andes,1990,76.60617364501958,151816.07187814492,1805811.1617239455
La Libertad,Andes,1991,93.78351804199218,150275.61231429526,1805811.1617239618
La Libertad,Andes,1992,98.47604821777345,150751.56568588995,1805811.1617239385
La Libertad,Andes,1993,113.9725413879395,149697.95639308507,1805811.1617239383
La Libertad,Andes,1994,139.2085080627444,151106.38576368522,1805811.1617239348
La Libertad,Andes,1995,217.8303177978519,150869.05401434464,1805811.1617239472
La Libertad,Andes,1996,279.5450265624998,150885.85698077467,1805811.1617239248
La Libertad,Andes,1997,346.2954116333011,150130.6787404796,1805811.1617239364
La Libertad,Andes,1998,387.0213966003416,150021.42657351794,1805811.1617239278
La Libertad,Andes,1999,451.9120643493658,150498.7134826619,1805811.1617239236
La Libertad,Andes,2000,498.4827324768059,150291.66523296066,1805811.1617239485
La Libertad,Andes,2001,620.396049621582,149591.47490045955,1805811.1617239625
La Libertad,Andes,2002,702.2149970947255,149314.841546198,1805811.161723953
La Libertad,Andes,2003,825.8275976135255,148406.2871330753,1805811.1617239371
La Libertad,Andes,2004,995.9225061157285,148392.02922773536,1805811.161723916
La Libertad,Andes,2005,1351.995263439941,148274.13704996998,1805811.1617239318
La Libertad,Andes,2006,2225.113291552793,147254.78051649785,1805811.1617239264
La Libertad,Andes,2007,2467.02409414679,149260.61196227462,1805811.1617239038
La Libertad,Andes,2008,2637.738161663873,150764.84060667147,1805811.1617239222
La Libertad,Andes,2009,2773.841602276665,151683.64949085139,1805811.161723931
La Libertad,Andes,2010,2899.750226660179,151855.95613750676,1805811.1617239425
La Libertad,Andes,2011,3098.040257153331,149939.1031059456,1805811.1617239243
La Libertad,Andes,2012,3292.676059490945,150500.47520097755,1805811.1617239201
La Libertad,Andes,2013,3460.856068994132,149953.02384043013,1805811.161723917
La Libertad,Andes,2014,3553.414300622551,150222.6892219359,1805811.1617239215
La Libertad,Andes,2015,3636.493719006328,150903.98821045618,1805811.1617239283
La Libertad,Andes,2016,3712.046764556861,150590.823097755,1805811.1617239409
La Libertad,Andes,2017,3795.584164489735,151249.74931672966,1805811.161723947
La Libertad,Andes,2018,3871.765072900393,150785.4693891608,1805811.1617239476
La Libertad,Andes,2019,3986.917754028314,153573.06879722365,1805811.1617239458
La Libertad,Andes,2020,4035.637588311763,154654.91516653512,1805811.1617239637
La Libertad,Andes,2021,4183.800835241677,155308.93205386444,1805811.1617239423
La Libertad,Andes,2022,4214.713964239461,157942.09248239256,1805811.161723934
La Libertad,Andes,2023,4230.573314410371,160212.64902308414,1805811.1617239509
La Libertad,Andes,2024,4280.884987982145,164305.16405279553,1805811.161723942
La Libertad,Andes,2025,4909.950135040334,163913.58858009736,1805811.1617239548
La Libertad,Bosque seco ecuatorial,1985,0.0,21602.856874029752,56097.22382042163
La Libertad,Bosque seco ecuatorial,1986,0.0,20704.45334016135,56097.22382042148
La Libertad,Bosque seco ecuatorial,1987,0.0,20603.76497575701,56097.2238204216
La Libertad,Bosque seco ecuatorial,1988,0.0,20570.67156470359,56097.223820421415
La Libertad,Bosque seco ecuatorial,1989,0.0,21054.46588024908,56097.22382042135
La Libertad,Bosque seco ecuatorial,1990,0.0,21612.38822046508,56097.22382042118
La Libertad,Bosque seco ecuatorial,1991,0.0,23870.52715699467,56097.223820421365
La Libertad,Bosque seco ecuatorial,1992,0.0,24449.530071325746,56097.2238204211
La Libertad,Bosque seco ecuatorial,1993,0.0,24534.860024902315,56097.22382042109
La Libertad,Bosque seco ecuatorial,1994,0.0,24616.121387115345,56097.22382042114
La Libertad,Bosque seco ecuatorial,1995,0.0,25746.267935620046,56097.22382042175
La Libertad,Bosque seco ecuatorial,1996,0.0,24270.02293401487,56097.22382042209
La Libertad,Bosque seco ecuatorial,1997,0.0,22625.03136348894,56097.22382042206
La Libertad,Bosque seco ecuatorial,1998,0.0,20910.42728039566,56097.22382042173
La Libertad,Bosque seco ecuatorial,1999,0.0,18995.43435283858,56097.223820421845
La Libertad,Bosque seco ecuatorial,2000,0.0,17860.19539743079,56097.2238204217
La Libertad,Bosque seco ecuatorial,2001,0.0,17639.30895537106,56097.223820421146
La Libertad,Bosque seco ecuatorial,2002,0.0,18472.39791394632,56097.22382042125
La Libertad,Bosque seco ecuatorial,2003,0.0,18343.81389796123,56097.223820421175
La Libertad,Bosque seco ecuatorial,2004,0.0,18490.51669371338,56097.22382042119
La Libertad,Bosque seco ecuatorial,2005,0.0,18723.97118864742,56097.22382042139
La Libertad,Bosque seco ecuatorial,2006,0.0,18440.34257542732,56097.22382042139
La Libertad,Bosque seco ecuatorial,2007,0.0,20429.02830510872,56097.22382042135
La Libertad,Bosque seco ecuatorial,2008,0.0,20434.17410253305,56097.22382042149
La Libertad,Bosque seco ecuatorial,2009,0.0,22990.01945433834,56097.223820420564
La Libertad,Bosque seco ecuatorial,2010,0.0,23719.50941252392,56097.22382042128
La Libertad,Bosque seco ecuatorial,2011,0.0,24315.05651677887,56097.22382042164
La Libertad,Bosque seco ecuatorial,2012,0.0,25050.60834846844,56097.22382042177
La Libertad,Bosque seco ecuatorial,2013,0.0,25855.58544583749,56097.22382042166
La Libertad,Bosque seco ecuatorial,2014,0.0,25652.45789196776,56097.22382042176
La Libertad,Bosque seco ecuatorial,2015,0.0,24634.41033766554,56097.223820422165
La Libertad,Bosque seco ecuatorial,2016,91.00873229980493,23989.67313345887,56097.22382042077
La Libertad,Bosque seco ecuatorial,2017,91.45224404907249,22028.59606406896,56097.22382042147
La Libertad,Bosque seco ecuatorial,2018,93.22630433349636,20590.50094779753,56097.223820421736
La Libertad,Bosque seco ecuatorial,2019,93.22630433349636,19686.11334621644,56097.22382042158
La Libertad,Bosque seco ecuatorial,2020,95.44386657104509,19909.30953877047,56097.22382042208
La Libertad,Bosque seco ecuatorial,2021,96.68569279174812,19601.83294052213,56097.22382042213
La Libertad,Bosque seco ecuatorial,2022,95.97607239379893,19595.15085786207,56097.223820422
La Libertad,Bosque seco ecuatorial,2023,105.2898747436521,18592.70368109144,56097.22382042119
La Libertad,Bosque seco ecuatorial,2024,108.3057791076658,18025.40587869864,56097.223820420244
La Libertad,Bosque seco ecuatorial,2025,125.5139956420895,17858.56565333249,56097.22382042073
La Libertad,Desierto costero,1985,14.42704760131835,8203.42858754262,581666.5085676356
La Libertad,Desierto costero,1986,13.72030714721679,8152.341414843624,581666.5085676378
La Libertad,Desierto costero,1987,14.16201942749023,8118.466482775786,581666.5085676363
La Libertad,Desierto costero,1988,15.2221266052246,8111.640049432286,581666.5085676416
La Libertad,Desierto costero,1989,14.33870390014647,6922.319456927466,581666.5085676409
La Libertad,Desierto costero,1990,16.28349983520507,5498.141660638469,581666.508567645
La Libertad,Desierto costero,1991,13.80882519531249,6399.707480535833,581666.5085676403
La Libertad,Desierto costero,1992,14.16289431152343,6464.167671215796,581666.5085676438
La Libertad,Desierto costero,1993,14.78285239257812,6450.1062682983,581666.5085676437
La Libertad,Desierto costero,1994,14.78285450439452,6685.47823743896,581666.508567645
La Libertad,Desierto costero,1995,14.87066348266601,6714.484072735526,581666.5085676408
La Libertad,Desierto costero,1996,28.51672460327148,5284.316489300514,581666.5085676428
La Libertad,Desierto costero,1997,20.80739429321289,6294.053986846905,581666.5085676459
La Libertad,Desierto costero,1998,14.2515797668457,6838.982487921109,581666.5085676431
La Libertad,Desierto costero,1999,14.42861441040038,7262.303492034895,581666.5085676428
La Libertad,Desierto costero,2000,14.2515797668457,8273.40388173205,581666.5085676393
La Libertad,Desierto costero,2001,110.4789971923828,8924.937794421305,581666.5085676431
La Libertad,Desierto costero,2002,128.2481418579102,11129.71482025751,581666.5085676395
La Libertad,Desierto costero,2003,141.1224435974122,10930.02874827261,581666.508567637
La Libertad,Desierto costero,2004,193.4166355468752,9859.253878350808,581666.5085676374
La Libertad,Desierto costero,2005,170.7590091613775,9029.740003466748,581666.5085676363
La Libertad,Desierto costero,2006,171.5294987915042,8806.25588618762,581666.5085676347
La Libertad,Desierto costero,2007,206.6224255371096,9261.997080377158,581666.5085676387
La Libertad,Desierto costero,2008,191.4055560485839,9920.286049694732,581666.5085676329
La Libertad,Desierto costero,2009,136.8652496032712,12136.61470451043,581666.5085676344
La Libertad,Desierto costero,2010,162.1099822875978,14161.93424877933,581666.5085676331
La Libertad,Desierto costero,2011,174.0659039062508,13244.47048822031,581666.508567637
La Libertad,Desierto costero,2012,164.1303062744138,12962.10892567142,581666.5085676342
La Libertad,Desierto costero,2013,235.9177578063967,11772.26663692624,581666.5085676368
La Libertad,Desierto costero,2014,301.3433674255371,12758.5359099,581666.5085676378
La Libertad,Desierto costero,2015,421.9478964416515,12738.22593712169,581666.5085676357
La Libertad,Desierto costero,2016,486.7312596618689,11873.43961000975,581666.5085676363
La Libertad,Desierto costero,2017,589.3023127136274,10143.01324498282,581666.5085676373
La Libertad,Desierto costero,2018,677.4270896667525,10450.33302160028,581666.5085676343
La Libertad,Desierto costero,2019,683.9759422485395,11052.18733055413,581666.5085676238
La Libertad,Desierto costero,2020,797.106240332036,11208.02528560175,581666.5085676265
La Libertad,Desierto costero,2021,832.5953253967343,11548.17051748044,581666.5085676181
La Libertad,Desierto costero,2022,829.9450354003964,11440.72141451411,581666.5085676286
La Libertad,Desierto costero,2023,980.9693682373074,10606.97741776115,581666.5085676312
La Libertad,Desierto costero,2024,1277.671401123059,10027.34374230945,581666.5085676241
La Libertad,Desierto costero,2025,1813.526242364484,8640.816316296317,581666.5085676233
Lambayeque,Andes,1985,0.0,24840.26791802893,84404.7262949296
Lambayeque,Andes,1986,0.0,24208.025126537694,84404.7262949313
Lambayeque,Andes,1987,0.0,24457.549591753555,84404.72629493127
Lambayeque,Andes,1988,0.0,24383.673542912904,84404.72629493123
Lambayeque,Andes,1989,0.0,22622.962496282635,84404.7262949305
Lambayeque,Andes,1990,0.0,22349.842172314115,84404.72629493031
Lambayeque,Andes,1991,0.0,20130.793901134894,84404.72629493014
Lambayeque,Andes,1992,0.0,20153.369580199702,84404.72629493
Lambayeque,Andes,1993,0.0,20106.576454796872,84404.72629493
Lambayeque,Andes,1994,0.0,20102.136443487056,84404.72629493
Lambayeque,Andes,1995,2.397296380615234,20101.337744549066,84404.72629492999
Lambayeque,Andes,1996,2.308507543945312,20681.34078609616,84404.72629493137
Lambayeque,Andes,1997,1.509408898925781,20338.03344108258,84404.72629493129
Lambayeque,Andes,1998,1.598197491455078,20320.933666119112,84404.72629493076
Lambayeque,Andes,1999,1.598197491455078,20268.398748022482,84404.72629493053
Lambayeque,Andes,2000,1.598197491455078,20107.263482366572,84404.72629492967
Lambayeque,Andes,2001,1.598197491455078,20038.926234436032,84404.72629492865
Lambayeque,Andes,2002,2.042141278076171,20192.952982128452,84404.72629492912
Lambayeque,Andes,2003,2.130930596923828,20614.48923488705,84404.72629493177
Lambayeque,Andes,2004,2.21971943359375,20815.595046935683,84404.72629493153
Lambayeque,Andes,2005,2.219718420410156,20547.93168318417,84404.72629493136
Lambayeque,Andes,2006,2.219718420410156,20018.13637927839,84404.72629493002
Lambayeque,Andes,2007,2.397296044921875,19987.030199608973,84404.72629492941
Lambayeque,Andes,2008,2.397296044921875,20214.982217797507,84404.72629493072
Lambayeque,Andes,2009,2.308507159423828,20163.83488051738,84404.72629493149
Lambayeque,Andes,2010,1.864563757324219,20279.694014257344,84404.72629493066
Lambayeque,Andes,2011,1.95335239868164,19946.956026757594,84404.72629493041
Lambayeque,Andes,2012,1.95335239868164,19416.71168887287,84404.72629493065
Lambayeque,Andes,2013,1.95335239868164,19866.300793774113,84404.7262949309
Lambayeque,Andes,2014,1.95335239868164,20443.488352527304,84404.72629493129
Lambayeque,Andes,2015,1.864563757324219,20832.541679150298,84404.72629493092
Lambayeque,Andes,2016,1.953352545166016,21153.25921942658,84404.72629493043
Lambayeque,Andes,2017,2.042141381835938,21391.688278606227,84404.72629492916
Lambayeque,Andes,2018,2.308507739257812,21414.715953972718,84404.72629492961
Lambayeque,Andes,2019,2.486084973144531,21341.75934187543,84404.72629492916
Lambayeque,Andes,2020,2.21971890258789,22528.61541427506,84404.72629492964
Lambayeque,Andes,2021,1.775774871826172,21929.970291234073,84404.72629492971
Lambayeque,Andes,2022,1.953352685546875,22762.46667990721,84404.72629493075
Lambayeque,Andes,2023,1.953352685546875,22689.45747811816,84404.72629493105
Lambayeque,Andes,2024,1.953352685546875,22411.500270513323,84404.72629493003
Lambayeque,Andes,2025,2.48608583984375,22045.862262675844,84404.72629493008
Lambayeque,Bosque seco ecuatorial,1985,46.62819909667974,814650.7429283053,936592.8085789216
Lambayeque,Bosque seco ecuatorial,1986,43.60847066650398,812820.9627911139,936592.808578925
Lambayeque,Bosque seco ecuatorial,1987,41.03282015380866,822253.5620191394,936592.8085789543
Lambayeque,Bosque seco ecuatorial,1988,39.43414119873051,821609.2304360655,936592.808578962
Lambayeque,Bosque seco ecuatorial,1989,40.49991937866218,833086.2806147528,936592.8085789437
Lambayeque,Bosque seco ecuatorial,1990,40.49991937866218,831870.0075262565,936592.8085789303
Lambayeque,Bosque seco ecuatorial,1991,41.21044883422859,830731.0317650154,936592.8085789062
Lambayeque,Bosque seco ecuatorial,1992,41.21044883422859,830273.6137935632,936592.8085789004
Lambayeque,Bosque seco ecuatorial,1993,41.21044883422859,829810.019256654,936592.8085789055
Lambayeque,Bosque seco ecuatorial,1994,41.21044883422859,828729.6101713582,936592.8085789062
Lambayeque,Bosque seco ecuatorial,1995,41.21044883422859,828875.4299984644,936592.8085789015
Lambayeque,Bosque seco ecuatorial,1996,53.28936852417008,832046.8392159673,936592.8085789181
Lambayeque,Bosque seco ecuatorial,1997,62.97028221435571,833331.2680679654,936592.8085789252
Lambayeque,Bosque seco ecuatorial,1998,81.53275625610364,827144.8437759697,936592.8085789148
Lambayeque,Bosque seco ecuatorial,1999,88.28275895385754,811978.2284631875,936592.8085789008
Lambayeque,Bosque seco ecuatorial,2000,94.58868597412116,804514.1882745894,936592.808578965
Lambayeque,Bosque seco ecuatorial,2001,134.1117548095705,803948.9103990642,936592.808579005
Lambayeque,Bosque seco ecuatorial,2002,133.5788598876955,804051.260383334,936592.8085789974
Lambayeque,Bosque seco ecuatorial,2003,153.6514309936527,803230.4151037855,936592.8085789977
Lambayeque,Bosque seco ecuatorial,2004,162.2665966552735,804570.6875694492,936592.8085790052
Lambayeque,Bosque seco ecuatorial,2005,183.3160535888673,814367.0312292038,936592.8085789987
Lambayeque,Bosque seco ecuatorial,2006,189.2667363159183,816395.4979273964,936592.8085790281
Lambayeque,Bosque seco ecuatorial,2007,263.7818367126469,813605.7517308249,936592.8085789717
Lambayeque,Bosque seco ecuatorial,2008,268.3114507568359,815334.1729639447,936592.8085789859
Lambayeque,Bosque seco ecuatorial,2009,275.7718570373529,809861.5089138272,936592.8085789531
Lambayeque,Bosque seco ecuatorial,2010,277.8143419921868,809065.8404736068,936592.8085789669
Lambayeque,Bosque seco ecuatorial,2011,275.1482868469255,807134.2914844345,936592.8085789506
Lambayeque,Bosque seco ecuatorial,2012,286.4275760620123,808453.2301764082,936592.8085789431
Lambayeque,Bosque seco ecuatorial,2013,308.718982641605,805103.4947200937,936592.8085789278
Lambayeque,Bosque seco ecuatorial,2014,322.5739786987344,803422.735504448,936592.8085789448
Lambayeque,Bosque seco ecuatorial,2015,342.8241378906268,800886.072883104,936592.8085789565
Lambayeque,Bosque seco ecuatorial,2016,351.8832017944355,791527.939424941,936592.8085789612
Lambayeque,Bosque seco ecuatorial,2017,435.0041763061619,785509.2294077703,936592.8085789661
Lambayeque,Bosque seco ecuatorial,2018,467.5073220520106,777641.0447362922,936592.8085789493
Lambayeque,Bosque seco ecuatorial,2019,527.4554841796888,769950.1533851534,936592.8085789627
Lambayeque,Bosque seco ecuatorial,2020,562.7138028686549,761163.5959583533,936592.8085790108
Lambayeque,Bosque seco ecuatorial,2021,600.0145749084535,755812.3839647827,936592.8085789884
Lambayeque,Bosque seco ecuatorial,2022,635.3613872924929,752127.6389056811,936592.8085789874
Lambayeque,Bosque seco ecuatorial,2023,638.4689495727658,743845.7201571685,936592.8085789797
Lambayeque,Bosque seco ecuatorial,2024,659.6937871276981,739773.620846919,936592.8085790094
Lambayeque,Bosque seco ecuatorial,2025,666.7076994140749,736467.6305611972,936592.8085790157
Lambayeque,Desierto costero,1985,0.0,30389.76722622452,429469.6319077511
Lambayeque,Desierto costero,1986,0.0,30376.179211655624,429469.6319077444
Lambayeque,Desierto costero,1987,0.0,30206.04140502065,429469.6319077521
Lambayeque,Desierto costero,1988,0.0,30493.060536844485,429469.63190774195
Lambayeque,Desierto costero,1989,0.0,29377.179910752417,429469.631907739
Lambayeque,Desierto costero,1990,0.0,27012.82505051749,429469.6319077541
Lambayeque,Desierto costero,1991,0.0,25424.40778952545,429469.63190774113
Lambayeque,Desierto costero,1992,0.0,25345.31141813263,429469.6319077347
Lambayeque,Desierto costero,1993,0.0,25370.878824877003,429469.63190773496
Lambayeque,Desierto costero,1994,0.0,25379.12975148835,429469.63190773467
Lambayeque,Desierto costero,1995,0.0,25379.130974815973,429469.63190773444
Lambayeque,Desierto costero,1996,0.0,25880.273789652674,429469.63190773776
Lambayeque,Desierto costero,1997,4.349173388671876,28242.90017039649,429469.6319077255
Lambayeque,Desierto costero,1998,9.230705133056635,27304.393376849082,429469.63190776913
Lambayeque,Desierto costero,1999,0.0,29783.40241052813,429469.63190776116
Lambayeque,Desierto costero,2000,0.0,31266.87595160494,429469.6319077907
Lambayeque,Desierto costero,2001,1.065140179443359,30095.754443812206,429469.6319077884
Lambayeque,Desierto costero,2002,0.0,31475.66815523226,429469.63190778013
Lambayeque,Desierto costero,2003,0.6213304321289064,33481.322355580676,429469.63190777914
Lambayeque,Desierto costero,2004,0.0,34552.74362301939,429469.63190778217
Lambayeque,Desierto costero,2005,0.8875495239257812,36114.84241087938,429469.6319077957
Lambayeque,Desierto costero,2006,0.7987915405273436,37591.17206413197,429469.63190779235
Lambayeque,Desierto costero,2007,4.792762829589844,37330.05376244735,429469.63190779294
Lambayeque,Desierto costero,2008,1.686434497070312,35133.96913019679,429469.63190778595
Lambayeque,Desierto costero,2009,0.0,36074.54350039995,429469.63190779544
Lambayeque,Desierto costero,2010,0.0,35940.37224905652,429469.6319077876
Lambayeque,Desierto costero,2011,0.0,35731.2932651396,429469.63190779195
Lambayeque,Desierto costero,2012,0.0,35029.13793183248,429469.6319077938
Lambayeque,Desierto costero,2013,1.331316351318359,32951.69790929147,429469.6319077946
Lambayeque,Desierto costero,2014,0.0,31945.877482772536,429469.63190778805
Lambayeque,Desierto costero,2015,70.9154407165529,33089.144685379695,429469.63190778863
Lambayeque,Desierto costero,2016,0.0,32201.027518088293,429469.6319077856
Lambayeque,Desierto costero,2017,6.571245837402342,27191.095319152966,429469.6319077637
Lambayeque,Desierto costero,2018,11.01127994995117,28979.52501494303,429469.63190786017
Lambayeque,Desierto costero,2019,11.98808999023437,31646.574473551023,429469.63190784707
Lambayeque,Desierto costero,2020,14.20810545654297,32681.038881326593,429469.63190784614
Lambayeque,Desierto costero,2021,18.38173281860351,33138.083758999586,429469.6319078479
Lambayeque,Desierto costero,2022,22.1113577392578,31470.412600020154,429469.6319078467
Lambayeque,Desierto costero,2023,29.39297516479495,26644.278041390644,429469.6319078528
Lambayeque,Desierto costero,2024,192.7054619262692,24792.225676186987,429469.6319078583
Lambayeque,Desierto costero,2025,202.3811347412106,22165.21436560387,429469.6319078469
Lima,Amazonía,1985,0.0,0.0,0.8009479797363281
Lima,Amazonía,1986,0.0,0.0,0.8009479797363281
Lima,Amazonía,1987,0.0,0.0,0.8009479797363281
Lima,Amazonía,1988,0.0,0.0,0.8009479797363281
Lima,Amazonía,1989,0.0,0.0,0.8009479797363281
Lima,Amazonía,1990,0.0,0.0,0.8009479797363281
Lima,Amazonía,1991,0.0,0.0,0.8009479797363281
Lima,Amazonía,1992,0.0,0.0,0.8009479797363281
Lima,Amazonía,1993,0.0,0.0,0.8009479797363281
Lima,Amazonía,1994,0.0,0.0,0.8009479797363281
Lima,Amazonía,1995,0.0,0.0,0.8009479797363281
Lima,Amazonía,1996,0.0,0.0,0.8009479797363281
Lima,Amazonía,1997,0.0,0.0,0.8009479797363281
Lima,Amazonía,1998,0.0,0.0,0.8009479797363281
Lima,Amazonía,1999,0.0,0.0,0.8009479797363281
Lima,Amazonía,2000,0.0,0.0,0.8009479797363281
Lima,Amazonía,2001,0.0,0.0,0.8009479797363281
Lima,Amazonía,2002,0.0,0.0,0.8009479797363281
Lima,Amazonía,2003,0.0,0.0,0.8009479797363281
Lima,Amazonía,2004,0.0,0.0,0.8009479797363281
Lima,Amazonía,2005,0.0,0.0,0.8009479797363281
Lima,Amazonía,2006,0.0,0.0,0.8009479797363281
Lima,Amazonía,2007,0.0,0.0,0.8009479797363281
Lima,Amazonía,2008,0.0,0.0,0.8009479797363281
Lima,Amazonía,2009,0.0,0.0,0.8009479797363281
Lima,Amazonía,2010,0.0,0.0,0.8009479797363281
Lima,Amazonía,2011,0.0,0.0,0.8009479797363281
Lima,Amazonía,2012,0.0,0.0,0.8009479797363281
Lima,Amazonía,2013,0.0,0.0,0.8009479797363281
Lima,Amazonía,2014,0.0,0.0,0.8009479797363281
Lima,Amazonía,2015,0.0,0.0,0.8009479797363281
Lima,Amazonía,2016,0.0,0.0,0.8009479797363281
Lima,Amazonía,2017,0.0,0.0,0.8009479797363281
Lima,Amazonía,2018,0.0,0.0,0.8009479797363281
Lima,Amazonía,2019,0.0,0.0,0.8009479797363281
Lima,Amazonía,2020,0.0,0.0,0.8009479797363281
Lima,Amazonía,2021,0.0,0.0,0.8009479797363281
Lima,Amazonía,2022,0.0,0.0,0.8009479797363281
Lima,Amazonía,2023,0.0,0.08781370239257813,0.8009479797363281
Lima,Amazonía,2024,0.0,0.08781370239257813,0.8009479797363281
Lima,Amazonía,2025,0.0,0.08781370239257813,0.8009479797363281
Lima,Andes,1985,53.43517340087891,83824.72583231753,2306773.4480511616
Lima,Andes,1986,57.29415431518557,83972.090487829,2306773.4480511677
Lima,Andes,1987,73.92875363769527,86142.75125291696,2306773.4480511607
Lima,Andes,1988,102.2164868469239,86547.74232725753,2306773.448051166
Lima,Andes,1989,120.363568109131,88377.06550922795,2306773.4480511746
Lima,Andes,1990,124.5590127990723,86770.92019563536,2306773.4480511644
Lima,Andes,1991,128.4894164794922,87575.04005411945,2306773.448051166
Lima,Andes,1992,134.6290729797363,88081.10744005708,2306773.448051165
Lima,Andes,1993,146.0165024719238,87989.92569024641,2306773.448051159
Lima,Andes,1994,198.5757560974119,87249.65421206623,2306773.448051154
Lima,Andes,1995,235.9344504516601,88304.76548666928,2306773.448051147
Lima,Andes,1996,279.2456744262696,87817.02232793508,2306773.448051155
Lima,Andes,1997,320.7321295593262,87449.12368334937,2306773.448051155
Lima,Andes,1998,369.0274979797362,85459.61516652728,2306773.448051164
Lima,Andes,1999,396.4910614318852,84699.82928889111,2306773.4480511644
Lima,Andes,2000,467.7988116027848,84338.32886891403,2306773.4480511607
Lima,Andes,2001,532.0192640686051,83772.85850926448,2306773.4480511667
Lima,Andes,2002,593.960047863771,83725.72434218662,2306773.448051176
Lima,Andes,2003,612.0476314147962,84494.95786468389,2306773.448051162
Lima,Andes,2004,667.4096828247074,85657.62737954661,2306773.448051165
Lima,Andes,2005,726.0907003356939,86259.32487921676,2306773.4480511565
Lima,Andes,2006,761.4298101928716,85594.38260017599,2306773.448051161
Lima,Andes,2007,790.7283476318357,86274.80400336823,2306773.44805118
Lima,Andes,2008,870.0461838378903,85503.71264553096,2306773.4480511895
Lima,Andes,2009,914.8803696228038,85673.71443544238,2306773.448051191
Lima,Andes,2010,962.2495678100594,85569.57966757074,2306773.4480511695
Lima,Andes,2011,1031.320017700196,85084.66186498321,2306773.448051142
Lima,Andes,2012,1089.92044360962,83002.40487353428,2306773.448051148
Lima,Andes,2013,1105.065319671632,81817.3373835194,2306773.4480511453
Lima,Andes,2014,1172.0875307251,82401.28282296057,2306773.448051141
Lima,Andes,2015,1242.171861499023,81573.67283654111,2306773.4480511574
Lima,Andes,2016,1308.703723535156,80872.60289484217,2306773.4480511537
Lima,Andes,2017,1381.449261364741,80521.82698793261,2306773.4480511425
Lima,Andes,2018,1450.804246417232,79982.46590621867,2306773.448051148
Lima,Andes,2019,1559.0526852417,77814.01372316199,2306773.4480511514
Lima,Andes,2020,1625.143224609378,74969.60880371579,2306773.4480511434
Lima,Andes,2021,1897.892303961188,75564.48302603673,2306773.448051147
Lima,Andes,2022,1980.947919976812,75204.35663221967,2306773.4480511504
Lima,Andes,2023,2001.272648156743,75219.3914750479,2306773.448051143
Lima,Andes,2024,2007.06153412476,74759.72169573874,2306773.448051139
Lima,Andes,2025,2123.410713330084,75399.75153154218,2306773.448051139
Lima,Desierto costero,1985,336.2322625366221,122.7622688842773,1197632.365476623
Lima,Desierto costero,1986,322.4575303405768,118.226914477539,1197632.3654765985
Lima,Desierto costero,1987,385.6792915222173,126.089794970703,1197632.3654766208
Lima,Desierto costero,1988,371.4736634033206,126.356621923828,1197632.3654766143
Lima,Desierto costero,1989,394.9140288452152,135.3760600646971,1197632.3654766274
Lima,Desierto costero,1990,416.7156335205075,142.9123835815427,1197632.3654766101
Lima,Desierto costero,1991,486.4749449340825,138.4487389892576,1197632.3654766157
Lima,Desierto costero,1992,502.1586483703625,128.9811624572752,1197632.3654773002
Lima,Desierto costero,1993,503.8127188781745,120.4105282958984,1197632.3654765985
Lima,Desierto costero,1994,577.2979474792494,116.471636126709,1197632.3654765987
Lima,Desierto costero,1995,585.1049688842783,121.4687519287109,1197632.3654765992
Lima,Desierto costero,1996,648.2338788757334,127.7797313903809,1197632.3654765903
Lima,Desierto costero,1997,681.6750322265638,129.2749456542969,1197632.3654765843
Lima,Desierto costero,1998,705.5633973022475,135.7547639282226,1197632.3654765913
Lima,Desierto costero,1999,704.2424790100105,136.2712637756348,1197632.365476584
Lima,Desierto costero,2000,705.190369848633,136.7928767822265,1197632.3654766027
Lima,Desierto costero,2001,714.032963275147,143.6339485229491,1197632.3654772881
Lima,Desierto costero,2002,803.9327632995596,143.7169835632324,1197632.3654765978
Lima,Desierto costero,2003,830.657347503661,142.4709136352538,1197632.3654766018
Lima,Desierto costero,2004,841.5041061401357,153.3195970214843,1197632.3654766083
Lima,Desierto costero,2005,887.4830674865696,170.818330706787,1197632.3654766134
Lima,Desierto costero,2006,909.8184875183098,182.2590379821774,1197632.3654766097
Lima,Desierto costero,2007,944.4675659545873,178.9362580139157,1197632.3654766022
Lima,Desierto costero,2008,1012.800681890864,170.0962724304197,1197632.3654766018
Lima,Desierto costero,2009,1159.237372332763,180.0669671691893,1197632.3654766015
Lima,Desierto costero,2010,1247.896999670404,176.9111074707029,1197632.3654765994
Lima,Desierto costero,2011,1489.199816717529,173.3222902709959,1197632.3654766034
Lima,Desierto costero,2012,1645.429237445063,163.2495334472654,1197632.36547661
Lima,Desierto costero,2013,2006.154120483392,152.1278460876462,1197632.3654766204
Lima,Desierto costero,2014,2132.473554711907,166.8341083251951,1197632.3654766162
Lima,Desierto costero,2015,2248.501309771719,169.6414617614744,1197632.3654766143
Lima,Desierto costero,2016,2419.099038531482,165.4376844909666,1197632.3654766243
Lima,Desierto costero,2017,2471.569799615466,155.01044185791,1197632.3654766344
Lima,Desierto costero,2018,2558.986991906731,147.6560726989744,1197632.3654766388
Lima,Desierto costero,2019,2571.899302508539,143.6259410461423,1197632.3654766309
Lima,Desierto costero,2020,2769.048949584937,143.9748789428709,1197632.365476623
Lima,Desierto costero,2021,2808.685458471649,144.4128452392576,1197632.365476634
Lima,Desierto costero,2022,2972.841886065636,136.7937393554685,1197632.3654766236
Lima,Desierto costero,2023,3335.180170092733,138.634845611572,1197632.3654766327
Lima,Desierto costero,2024,4594.723708557104,144.7705799926756,1197632.3654766195
Lima,Desierto costero,2025,4640.201979473849,140.6535921081541,1197632.365476619
Loreto,Amazonía,1985,0.0,35118041.08569028,37497181.47090142
Loreto,Amazonía,1986,2.58649253540039,35118288.917653054,37497181.47090148
Loreto,Amazonía,1987,0.0,35122192.87449568,37497181.47090153
Loreto,Amazonía,1988,0.0,35106581.129281916,37497181.47090134
Loreto,Amazonía,1989,0.0,35115951.54211995,37497181.470901236
Loreto,Amazonía,1990,10.52391099243164,35119520.14318906,37497181.47090121
Loreto,Amazonía,1991,2.586251641845703,35130812.67618642,37497181.47090123
Loreto,Amazonía,1992,0.892092578125,35124757.67288063,37497181.47090134
Loreto,Amazonía,1993,0.892092578125,35127602.48909792,37497181.47090121
Loreto,Amazonía,1994,0.0,35083537.49405267,37497181.470901094
Loreto,Amazonía,1995,0.5352205078125,35088065.26192491,37497181.47090108
Loreto,Amazonía,1996,1.248699743652344,35090045.76570546,37497181.47090135
Loreto,Amazonía,1997,1.515949621582031,35060480.80389648,37497181.470901236
Loreto,Amazonía,1998,17.21327880859373,35024795.802272215,37497181.47090138
Loreto,Amazonía,1999,5.351203729248046,34994574.7361796,37497181.47090142
Loreto,Amazonía,2000,19.53388040161133,34986971.92579302,37497181.47090125
Loreto,Amazonía,2001,25.95524902343749,34970556.2363503,37497181.47090123
Loreto,Amazonía,2002,30.41474757080077,34968681.81440007,37497181.470901296
Loreto,Amazonía,2003,48.52107757568357,34962077.508803904,37497181.470901206
Loreto,Amazonía,2004,60.74125704956059,34958558.14086625,37497181.47090133
Loreto,Amazonía,2005,194.7954503417969,34927869.161430895,37497181.47090133
Loreto,Amazonía,2006,201.9324544433595,34919455.06354101,37497181.47090131
Loreto,Amazonía,2007,258.3937819702151,34920290.06434492,37497181.47090125
Loreto,Amazonía,2008,278.3746761474609,34899060.452785864,37497181.47090116
Loreto,Amazonía,2009,279.2671692993166,34888945.068406835,37497181.470901236
Loreto,Amazonía,2010,298.8911367980965,34879537.09978756,37497181.470901184
Loreto,Amazonía,2011,203.3652656616214,34860189.95476497,37497181.47090149
Loreto,Amazonía,2012,216.4767994445808,34817752.06287719,37497181.47090147
Loreto,Amazonía,2013,264.1959497436522,34781703.20300325,37497181.47090133
Loreto,Amazonía,2014,305.1346334960933,34773820.145613514,37497181.47090128
Loreto,Amazonía,2015,503.5911707519534,34759040.22557746,37497181.47090139
Loreto,Amazonía,2016,572.0030698791518,34749702.550427735,37497181.470901385
Loreto,Amazonía,2017,638.6355025817879,34720222.33985543,37497181.47090145
Loreto,Amazonía,2018,737.1933819580076,34738989.604654625,37497181.47090134
Loreto,Amazonía,2019,805.5114853271464,34724596.19278833,37497181.47090134
Loreto,Amazonía,2020,868.1292821289064,34684671.85493024,37497181.4709013
Loreto,Amazonía,2021,756.6352308471675,34656734.3189044,37497181.470901534
Loreto,Amazonía,2022,717.9248925842296,34587764.66319771,37497181.47090125
Loreto,Amazonía,2023,722.6532809509274,34520825.90243465,37497181.470901184
Loreto,Amazonía,2024,304.5922872985838,34478090.93614666,37497181.470901445
Loreto,Amazonía,2025,189.1730050109857,34419969.19366882,37497181.47090141
Madre de Dios,Amazonía,1985,441.0296666931152,8243457.879953663,8447110.284740116
Madre de Dios,Amazonía,1986,457.9380866882365,8240632.524422525,8447110.284740102
Madre de Dios,Amazonía,1987,941.4980891967699,8237277.07383531,8447110.284740096
Madre de Dios,Amazonía,1988,919.0967293884161,8238032.945958378,8447110.284740986
Madre de Dios,Amazonía,1989,1037.983643951427,8235484.311625717,8447110.284740835
Madre de Dios,Amazonía,1990,1038.180499200444,8228878.7167200465,8447110.28474091
Madre de Dios,Amazonía,1991,1265.656211523439,8223321.952868894,8447110.28474006
Madre de Dios,Amazonía,1992,1506.561356506306,8218664.922498422,8447110.284740968
Madre de Dios,Amazonía,1993,1696.940598950158,8226775.481400233,8447110.284740027
Madre de Dios,Amazonía,1994,1952.73789500746,8229093.870462131,8447110.284740109
Madre de Dios,Amazonía,1995,2393.776522271698,8219134.0574842645,8447110.284740074
Madre de Dios,Amazonía,1996,4140.408914892387,8214710.407916742,8447110.284740092
Madre de Dios,Amazonía,1997,5544.620089793751,8214894.913609029,8447110.28474005
Madre de Dios,Amazonía,1998,6064.298931205739,8213447.5636590505,8447110.284740023
Madre de Dios,Amazonía,1999,7149.908909848758,8208873.976231313,8447110.284739986
Madre de Dios,Amazonía,2000,7382.709847544202,8203050.705316173,8447110.2847408
Madre de Dios,Amazonía,2001,7540.41573235885,8192373.677973948,8447110.284740886
Madre de Dios,Amazonía,2002,7813.359782835126,8189658.5199915385,8447110.284740027
Madre de Dios,Amazonía,2003,8696.556670579996,8180868.228058311,8447110.284740005
Madre de Dios,Amazonía,2004,9004.1174055585,8176530.682207029,8447110.284741806
Madre de Dios,Amazonía,2005,9518.058888114316,8173647.275043586,8447110.284740034
Madre de Dios,Amazonía,2006,10975.39845619262,8172161.662901614,8447110.28474079
Madre de Dios,Amazonía,2007,13134.42694379029,8164495.173945148,8447110.284740033
Madre de Dios,Amazonía,2008,15273.69603109579,8158325.327487946,8447110.28474004
Madre de Dios,Amazonía,2009,17940.70600549846,8154272.212395644,8447110.284740034
Madre de Dios,Amazonía,2010,21225.31125874169,8148292.068846354,8447110.284740021
Madre de Dios,Amazonía,2011,25939.22708673424,8142947.328849755,8447110.284740957
Madre de Dios,Amazonía,2012,28919.54466626938,8137134.547083708,8447110.28474004
Madre de Dios,Amazonía,2013,33453.71894013498,8133122.672753626,8447110.284740007
Madre de Dios,Amazonía,2014,36773.01685763388,8119067.157798763,8447110.284740072
Madre de Dios,Amazonía,2015,39677.05643233491,8107745.416913854,8447110.284740048
Madre de Dios,Amazonía,2016,42074.34028439146,8098263.065776577,8447110.284740824
Madre de Dios,Amazonía,2017,47107.78886066604,8086838.710491357,8447110.28474011
Madre de Dios,Amazonía,2018,50506.42016451881,8077271.134036538,8447110.284740103
Madre de Dios,Amazonía,2019,54311.67443399886,8056369.313230457,8447110.284740105
Madre de Dios,Amazonía,2020,59486.00872089907,8051852.009061044,8447110.284739984
Madre de Dios,Amazonía,2021,64426.17412168284,8043485.368378452,8447110.284740912
Madre de Dios,Amazonía,2022,74966.49335620864,8026679.855987069,8447110.284740089
Madre de Dios,Amazonía,2023,94305.89264203605,8010728.256523408,8447110.284740916
Madre de Dios,Amazonía,2024,101879.4025868146,8002901.648236013,8447110.284740705
Madre de Dios,Amazonía,2025,112621.7103475198,7965682.130164995,8447110.284740727
Madre de Dios,Andes,1985,0.0,1333.034597277847,5729.908083788961
Madre de Dios,Andes,1986,0.0,1331.987439062516,5729.908083788962
Madre de Dios,Andes,1987,0.0,1331.550742083756,5729.908083788962
Madre de Dios,Andes,1988,0.0,1329.456254211442,5729.908083788963
Madre de Dios,Andes,1989,0.0,1329.630875775163,5729.908083788963
Madre de Dios,Andes,1990,0.0,1331.463791564957,5729.908083788963
Madre de Dios,Andes,1991,0.0,1330.154673406998,5729.908083788962
Madre de Dios,Andes,1992,0.0,1330.067614501969,5729.908083788963
Madre de Dios,Andes,1993,0.0,1330.852642334,5729.908083788961
Madre de Dios,Andes,1994,0.0,1328.758378118913,5729.908083788963
Madre de Dios,Andes,1995,0.0,1328.321598748795,5729.908083788962
Madre de Dios,Andes,1996,0.0,1329.281631213395,5729.908083788963
Madre de Dios,Andes,1997,0.0,1329.281800854508,5729.908083788963
Madre de Dios,Andes,1998,0.0,1329.805611322038,5729.908083788962
Madre de Dios,Andes,1999,0.0,1331.463771435563,5729.908083788963
Madre de Dios,Andes,2000,0.0,1331.201714141862,5729.908083788963
Madre de Dios,Andes,2001,0.0,1330.503538439958,5729.908083788963
Madre de Dios,Andes,2002,0.0,1329.630833068864,5729.908083788965
Madre de Dios,Andes,2003,0.0,1328.845144891374,5729.908083788964
Madre de Dios,Andes,2004,0.0,1329.107075115983,5729.908083788963
Madre de Dios,Andes,2005,0.0,1329.892499664323,5729.908083788963
Madre de Dios,Andes,2006,0.0,1331.376639215104,5729.908083788962
Madre de Dios,Andes,2007,0.0,1331.463946618668,5729.908083788962
Madre de Dios,Andes,2008,0.0,1331.289314550797,5729.908083788963
Madre de Dios,Andes,2009,0.0,1331.114786883561,5729.908083788962
Madre de Dios,Andes,2010,0.0,1331.725770574967,5729.908083788963
Madre de Dios,Andes,2011,0.0,1330.678626580827,5729.908083788963
Madre de Dios,Andes,2012,0.0,1329.980055554215,5729.908083788962
Madre de Dios,Andes,2013,0.0,1329.543734631364,5729.908083788965
Madre de Dios,Andes,2014,0.0,1330.328985852067,5729.908083788963
Madre de Dios,Andes,2015,0.0,1328.321721838395,5729.908083788963
Madre de Dios,Andes,2016,0.0,1328.496199957292,5729.908083788964
Madre de Dios,Andes,2017,0.0,1329.630742797868,5729.908083788964
Madre de Dios,Andes,2018,0.0,1328.321725109879,5729.908083788963
Madre de Dios,Andes,2019,0.0,1328.67081540529,5729.908083788963
Madre de Dios,Andes,2020,0.0,1328.932664880387,5729.908083788961
Madre de Dios,Andes,2021,0.0,1329.107392706315,5729.908083788962
Madre de Dios,Andes,2022,0.0,1329.2819107361,5729.908083788963
Madre de Dios,Andes,2023,0.0,1329.543664959733,5729.908083788963
Madre de Dios,Andes,2024,0.0,1329.543758850114,5729.908083788964
Madre de Dios,Andes,2025,0.0,1329.543808184831,5729.908083788966
Moquegua,Andes,1985,1112.54318311157,404.7128918457025,1090418.8810436649
Moquegua,Andes,1986,1113.655678509518,399.3090196350091,1090418.8810440835
Moquegua,Andes,1987,1116.649667883299,451.1347075744625,1090418.881045407
Moquegua,Andes,1988,1133.163076812741,486.0045823669425,1090418.8810417736
Moquegua,Andes,1989,1158.407092791736,459.1605462646476,1090418.8810431757
Moquegua,Andes,1990,1175.347322900374,484.8852240051262,1090418.8810454009
Moquegua,Andes,1991,1168.590520996081,520.4937788940421,1090418.881045428
Moquegua,Andes,1992,1157.638978289795,556.6949014038076,1090418.8810454393
Moquegua,Andes,1993,1132.310022760009,573.0584761108391,1090418.8810434644
Moquegua,Andes,1994,1130.090374456782,588.7496976562494,1090418.8810454437
Moquegua,Andes,1995,1143.523477740479,614.2135633666991,1090418.8810454523
Moquegua,Andes,1996,1172.625681115725,606.4043526916504,1090418.8810455261
Moquegua,Andes,1997,1259.47847765503,561.1907145874022,1090418.8810454563
Moquegua,Andes,1998,1286.438667492673,521.1477934204094,1090418.8810454553
Moquegua,Andes,1999,1335.215541851803,513.370634503173,1090418.8810436807
Moquegua,Andes,2000,1378.694322424303,500.5949234130852,1090418.8810433615
Moquegua,Andes,2001,1423.70863905029,498.7836285217277,1090418.881045141
Moquegua,Andes,2002,1491.489345257565,489.3548658874504,1090418.8810454537
Moquegua,Andes,2003,1484.052103820786,477.8610335021963,1090418.8810431254
Moquegua,Andes,2004,1504.340979180895,496.1398224182122,1090418.8810454386
Moquegua,Andes,2005,1500.959396179188,494.8674380310053,1090418.8810454428
Moquegua,Andes,2006,1728.559387676989,519.0006831420893,1090418.881045464
Moquegua,Andes,2007,1801.525378033424,533.7611172363268,1090418.8810454507
Moquegua,Andes,2008,1828.032600622551,532.4821608764636,1090418.8810454516
Moquegua,Andes,2009,1971.849881561251,531.7953932434075,1090418.881045431
Moquegua,Andes,2010,2020.726072448692,494.2073037048336,1090418.8810440698
Moquegua,Andes,2011,2232.560247766084,495.2387870056145,1090418.8810454737
Moquegua,Andes,2012,2352.864341943324,468.7939532348627,1090418.8810454814
Moquegua,Andes,2013,2569.761169610585,450.5786137451167,1090418.881045525
Moquegua,Andes,2014,2608.023673852484,500.1524926025381,1090418.8810440481
Moquegua,Andes,2015,2816.00794851685,564.7801133911119,1090418.8810454498
Moquegua,Andes,2016,2935.629073284928,556.9617878356926,1090418.8810454484
Moquegua,Andes,2017,3052.315428131135,490.2037947021478,1090418.8810454872
Moquegua,Andes,2018,3111.873556060823,505.7922844421379,1090418.881044054
Moquegua,Andes,2019,3246.02955461434,506.9908725646964,1090418.8810436563
Moquegua,Andes,2020,3512.383255175842,492.8501212036126,1090418.8810454502
Moquegua,Andes,2021,3645.958316436769,530.2498967346182,1090418.8810436625
Moquegua,Andes,2022,3879.36376771858,553.5650640075671,1090418.881043108
Moquegua,Andes,2023,4002.483433435094,542.5209762145986,1090418.8810455003
Moquegua,Andes,2024,4096.602921234195,533.5975206970206,1090418.8810430903
Moquegua,Andes,2025,4716.077023382674,532.5691328186026,1090418.8810454293
Moquegua,Desierto costero,1985,0.0,6.508857879638668,484104.24352338695
Moquegua,Desierto costero,1986,0.0,7.022764807128901,484104.24352338986
Moquegua,Desierto costero,1987,0.0,6.423206085205075,484104.243523385
Moquegua,Desierto costero,1988,32.86626650390628,5.909301409912108,484104.24352297216
Moquegua,Desierto costero,1989,0.0,5.224090533447266,484104.24352338084
Moquegua,Desierto costero,1990,0.0,5.823651409912109,484104.24352338136
Moquegua,Desierto costero,1991,0.0,5.652349615478515,484104.2435233845
Moquegua,Desierto costero,1992,11.01240005493164,5.224093402099609,484104.24352337955
Moquegua,Desierto costero,1993,0.0,5.481151666259766,484104.24352297984
Moquegua,Desierto costero,1994,8.1906041809082,5.309741491699219,484104.2435233891
Moquegua,Desierto costero,1995,6.487805541992181,5.481043884277343,484104.24352338753
Moquegua,Desierto costero,1996,8.36684313964844,5.395392926025391,484104.2435233811
Moquegua,Desierto costero,1997,40.29782219238284,5.481148681640625,484104.2435233774
Moquegua,Desierto costero,1998,133.2740253601077,5.481148681640625,484104.24352337426
Moquegua,Desierto costero,1999,120.2114855285637,5.566694720458985,484104.24352337746
Moquegua,Desierto costero,2000,142.6657705932612,5.652450115966796,484104.24352164683
Moquegua,Desierto costero,2001,191.1592888671873,5.139064788818358,484104.2435216559
Moquegua,Desierto costero,2002,216.9436251586911,5.139064794921875,484104.2435233862
Moquegua,Desierto costero,2003,229.9220429260246,5.139064794921875,484104.243523395
Moquegua,Desierto costero,2004,272.0148146667451,4.53950546875,484104.24352340633
Moquegua,Desierto costero,2005,401.6179188598621,4.625155950927734,484104.2435234008
Moquegua,Desierto costero,2006,421.9380889282187,4.453852960205078,484104.243523395
Moquegua,Desierto costero,2007,490.7547066711343,4.625154992675781,484104.2435234054
Moquegua,Desierto costero,2008,575.1057305663966,4.282550451660156,484104.2435234083
Moquegua,Desierto costero,2009,621.8959825378378,4.02559853515625,484104.24352340115
Moquegua,Desierto costero,2010,698.8240103454464,4.282550573730468,484104.2435234156
Moquegua,Desierto costero,2011,813.4046524963134,4.282550573730468,484104.24352340837
Moquegua,Desierto costero,2012,865.4867324096477,4.02559853515625,484104.2435234002
Moquegua,Desierto costero,2013,879.4923582641328,5.824274725341794,484104.2435234092
Moquegua,Desierto costero,2014,871.2127496154501,5.824274725341794,484104.24352340837
Moquegua,Desierto costero,2015,942.5967406066607,4.967765032958985,484104.2435234117
Moquegua,Desierto costero,2016,1011.999024523891,5.396020172119139,484104.24352340825
Moquegua,Desierto costero,2017,1067.670742834438,4.625155230712889,484104.24352340726
Moquegua,Desierto costero,2018,1041.093325793425,4.796457385253905,484104.24352340505
Moquegua,Desierto costero,2019,1108.545842352257,4.796457385253905,484104.24352340796
Moquegua,Desierto costero,2020,960.6714581664812,4.625155828857421,484104.2435234036
Moquegua,Desierto costero,2021,1078.578825707983,5.738097491455074,484104.24352341105
Moquegua,Desierto costero,2022,1355.669383251921,5.738097491455074,484104.24352341663
Moquegua,Desierto costero,2023,1845.364681683326,5.224712646484372,484104.24352340767
Moquegua,Desierto costero,2024,1901.821275823946,5.567316833496091,484104.24352341023
Moquegua,Desierto costero,2025,2167.358005712881,5.567316833496091,484104.24352340016
Pasco,Amazonía,1985,4.923935070800783,1584898.4342399177,1741936.2525861696
Pasco,Amazonía,1986,4.572232415771486,1585292.2393183874,1741936.2525861664
Pasco,Amazonía,1987,4.660142047119143,1583912.6834561047,1741936.252586158
Pasco,Amazonía,1988,2.198120300292969,1581473.7967969498,1741936.2525861152
Pasco,Amazonía,1989,1.846440490722656,1577818.4523944482,1741936.2525860975
Pasco,Amazonía,1990,0.0,1577071.1154847518,1741936.2525860693
Pasco,Amazonía,1991,0.0,1575354.1585092419,1741936.2525860663
Pasco,Amazonía,1992,0.0,1574419.8081697295,1741936.252586056
Pasco,Amazonía,1993,0.0,1573794.6569827152,1741936.2525860418
Pasco,Amazonía,1994,0.0,1577569.9740633443,1741936.2525860923
Pasco,Amazonía,1995,0.0,1577542.1955595412,1741936.2525860725
Pasco,Amazonía,1996,0.0,1574674.4479895863,1741936.2525860576
Pasco,Amazonía,1997,0.8793114074707031,1578490.8040067495,1741936.25258607
Pasco,Amazonía,1998,0.8793114074707031,1576760.3315431662,1741936.2525860425
Pasco,Amazonía,1999,0.879311328125,1572929.9271992308,1741936.2525860337
Pasco,Amazonía,2000,0.879311328125,1572242.8182432835,1741936.2525860386
Pasco,Amazonía,2001,0.879311328125,1569515.0450330877,1741936.2525860274
Pasco,Amazonía,2002,0.4396558166503906,1566439.1857297684,1741936.2525860288
Pasco,Amazonía,2003,1.230924609375,1561135.344898993,1741936.2525860765
Pasco,Amazonía,2004,0.7912701416015626,1561356.0267521278,1741936.2525860625
Pasco,Amazonía,2005,0.7912701416015626,1559923.5605999795,1741936.2525860863
Pasco,Amazonía,2006,0.7033596069335938,1557656.4385802948,1741936.252586096
Pasco,Amazonía,2007,0.7033596069335938,1554943.9523825157,1741936.2525860812
Pasco,Amazonía,2008,0.3517232543945312,1554832.2800632748,1741936.252586048
Pasco,Amazonía,2009,0.0,1553396.9398959898,1741936.2525860036
Pasco,Amazonía,2010,0.0,1547669.6639993542,1741936.252586022
Pasco,Amazonía,2011,0.0,1545958.434973199,1741936.2525860022
Pasco,Amazonía,2012,0.0,1539560.103339271,1741936.25258598
Pasco,Amazonía,2013,0.0,1534476.2496138732,1741936.2525859983
Pasco,Amazonía,2014,0.5274544128417968,1531109.6400521635,1741936.2525859994
Pasco,Amazonía,2015,1.055038580322266,1528808.75592556,1741936.252585988
Pasco,Amazonía,2016,1.582492993164063,1525198.957212494,1741936.2525859938
Pasco,Amazonía,2017,2.989386016845703,1522643.2208437826,1741936.2525860083
Pasco,Amazonía,2018,3.956623742675781,1517445.8341996374,1741936.2525859766
Pasco,Amazonía,2019,4.044554272460939,1511598.5185192933,1741936.2525859927
Pasco,Amazonía,2020,5.275560760498048,1500741.5033437174,1741936.2525859524
Pasco,Amazonía,2021,5.363404681396486,1493983.2391325154,1741936.2525859675
Pasco,Amazonía,2022,5.627175225830079,1487529.2691501826,1741936.2525859564
Pasco,Amazonía,2023,5.714805267333984,1475353.9996113353,1741936.2525859678
Pasco,Amazonía,2024,7.561172277832032,1466495.0595631879,1741936.2525859757
Pasco,Amazonía,2025,10.63864017944336,1459046.1078506208,1741936.2525859543
Pasco,Andes,1985,173.7504929138189,11920.270131158519,647634.7919369028
Pasco,Andes,1986,172.8716785827641,12101.36632724617,647634.7919369021
Pasco,Andes,1987,196.3350706848154,12227.52373827531,647634.791936892
Pasco,Andes,1988,206.6158621643075,12987.17361336694,647634.7919369017
Pasco,Andes,1989,274.0167278015131,13408.68123372216,647634.7919369136
Pasco,Andes,1990,289.1315019042949,13519.89877912621,647634.7919369052
Pasco,Andes,1991,323.7575350036597,13444.71651942772,647634.7919369119
Pasco,Andes,1992,351.6169460388182,13769.72054324975,647634.7919369163
Pasco,Andes,1993,385.8910562805175,13965.84353878814,647634.7919369115
Pasco,Andes,1994,474.2972977966311,14407.58979501997,647634.7919369029
Pasco,Andes,1995,500.6551342651371,14837.13614752225,647634.7919369023
Pasco,Andes,1996,612.5868069885304,14581.88824780909,647634.7919369055
Pasco,Andes,1997,644.3949432861408,14199.714637201268,647634.7919369098
Pasco,Andes,1998,664.9542790588441,14077.626479608585,647634.7919369099
Pasco,Andes,1999,674.972364788824,13950.48775261888,647634.7919369113
Pasco,Andes,2000,551.0788601379451,14075.72192594042,647634.7919368966
Pasco,Andes,2001,550.1072383178769,13889.21040408341,647634.7919368907
Pasco,Andes,2002,552.3042009643607,14261.74982353556,647634.7919368935
Pasco,Andes,2003,578.5760582763702,13962.29827189347,647634.7919369033
Pasco,Andes,2004,697.9842827697786,13628.46563733539,647634.791936923
Pasco,Andes,2005,784.7917686157268,12829.46813189108,647634.7919369207
Pasco,Andes,2006,1102.433644934077,12886.29447940694,647634.7919369084
Pasco,Andes,2007,1224.397113635245,12664.94957774064,647634.7919369068
Pasco,Andes,2008,1353.124986267065,12559.19198991105,647634.7919369017
Pasco,Andes,2009,1389.764193249486,12518.45965148331,647634.7919368857
Pasco,Andes,2010,1821.104431481916,12457.10393052999,647634.7919368751
Pasco,Andes,2011,1846.575610491917,12110.78954995742,647634.7919368681
Pasco,Andes,2012,1859.751486901827,12180.70256149916,647634.791936895
Pasco,Andes,2013,1964.628641961647,12371.07186804828,647634.7919369075
Pasco,Andes,2014,1953.974943652318,13640.12886025412,647634.7919369203
Pasco,Andes,2015,1881.589874914519,14194.53010941788,647634.7919369168
Pasco,Andes,2016,1876.584638464323,14440.47605946681,647634.7919369154
Pasco,Andes,2017,1952.948463781706,14600.54488064597,647634.7919369262
Pasco,Andes,2018,2029.284093170134,14807.34422267475,647634.7919369389
Pasco,Andes,2019,2054.590151049783,14536.9402295228,647634.7919369204
Pasco,Andes,2020,2118.022136297589,14261.0048795045,647634.7919369241
Pasco,Andes,2021,2170.835133001682,14220.28089412851,647634.7919369119
Pasco,Andes,2022,2423.809099224824,14636.18403216562,647634.7919369282
Pasco,Andes,2023,2552.811024633776,14723.54117371835,647634.7919369397
Pasco,Andes,2024,2563.97303078,14835.70373654796,647634.7919369342
Pasco,Andes,2025,2427.846586517321,14870.97793737191,647634.7919369304
Piura,Amazonía,1985,0.0,46709.76422187705,79373.71562789497
Piura,Amazonía,1986,0.0,46734.96988966915,79373.71562789532
Piura,Amazonía,1987,0.0,47131.83649408385,79373.71562789727
Piura,Amazonía,1988,0.0,47151.96442474736,79373.71562789673
Piura,Amazonía,1989,0.0,46131.12756252675,79373.7156278952
Piura,Amazonía,1990,0.0,46131.84026510856,79373.71562789522
Piura,Amazonía,1991,0.0,45904.40621918877,79373.71562789207
Piura,Amazonía,1992,0.0,45906.54351104672,79373.71562789212
Piura,Amazonía,1993,0.0,45897.19160368585,79373.71562789209
Piura,Amazonía,1994,0.0,45883.38625495519,79373.7156278919
Piura,Amazonía,1995,0.0,45883.65326918251,79373.71562789191
Piura,Amazonía,1996,0.0,45024.84267467333,79373.71562788953
Piura,Amazonía,1997,0.0,44642.72314136277,79373.71562789204
Piura,Amazonía,1998,0.0,44031.73937887257,79373.71562789587
Piura,Amazonía,1999,0.0,43527.60152514807,79373.71562789417
Piura,Amazonía,2000,0.0,43521.0656417485,79373.715627893
Piura,Amazonía,2001,0.0,42803.88960506552,79373.71562789216
Piura,Amazonía,2002,0.0,43019.30364020856,79373.71562789097
Piura,Amazonía,2003,0.0,42705.35399161423,79373.7156278929
Piura,Amazonía,2004,0.0,42616.60729137438,79373.71562789097
Piura,Amazonía,2005,0.0,42435.0387140684,79373.715627892
Piura,Amazonía,2006,0.0,42224.98419878248,79373.71562789581
Piura,Amazonía,2007,0.0,41852.53920408202,79373.71562789114
Piura,Amazonía,2008,0.0,41517.46553052543,79373.71562788944
Piura,Amazonía,2009,0.0,41684.15084331911,79373.71562789074
Piura,Amazonía,2010,0.0,41923.73864247002,79373.71562788983
Piura,Amazonía,2011,0.0,41917.32312094365,79373.71562789063
Piura,Amazonía,2012,0.0,41895.18803283932,79373.71562788993
Piura,Amazonía,2013,0.0,41850.48934612753,79373.71562789063
Piura,Amazonía,2014,0.0,41759.38097903108,79373.71562789027
Piura,Amazonía,2015,0.0,41856.75164877692,79373.71562789033
Piura,Amazonía,2016,0.0,42240.33068157627,79373.71562789513
Piura,Amazonía,2017,0.0,42300.19476166034,79373.71562789512
Piura,Amazonía,2018,0.0,42301.38304994674,79373.71562789423
Piura,Amazonía,2019,0.0,42344.96945445136,79373.71562789436
Piura,Amazonía,2020,0.0,42449.68959103087,79373.71562789577
Piura,Amazonía,2021,0.0,42300.12954274337,79373.71562789309
Piura,Amazonía,2022,0.0,42563.71555218911,79373.71562789613
Piura,Amazonía,2023,0.0,41973.49737847666,79373.7156278905
Piura,Amazonía,2024,0.0,41296.1153524333,79373.71562789015
Piura,Amazonía,2025,0.0,40916.83046205356,79373.71562789126
Piura,Andes,1985,37.34128412475606,97161.10943606184,483638.91818824655
Piura,Andes,1986,37.51952249145529,94664.21682160869,483638.9181881936
Piura,Andes,1987,33.95472247314463,94696.75684674943,483638.9181881852
Piura,Andes,1988,37.1630413635256,94130.47800675314,483638.91818818497
Piura,Andes,1989,38.85631852417019,92936.59906667087,483638.9181881904
Piura,Andes,1990,41.26256069946317,91818.79647411758,483638.9181881943
Piura,Andes,1991,35.6479989929201,85026.19624770098,483638.918188195
Piura,Andes,1992,35.6479989929201,85041.51142499596,483638.918188195
Piura,Andes,1993,35.6479989929201,85042.04571219685,483638.9181881949
Piura,Andes,1994,35.6479989929201,85040.35369609576,483638.918188207
Piura,Andes,1995,35.6479989929201,85039.90857969562,483638.91818819486
Piura,Andes,1996,37.60864727783224,86529.17669692007,483638.91818818747
Piura,Andes,1997,40.19311922607452,86411.01084903152,483638.91818818497
Piura,Andes,1998,38.0542419372561,86221.71085781445,483638.9181881862
Piura,Andes,1999,38.8563203247073,86694.79912522215,483638.91818817455
Piura,Andes,2000,39.83664662475614,86382.60945601448,483638.91818821983
Piura,Andes,2001,39.21280838623073,86686.07377606421,483638.9181881755
Piura,Andes,2002,42.33200606689484,86584.61261823926,483638.9181881748
Piura,Andes,2003,40.72783582763698,87271.85540960284,483638.9181881752
Piura,Andes,2004,41.61903245239283,86960.75994573586,483638.9181882324
Piura,Andes,2005,41.44079204101587,87125.50840069189,483638.91818818514
Piura,Andes,2006,40.63871549072293,87216.92535183289,483638.9181881967
Piura,Andes,2007,40.99519503784207,84681.44502325631,483638.9181881684
Piura,Andes,2008,40.19311712646513,84860.32679419752,483638.91818818543
Piura,Andes,2009,40.8169595458987,85569.77477455675,483638.9181881913
Piura,Andes,2010,40.37136040039088,84995.09147754117,483638.9181881868
Piura,Andes,2011,41.61904044189478,85154.53617122406,483638.91818818037
Piura,Andes,2012,42.77533604126004,87367.3812826132,483638.9181881898
Piura,Andes,2013,43.13212317504907,87536.35768629343,483638.918188189
Piura,Andes,2014,44.82354232788111,87526.09815949269,483638.9181882332
Piura,Andes,2015,44.55834475097685,88234.76850436575,483638.91818824544
Piura,Andes,2016,45.18126022949247,88603.15275376168,483638.91818819044
Piura,Andes,2017,44.73606816406279,87344.75736687786,483638.9181882345
Piura,Andes,2018,47.8526011718753,86445.25547685097,483638.91818819096
Piura,Andes,2019,53.90623525390654,87059.19122570349,483638.9181881911
Piura,Andes,2020,65.38990829467807,87772.20588189861,483638.91818818095
Piura,Andes,2021,110.1687359008793,88344.7591289566,483638.9181881784
Piura,Andes,2022,119.071989898682,88791.3089007344,483638.9181881934
Piura,Andes,2023,124.4148920776369,92235.72851960047,483638.91818819806
Piura,Andes,2024,129.31317822876,93213.90114219586,483638.9181881956
Piura,Andes,2025,133.5883548461916,92700.89174330645,483638.91818819405
Piura,Bosque seco ecuatorial,1985,2.048441632080078,2185977.8760863952,2755729.0233883224
Piura,Bosque seco ecuatorial,1986,2.048441632080078,2185355.6867236877,2755729.0233881734
Piura,Bosque seco ecuatorial,1987,2.048441632080078,2175174.2103947955,2755729.0233881413
Piura,Bosque seco ecuatorial,1988,2.048441632080078,2163083.0580538814,2755729.023388228
Piura,Bosque seco ecuatorial,1989,2.048441632080078,2143285.378826626,2755729.0233882633
Piura,Bosque seco ecuatorial,1990,2.048441632080078,2130429.1584044024,2755729.0233881017
Piura,Bosque seco ecuatorial,1991,2.048441632080078,2099784.1373,2755729.0233880403
Piura,Bosque seco ecuatorial,1992,2.048441632080078,2098109.336745094,2755729.0233880333
Piura,Bosque seco ecuatorial,1993,2.048441632080078,2097903.006522885,2755729.023388039
Piura,Bosque seco ecuatorial,1994,2.048441632080078,2097833.6176231336,2755729.0233880444
Piura,Bosque seco ecuatorial,1995,2.048441632080078,2097997.4669957603,2755729.023388045
Piura,Bosque seco ecuatorial,1996,2.048441632080078,2129355.7315578633,2755729.0233881054
Piura,Bosque seco ecuatorial,1997,2.137504425048828,2134727.0384527384,2755729.0233881087
Piura,Bosque seco ecuatorial,1998,2.137504278564453,2138164.0607015644,2755729.023388081
Piura,Bosque seco ecuatorial,1999,2.048441632080078,2157934.303260682,2755729.0233881497
Piura,Bosque seco ecuatorial,2000,2.048441632080078,2160361.261390924,2755729.023388297
Piura,Bosque seco ecuatorial,2001,2.048441632080078,2153826.688445206,2755729.0233881306
Piura,Bosque seco ecuatorial,2002,2.048441632080078,2151844.0692973584,2755729.0233881385
Piura,Bosque seco ecuatorial,2003,2.137504425048828,2155600.381944589,2755729.0233881604
Piura,Bosque seco ecuatorial,2004,2.048441632080078,2167976.2464767112,2755729.023388321
Piura,Bosque seco ecuatorial,2005,62.52081874999966,2161482.01164854,2755729.023388169
Piura,Bosque seco ecuatorial,2006,61.98644205322231,2154610.136667133,2755729.0233881837
Piura,Bosque seco ecuatorial,2007,63.05519552612273,2141529.581410359,2755729.0233881
Piura,Bosque seco ecuatorial,2008,63.50049866332973,2133561.370038986,2755729.023388116
Piura,Bosque seco ecuatorial,2009,62.34268542480434,2119601.2863956983,2755729.0233881017
Piura,Bosque seco ecuatorial,2010,62.60987452392543,2117606.7023440655,2755729.0233881017
Piura,Bosque seco ecuatorial,2011,62.78800911865204,2117504.8663228285,2755729.023388055
Piura,Bosque seco ecuatorial,2012,64.3020683288571,2108226.710082942,2755729.023388036
Piura,Bosque seco ecuatorial,2013,62.52081541748014,2100469.9858598816,2755729.023388106
Piura,Bosque seco ecuatorial,2014,62.52081538085904,2097942.9195405496,2755729.023388063
Piura,Bosque seco ecuatorial,2015,63.14424595947229,2105672.0950375623,2755729.02338807
Piura,Bosque seco ecuatorial,2016,62.07550325317349,2098536.338334627,2755729.0233879676
Piura,Bosque seco ecuatorial,2017,62.69892998046836,2101140.261652824,2755729.023388031
Piura,Bosque seco ecuatorial,2018,62.96611326293905,2102763.7713164506,2755729.023388096
Piura,Bosque seco ecuatorial,2019,62.87705099487264,2095551.7194780244,2755729.023388098
Piura,Bosque seco ecuatorial,2020,62.52080697631798,2088533.6336919914,2755729.0233880645
Piura,Bosque seco ecuatorial,2021,67.15206746215783,2078355.3862213327,2755729.0233880384
Piura,Bosque seco ecuatorial,2022,74.36886999511685,2078359.1815678764,2755729.023388077
Piura,Bosque seco ecuatorial,2023,78.82334890136684,2064030.6180660366,2755729.023388026
Piura,Bosque seco ecuatorial,2024,78.82334754028285,2062942.3419224313,2755729.0233882107
Piura,Bosque seco ecuatorial,2025,79.35779024047818,2054494.5952794536,2755729.023387967
Piura,Desierto costero,1985,0.0,1065.6547225402835,237897.5086450904
Piura,Desierto costero,1986,0.0,1067.5227092712412,237897.50864509854
Piura,Desierto costero,1987,0.0,1332.7602620544442,237897.50864506103
Piura,Desierto costero,1988,0.0,1331.8704930175793,237897.50864510477
Piura,Desierto costero,1989,0.0,643.5083074279771,237897.5086450954
Piura,Desierto costero,1990,0.0,542.1496861633286,237897.50864506658
Piura,Desierto costero,1991,0.0,732.804101855466,237897.50864507476
Piura,Desierto costero,1992,0.0,729.7797910766574,237897.50864506423
Piura,Desierto costero,1993,0.0,729.1570836853,237897.50864506426
Piura,Desierto costero,1994,0.0,729.7797910766576,237897.50864506423
Piura,Desierto costero,1995,0.0,729.7797910766575,237897.50864506423
Piura,Desierto costero,1996,0.0,677.9200455566374,237897.508645058
Piura,Desierto costero,1997,0.0,656.5726193420385,237897.50864508358
Piura,Desierto costero,1998,0.0,1380.560342279049,237897.5086451284
Piura,Desierto costero,1999,0.0,1661.864861553948,237897.5086451054
Piura,Desierto costero,2000,0.0,1857.237624609365,237897.5086450878
Piura,Desierto costero,2001,0.0,1838.709003100579,237897.50864511018
Piura,Desierto costero,2002,0.0,1861.498006780994,237897.5086451195
Piura,Desierto costero,2003,0.8891438415527343,1468.08710632934,237897.50864508
Piura,Desierto costero,2004,0.4445589965820312,1337.201053509513,237897.50864507147
Piura,Desierto costero,2005,0.0,1172.785880273434,237897.50864507508
Piura,Desierto costero,2006,0.0,1024.815482769772,237897.50864509866
Piura,Desierto costero,2007,0.7112957275390625,1011.029681201168,237897.50864508346
Piura,Desierto costero,2008,0.3556483764648438,877.9867047302229,237897.50864508387
Piura,Desierto costero,2009,148.4912441284182,1002.037706823729,237897.50864509138
Piura,Desierto costero,2010,433.0988416198755,1019.916216528319,237897.50864507645
Piura,Desierto costero,2011,751.219328729268,881.5304845703121,237897.50864506917
Piura,Desierto costero,2012,876.0560337158315,855.2774989746088,237897.508645064
Piura,Desierto costero,2013,1238.737362316897,800.6274118652335,237897.5086451024
Piura,Desierto costero,2014,1454.179210931421,818.2386920837397,237897.50864509578
Piura,Desierto costero,2015,1681.61593192752,858.2600913635249,237897.5086450844
Piura,Desierto costero,2016,1824.412978460732,855.6809171081545,237897.50864508448
Piura,Desierto costero,2017,2002.686947863847,1137.1981977417,237897.50864510838
Piura,Desierto costero,2018,2130.548562786915,1407.531940460206,237897.50864509246
Piura,Desierto costero,2019,2453.922267553685,1633.982562731937,237897.5086451161
Piura,Desierto costero,2020,2493.668512890601,1596.692600323489,237897.5086451298
Piura,Desierto costero,2021,2722.178824078298,1368.476747961428,237897.5086450947
Piura,Desierto costero,2022,2754.102173840274,1165.505279351807,237897.5086450816
Piura,Desierto costero,2023,2895.740000018257,1143.166889117432,237897.50864509158
Piura,Desierto costero,2024,2970.334053704788,1134.111407781981,237897.508645117
Piura,Desierto costero,2025,2908.358707269335,1132.777454821776,237897.50864510934
Puno,Amazonía,1985,0.0,1482397.3756054023,1597278.097054409
Puno,Amazonía,1986,0.0,1482518.8416009406,1597278.097053976
Puno,Amazonía,1987,0.0,1482398.8826089897,1597278.0970549013
Puno,Amazonía,1988,0.0,1483508.9453722136,1597278.0970549106
Puno,Amazonía,1989,0.0,1483544.230328049,1597278.0970541113
Puno,Amazonía,1990,0.0,1482690.7570772234,1597278.0970540245
Puno,Amazonía,1991,0.0,1481736.715629431,1597278.0970540051
Puno,Amazonía,1992,0.0,1480770.3836742875,1597278.0970540175
Puno,Amazonía,1993,0.0,1480600.143386454,1597278.0970540333
Puno,Amazonía,1994,0.0,1481700.808859141,1597278.0970540456
Puno,Amazonía,1995,0.0,1479593.7732553345,1597278.0970540296
Puno,Amazonía,1996,0.0,1479363.3846673775,1597278.0970540252
Puno,Amazonía,1997,0.0,1478843.342300687,1597278.0970540268
Puno,Amazonía,1998,9.720739337158216,1478615.902741334,1597278.0970540184
Puno,Amazonía,1999,11.45659028930666,1478608.5481927295,1597278.0970549195
Puno,Amazonía,2000,12.23772750854494,1477940.54119146,1597278.0970541257
Puno,Amazonía,2001,12.06414062500002,1477531.2801636478,1597278.0970540172
Puno,Amazonía,2002,13.10565871582034,1478156.8218340438,1597278.097054052
Puno,Amazonía,2003,17.71703610229495,1476778.7514135535,1597278.0970540391
Puno,Amazonía,2004,19.97559010009768,1476543.7215993532,1597278.097054988
Puno,Amazonía,2005,36.9547210144043,1476100.8545661082,1597278.0970540368
Puno,Amazonía,2006,61.7769932312012,1475066.3871448433,1597278.097054123
Puno,Amazonía,2007,79.45100982055682,1473895.3026639873,1597278.097053998
Puno,Amazonía,2008,78.75033567504894,1473193.7359547159,1597278.0970540096
Puno,Amazonía,2009,47.92884239501956,1473318.187416464,1597278.0970540026
Puno,Amazonía,2010,79.90880203247066,1473511.8363498019,1597278.0970549604
Puno,Amazonía,2011,91.2054843444823,1473101.5300146614,1597278.0970540238
Puno,Amazonía,2012,174.0100253540039,1473207.4284024467,1597278.0970549383
Puno,Amazonía,2013,206.0178772521973,1471910.5309101143,1597278.0970549271
Puno,Amazonía,2014,271.0932758544923,1470397.1891467262,1597278.0970540573
Puno,Amazonía,2015,303.5939409912107,1469794.587179359,1597278.0970540547
Puno,Amazonía,2016,411.8985219421363,1469421.0258078966,1597278.0970541623
Puno,Amazonía,2017,453.713159588621,1468782.649320757,1597278.0970540897
Puno,Amazonía,2018,638.0065317687979,1468273.6664510341,1597278.0970549127
Puno,Amazonía,2019,784.7203135131828,1466466.1203522768,1597278.097054898
Puno,Amazonía,2020,966.8040124755843,1465621.851651235,1597278.0970540817
Puno,Amazonía,2021,1146.55782342529,1465319.1457668408,1597278.0970550005
Puno,Amazonía,2022,1292.693822180173,1464687.3218012927,1597278.0970549618
Puno,Amazonía,2023,1400.30096677246,1461243.5400643933,1597278.0970549833
Puno,Amazonía,2024,1506.736727288817,1458835.868330999,1597278.0970541025
Puno,Amazonía,2025,1938.254309283444,1454414.5163273464,1597278.0970540876
Puno,Andes,1985,1022.186913073723,15925.02582311397,5669513.160786851
Puno,Andes,1986,1009.726036553947,16255.05765346675,5669513.160784263
Puno,Andes,1987,943.3488213561935,15927.72776172482,5669513.160786852
Puno,Andes,1988,842.0607426452597,13750.54220998528,5669513.160786875
Puno,Andes,1989,788.3627608825665,13270.80877531738,5669513.160784756
Puno,Andes,1990,733.0296521484348,13199.43690279539,5669513.160786871
Puno,Andes,1991,644.7252005981454,13175.66413808593,5669513.160786787
Puno,Andes,1992,612.536085009766,13149.58658026732,5669513.160786799
Puno,Andes,1993,590.5450349426262,13249.27601693115,5669513.160786823
Puno,Andes,1994,605.7275741516099,13305.5990024475,5669513.160786771
Puno,Andes,1995,685.551783441163,13399.91875949709,5669513.160786842
Puno,Andes,1996,728.9290300598147,13601.23026964113,5669513.160786894
Puno,Andes,1997,747.7252015991188,13633.27581420291,5669513.160786854
Puno,Andes,1998,765.5618141601507,13572.7047850586,5669513.160787044
Puno,Andes,1999,824.1110089965774,13481.89468372805,5669513.160786826
Puno,Andes,2000,853.8802993347095,13415.38118715211,5669513.160784652
Puno,Andes,2001,864.2526146301195,13392.59103634033,5669513.1607868485
Puno,Andes,2002,922.1535053527746,13343.60015412597,5669513.160787011
Puno,Andes,2003,1018.135785870355,13239.1417856018,5669513.1607867805
Puno,Andes,2004,1102.194328729241,13234.25218303222,5669513.16078687
Puno,Andes,2005,1461.755660083011,13220.35606176758,5669513.160786717
Puno,Andes,2006,1642.661668035895,13185.62743192138,5669513.160787018
Puno,Andes,2007,2292.040636267092,13212.04766999511,5669513.160786843
Puno,Andes,2008,2356.213470605479,13507.90635310668,5669513.160786801
Puno,Andes,2009,2737.804613763438,13732.76372147213,5669513.160786699
Puno,Andes,2010,3170.82074111938,13556.32555586545,5669513.16078422
Puno,Andes,2011,4191.278236791904,13507.16565216675,5669513.160786812
Puno,Andes,2012,4777.679677276548,13420.4486979004,5669513.160787017
Puno,Andes,2013,5448.132261737028,13342.63054907226,5669513.160786894
Puno,Andes,2014,5631.666953247017,13267.93883687132,5669513.160786683
Puno,Andes,2015,5925.144365405222,13249.4871750183,5669513.160784441
Puno,Andes,2016,6217.037322875919,13205.31905609741,5669513.160784334
Puno,Andes,2017,6472.180355694566,13177.41893157347,5669513.160787053
Puno,Andes,2018,6822.023639239417,13172.46635673827,5669513.160786718
Puno,Andes,2019,7024.614374200405,13187.05044372558,5669513.160786828
Puno,Andes,2020,7545.081781695442,13185.57018267211,5669513.16078448
Puno,Andes,2021,7879.146852087494,13201.3475411377,5669513.160784467
Puno,Andes,2022,8419.79176624138,13193.18394697875,5669513.160787033
Puno,Andes,2023,8933.058336602919,13190.32538688352,5669513.160787019
Puno,Andes,2024,8878.946956213495,13258.63673932495,5669513.160786879
Puno,Andes,2025,10133.39589464113,13221.69848982543,5669513.160784688
San Martín,Amazonía,1985,95.79814030761739,4088579.2248946577,4876010.686473099
San Martín,Amazonía,1986,95.79814030761739,4089058.8078533756,4876010.686473108
San Martín,Amazonía,1987,72.8992322021487,4098658.752175528,4876010.686473165
San Martín,Amazonía,1988,55.7621519409183,4078043.0735236052,4876010.686473168
San Martín,Amazonía,1989,64.55257716674826,4073507.2495389944,4876010.686473109
San Martín,Amazonía,1990,48.12792300415039,4068721.4958290583,4876010.686473151
San Martín,Amazonía,1991,47.06208965454104,4065189.9813326383,4876010.686473196
San Martín,Amazonía,1992,42.53365830078129,4065931.1756926416,4876010.6864731405
San Martín,Amazonía,1993,59.57518606567412,4065499.4351543416,4876010.686473134
San Martín,Amazonía,1994,56.73235269775403,4053197.6079560025,4876010.686473096
San Martín,Amazonía,1995,57.0933125000003,4044126.563577564,4876010.686473066
San Martín,Amazonía,1996,48.29929648437503,4029740.2140764087,4876010.6864731675
San Martín,Amazonía,1997,44.65775859375004,3996614.147916615,4876010.68647315
San Martín,Amazonía,1998,45.02013175659184,3962699.3569912384,4876010.686473082
San Martín,Amazonía,1999,48.56783162841804,3945083.730626156,4876010.6864731815
San Martín,Amazonía,2000,49.37064254150399,3928798.8857500297,4876010.686473219
San Martín,Amazonía,2001,49.45812366943368,3902739.94063676,4876010.68647312
San Martín,Amazonía,2002,68.10466231079118,3886800.738152046,4876010.686473065
San Martín,Amazonía,2003,61.71205997924831,3865430.327777704,4876010.6864729645
San Martín,Amazonía,2004,68.01779758911152,3852132.809427016,4876010.686472919
San Martín,Amazonía,2005,66.15381515502955,3827644.2201810116,4876010.686472805
San Martín,Amazonía,2006,68.10632861938493,3806482.949857207,4876010.686472891
San Martín,Amazonía,2007,76.27597127075212,3784297.7860002387,4876010.686472767
San Martín,Amazonía,2008,72.27769177856472,3766384.5231427783,4876010.686472815
San Martín,Amazonía,2009,72.19047356567413,3738138.1228576438,4876010.686472725
San Martín,Amazonía,2010,94.38705754394543,3715562.538305399,4876010.686472637
San Martín,Amazonía,2011,94.21395373535171,3706484.335028803,4876010.686472578
San Martín,Amazonía,2012,84.98451043090853,3681567.5456638364,4876010.686472525
San Martín,Amazonía,2013,115.3578524902343,3668011.118984252,4876010.6864725165
San Martín,Amazonía,2014,123.9759859008789,3661593.3640751913,4876010.6864724355
San Martín,Amazonía,2015,122.738972644043,3649734.983506764,4876010.686472402
San Martín,Amazonía,2016,113.0563088684085,3643643.279729116,4876010.686472447
San Martín,Amazonía,2017,125.4029171813964,3654908.7870545485,4876010.686472449
San Martín,Amazonía,2018,119.8982630493166,3649413.983455624,4876010.68647246
San Martín,Amazonía,2019,138.913113800049,3651455.94437887,4876010.686472499
San Martín,Amazonía,2020,157.7555689880373,3634263.9062772654,4876010.68647246
San Martín,Amazonía,2021,184.8386459655763,3616968.8913027346,4876010.686472413
San Martín,Amazonía,2022,229.2062386169437,3581332.104548112,4876010.686472433
San Martín,Amazonía,2023,231.6909339904788,3570708.431366767,4876010.68647242
San Martín,Amazonía,2024,254.0806851257324,3557095.4799666065,4876010.686472414
San Martín,Amazonía,2025,313.8343371643073,3536941.157130961,4876010.686472395
San Martín,Andes,1985,0.0,36215.8639763971,224513.31164265238
San Martín,Andes,1986,0.0,36216.48343093811,224513.31164265238
San Martín,Andes,1987,0.0,36163.06800125064,224513.3116426473
San Martín,Andes,1988,0.0,36072.26537424262,224513.31164264545
San Martín,Andes,1989,0.0,36581.0486866632,224513.3116426442
San Martín,Andes,1990,0.0,37453.27449442705,224513.31164264356
San Martín,Andes,1991,0.0,38952.21347269827,224513.31164264906
San Martín,Andes,1992,0.0,38728.15875358813,224513.31164264993
San Martín,Andes,1993,0.0,38733.46372864922,224513.31164265022
San Martín,Andes,1994,0.0,36948.1078140742,224513.3116426464
San Martín,Andes,1995,0.0,36956.54087501795,224513.31164264353
San Martín,Andes,1996,0.0,36918.70182246026,224513.31164264135
San Martín,Andes,1997,0.0,36976.99124256518,224513.3116426386
San Martín,Andes,1998,0.0,36649.35458136543,224513.31164264237
San Martín,Andes,1999,0.0,36443.45817819177,224513.31164264597
San Martín,Andes,2000,0.0,36362.20292891807,224513.31164264778
San Martín,Andes,2001,0.0,36047.95237011073,224513.31164264787
San Martín,Andes,2002,0.0,36344.17314963332,224513.31164264536
San Martín,Andes,2003,0.0,36382.4359332756,224513.31164264376
San Martín,Andes,2004,0.0,35918.32809665483,224513.31164264452
San Martín,Andes,2005,0.0,35857.9622747309,224513.31164263998
San Martín,Andes,2006,0.0,35547.85156260301,224513.31164264295
San Martín,Andes,2007,0.0,35401.70571722333,224513.31164264405
San Martín,Andes,2008,0.0,34931.32136605758,224513.3116426442
San Martín,Andes,2009,0.0,35619.72469290088,224513.31164264833
San Martín,Andes,2010,0.0,36464.11040635929,224513.3116426477
San Martín,Andes,2011,0.0,36929.49873190266,224513.31164264766
San Martín,Andes,2012,0.0,36984.10075107965,224513.31164265302
San Martín,Andes,2013,0.0,36852.59449658759,224513.31164265226
San Martín,Andes,2014,0.0,36420.15146532536,224513.31164265182
San Martín,Andes,2015,0.0,35926.00759284639,224513.3116426524
San Martín,Andes,2016,0.0,35291.05615430247,224513.3116426517
San Martín,Andes,2017,0.0,35353.6446611017,224513.311642653
San Martín,Andes,2018,0.0,35213.48564817463,224513.31164265395
San Martín,Andes,2019,0.0,35118.66283677923,224513.31164265625
San Martín,Andes,2020,0.0,35261.0298204706,224513.3116426571
San Martín,Andes,2021,0.0,35341.84808123722,224513.31164265695
San Martín,Andes,2022,0.0,35970.17345380814,224513.31164265805
San Martín,Andes,2023,0.0,37000.05971699785,224513.31164265485
San Martín,Andes,2024,0.0,37683.22772117841,224513.3116426582
San Martín,Andes,2025,0.0,37495.4918468316,224513.3116426548
Tacna,Andes,1985,1145.286244061251,365.9683056823711,823082.5917204435
Tacna,Andes,1986,1146.226185382051,364.4316700134258,823082.5917200978
Tacna,Andes,1987,1146.142512640352,362.888274761961,823082.591721061
Tacna,Andes,1988,1140.322542083723,320.6250228149414,823082.5917204415
Tacna,Andes,1989,1147.846195135473,362.7248851501448,823082.5917210663
Tacna,Andes,1990,1145.876434844955,398.851613964844,823082.5917210616
Tacna,Andes,1991,1151.773679949935,421.9941420898421,823082.5917210575
Tacna,Andes,1992,1155.287175067117,450.0848576904278,823082.591721057
Tacna,Andes,1993,1173.150758361797,433.6910830627428,823082.591721065
Tacna,Andes,1994,1196.060229589833,419.1803367004395,823082.5917210593
Tacna,Andes,1995,1250.762386352531,406.7168108825674,823082.5917210705
Tacna,Andes,1996,1288.626348138413,388.1814106018051,823082.5917210616
Tacna,Andes,1997,1349.656675030515,383.3047428649895,823082.5917210637
Tacna,Andes,1998,1375.642065100096,334.0325641052243,823082.5917210529
Tacna,Andes,1999,1402.739325939919,331.4724469604494,823082.5917204466
Tacna,Andes,2000,1438.377863433824,340.5179527099608,823082.5917204446
Tacna,Andes,2001,1471.970068853735,335.4764133422846,823082.5917210614
Tacna,Andes,2002,1536.58563156736,337.0991174987786,823082.5917210665
Tacna,Andes,2003,1600.520333813455,332.6635089355472,823082.5917210677
Tacna,Andes,2004,1706.749664160119,335.7383554992678,823082.5917210599
Tacna,Andes,2005,1789.054917187481,318.2345600219724,823082.5917210665
Tacna,Andes,2006,1957.67501625369,286.8986067260739,823082.5917210618
Tacna,Andes,2007,2009.29328545532,268.798193682861,823082.5917210625
Tacna,Andes,2008,2072.371288922135,279.6411878417965,823082.5917210628
Tacna,Andes,2009,2176.711752569592,280.5815544189449,823082.5917210684
Tacna,Andes,2010,2216.542655297842,217.2237675048828,823082.5917200933
Tacna,Andes,2011,2387.703926873777,209.6239452026371,823082.5917210674
Tacna,Andes,2012,2541.301314965841,276.3901793273923,823082.591721062
Tacna,Andes,2013,2673.517716308591,316.6850400817866,823082.5917210565
Tacna,Andes,2014,2836.161029303055,343.9232324035642,823082.5917200891
Tacna,Andes,2015,2999.613467749082,369.0275406127921,823082.5917210557
Tacna,Andes,2016,3120.0855971192,367.4872605346677,823082.5917210565
Tacna,Andes,2017,3260.228950598152,322.6599577575676,823082.5917210584
Tacna,Andes,2018,3353.332943518077,315.6557136901845,823082.5917200887
Tacna,Andes,2019,3553.6792959839,326.4148382385254,823082.5917204532
Tacna,Andes,2020,3680.648379412869,336.571092785644,823082.5917210686
Tacna,Andes,2021,3816.099552429213,339.4757032470698,823082.5917204488
Tacna,Andes,2022,3900.134166272048,340.4136277587885,823082.5917210669
Tacna,Andes,2023,3940.881209008821,311.9846767028808,823082.5917210699
Tacna,Andes,2024,3976.169297375478,293.9711650573727,823082.5917210778
Tacna,Andes,2025,3959.709727301016,294.2274966003415,823082.5917210744
Tacna,Desierto costero,1985,169.3691392822254,25.86305090332031,775602.3860906858
Tacna,Desierto costero,1986,169.3691392822254,29.87468494262694,775602.3860907084
Tacna,Desierto costero,1987,169.5393619628895,29.44788924560545,775602.3860907151
Tacna,Desierto costero,1988,164.4327012451164,27.91071650390624,775602.386090715
Tacna,Desierto costero,1989,177.4542492370591,27.99641170654296,775602.3860907085
Tacna,Desierto costero,1990,176.6882552001939,29.95999460449217,775602.3860907055
Tacna,Desierto costero,1991,180.5181660705551,30.47310988769531,775602.3860907032
Tacna,Desierto costero,1992,163.5815939636223,32.18142865600585,775602.3860906956
Tacna,Desierto costero,1993,163.5815939636223,31.07065425415038,775602.3860906995
Tacna,Desierto costero,1994,163.751805572509,29.44834861450193,775602.3860907
Tacna,Desierto costero,1995,163.4964780456536,29.19208635253904,775602.3860906855
Tacna,Desierto costero,1996,166.1423326538079,29.27646313476561,775602.3860906918
Tacna,Desierto costero,1997,175.874908898925,30.04507365112303,775602.3860906799
Tacna,Desierto costero,1998,269.2584604003903,27.31320969848631,775602.3860906875
Tacna,Desierto costero,1999,266.3545030517575,26.7158964477539,775602.3860906932
Tacna,Desierto costero,2000,298.830081732176,23.81404515380859,775602.3860906927
Tacna,Desierto costero,2001,316.5910140014632,25.09475316772462,775602.3860907034
Tacna,Desierto costero,2002,303.9828299011226,25.52188844604493,775602.3860907072
Tacna,Desierto costero,2003,320.1946194152825,27.82636417236326,775602.3860907148
Tacna,Desierto costero,2004,347.3207303588854,26.80192819824217,775602.3860907183
Tacna,Desierto costero,2005,367.0463161315906,27.4000566467285,775602.386090723
Tacna,Desierto costero,2006,376.1802494812003,24.32646652221678,775602.3860907165
Tacna,Desierto costero,2007,371.4069904174798,23.81433049316404,775602.3860907194
Tacna,Desierto costero,2008,395.4721398986804,20.400546484375,775602.3860907232
Tacna,Desierto costero,2009,398.7311898559562,21.42508323364257,775602.3860907273
Tacna,Desierto costero,2010,437.0527994995097,22.36391270141601,775602.3860907244
Tacna,Desierto costero,2011,476.239797662352,21.08354865722656,775602.3860907294
Tacna,Desierto costero,2012,491.2750529479968,17.49846633911133,775602.3860907542
Tacna,Desierto costero,2013,477.1185011840821,20.48658213500977,775602.3860907436
Tacna,Desierto costero,2014,478.4975778137191,21.16965899658203,775602.3860907498
Tacna,Desierto costero,2015,593.0086090942378,20.65712356567382,775602.3860907538
Tacna,Desierto costero,2016,633.6465805969233,21.25454046020507,775602.3860907449
Tacna,Desierto costero,2017,661.1411024414078,19.63253347778321,775602.3860907428
Tacna,Desierto costero,2018,700.2241556762684,19.37637852783203,775602.3860907442
Tacna,Desierto costero,2019,501.0513811340333,18.52220648803711,775602.3860907372
Tacna,Desierto costero,2020,763.0074090332024,17.24201845092773,775602.3860907304
Tacna,Desierto costero,2021,793.5316982421862,18.69321807861328,775602.3860907253
Tacna,Desierto costero,2022,874.7038233459468,19.20557333374024,775602.3860907176
Tacna,Desierto costero,2023,1059.377735137938,18.18107815551758,775602.3860906996
Tacna,Desierto costero,2024,1071.244567376705,16.8148898071289,775602.386090696
Tacna,Desierto costero,2025,1336.066571276863,15.79061759643555,775602.3860906825
Tumbes,Bosque seco ecuatorial,1985,0.0,421610.8362906861,468157.2588424075
Tumbes,Bosque seco ecuatorial,1986,0.0,421787.85852686537,468157.2588424112
Tumbes,Bosque seco ecuatorial,1987,0.0,421425.6037283404,468157.2588424093
Tumbes,Bosque seco ecuatorial,1988,0.0,421085.5178361317,468157.25884241244
Tumbes,Bosque seco ecuatorial,1989,0.0,422837.1923308249,468157.2588424036
Tumbes,Bosque seco ecuatorial,1990,0.0,421537.70812769147,468157.25884240115
Tumbes,Bosque seco ecuatorial,1991,0.0,419857.65216772206,468157.2588424111
Tumbes,Bosque seco ecuatorial,1992,0.0,419612.5952677871,468157.25884240906
Tumbes,Bosque seco ecuatorial,1993,0.0,419813.256033589,468157.25884240906
Tumbes,Bosque seco ecuatorial,1994,0.0,419495.5008996799,468157.2588424111
Tumbes,Bosque seco ecuatorial,1995,0.0,419311.78818215907,468157.2588424074
Tumbes,Bosque seco ecuatorial,1996,0.0,419408.19854757003,468157.25884239416
Tumbes,Bosque seco ecuatorial,1997,0.0,419459.04011717887,468157.2588423931
Tumbes,Bosque seco ecuatorial,1998,0.0,415003.86002136534,468157.2588424043
Tumbes,Bosque seco ecuatorial,1999,0.0,411933.38738308055,468157.25884240645
Tumbes,Bosque seco ecuatorial,2000,0.0,412271.16524948966,468157.2588424035
Tumbes,Bosque seco ecuatorial,2001,0.0,410408.1104134298,468157.25884240336
Tumbes,Bosque seco ecuatorial,2002,0.0,411942.89965439326,468157.2588424124
Tumbes,Bosque seco ecuatorial,2003,0.0,412404.37465298164,468157.2588424107
Tumbes,Bosque seco ecuatorial,2004,0.0,412069.8261870683,468157.258842397
Tumbes,Bosque seco ecuatorial,2005,0.0,413273.3266938435,468157.25884240953
Tumbes,Bosque seco ecuatorial,2006,0.0,412503.8653542064,468157.2588424083
Tumbes,Bosque seco ecuatorial,2007,0.0,411599.0243220513,468157.25884240057
Tumbes,Bosque seco ecuatorial,2008,0.0,411193.3137862875,468157.2588423914
Tumbes,Bosque seco ecuatorial,2009,0.0,411427.3325222173,468157.25884239544
Tumbes,Bosque seco ecuatorial,2010,0.0,410112.4016741392,468157.2588423886
Tumbes,Bosque seco ecuatorial,2011,0.0,409598.6037752634,468157.2588423964
Tumbes,Bosque seco ecuatorial,2012,0.0,411029.38534977846,468157.25884238706
Tumbes,Bosque seco ecuatorial,2013,0.0,410967.54945884715,468157.2588423922
Tumbes,Bosque seco ecuatorial,2014,0.0,411320.6033577028,468157.2588423894
Tumbes,Bosque seco ecuatorial,2015,0.0,412630.18675608054,468157.25884239044
Tumbes,Bosque seco ecuatorial,2016,0.0,413300.9052524592,468157.2588423886
Tumbes,Bosque seco ecuatorial,2017,0.0,410377.59536103683,468157.2588423908
Tumbes,Bosque seco ecuatorial,2018,0.0,408374.14125384274,468157.25884239847
Tumbes,Bosque seco ecuatorial,2019,0.0,410197.3690291052,468157.2588423926
Tumbes,Bosque seco ecuatorial,2020,0.0,407251.9362315001,468157.2588424011
Tumbes,Bosque seco ecuatorial,2021,0.0,407603.4985918808,468157.25884238776
Tumbes,Bosque seco ecuatorial,2022,0.0,408749.273740168,468157.25884239597
Tumbes,Bosque seco ecuatorial,2023,0.0,406996.13246630103,468157.25884238724
Tumbes,Bosque seco ecuatorial,2024,0.0,404565.58280848444,468157.25884239515
Tumbes,Bosque seco ecuatorial,2025,0.0,406297.43876459106,468157.258842386
Ucayali,Amazonía,1985,6.81225883178711,9940049.345273402,10515199.127263801
Ucayali,Amazonía,1986,0.0,9931269.075655526,10515199.127263812
Ucayali,Amazonía,1987,0.0,9919124.403240895,10515199.1272638
Ucayali,Amazonía,1988,0.0,9901941.760151623,10515199.127263721
Ucayali,Amazonía,1989,0.0,9898890.279222053,10515199.127263725
Ucayali,Amazonía,1990,2.830635308837891,9902359.561753782,10515199.127263758
Ucayali,Amazonía,1991,0.0,9892718.508405842,10515199.127263777
Ucayali,Amazonía,1992,7.520639672851559,9884722.351919662,10515199.12726377
Ucayali,Amazonía,1993,0.0,9869312.880751241,10515199.127263792
Ucayali,Amazonía,1994,0.35397724609375,9851975.82483881,10515199.127263764
Ucayali,Amazonía,1995,0.0,9848853.536101112,10515199.127263779
Ucayali,Amazonía,1996,0.0,9835140.533171013,10515199.1272638
Ucayali,Amazonía,1997,0.0,9838495.105936259,10515199.127263743
Ucayali,Amazonía,1998,0.0,9826309.14983743,10515199.127263654
Ucayali,Amazonía,1999,0.0,9819800.031736968,10515199.127263665
Ucayali,Amazonía,2000,0.0,9813682.788756486,10515199.127263695
Ucayali,Amazonía,2001,0.0,9808925.252542948,10515199.12726376
Ucayali,Amazonía,2002,3.26868882446289,9806200.81827784,10515199.127263755
Ucayali,Amazonía,2003,30.8654618286133,9796152.365739573,10515199.12726379
Ucayali,Amazonía,2004,58.02586713867181,9795102.834998008,10515199.127263736
Ucayali,Amazonía,2005,81.81755491333006,9791040.579501355,10515199.127263743
Ucayali,Amazonía,2006,83.23509265136715,9786327.086870685,10515199.127263773
Ucayali,Amazonía,2007,88.71897352294923,9778117.429503439,10515199.127263743
Ucayali,Amazonía,2008,93.49650612792976,9774643.194931105,10515199.12726373
Ucayali,Amazonía,2009,98.8942869262696,9761996.54788991,10515199.127263745
Ucayali,Amazonía,2010,99.06909978027348,9745089.27399648,10515199.127263742
Ucayali,Amazonía,2011,100.4877723999023,9733483.777905488,10515199.127263775
Ucayali,Amazonía,2012,91.901716845703,9724169.99974749,10515199.127263758
Ucayali,Amazonía,2013,104.1992329833984,9702857.785167007,10515199.127263756
Ucayali,Amazonía,2014,89.8717693969726,9684437.59265117,10515199.127263762
Ucayali,Amazonía,2015,86.33063874511713,9661770.88008197,10515199.127263766
Ucayali,Amazonía,2016,71.55924161987302,9648290.419980446,10515199.12726378
Ucayali,Amazonía,2017,74.12537842407221,9625423.889470303,10515199.127263794
Ucayali,Amazonía,2018,72.1798427978515,9601279.59472143,10515199.12726382
Ucayali,Amazonía,2019,104.6415052185059,9572226.408271987,10515199.12726373
Ucayali,Amazonía,2020,127.0198059631347,9534604.886499943,10515199.127263747
Ucayali,Amazonía,2021,189.2098864135742,9491675.501314022,10515199.127263736
Ucayali,Amazonía,2022,233.3507350646974,9440676.872455113,10515199.127263708
Ucayali,Amazonía,2023,257.8552602600101,9402523.230101524,10515199.127263721
Ucayali,Amazonía,2024,213.086946295166,9337738.463532731,10515199.127263714
Ucayali,Amazonía,2025,301.8241806579592,9301281.136018358,10515199.127263766
Áncash,Andes,1985,27.42563947753906,80195.33154799303,2981600.635414391
Áncash,Andes,1986,27.51377952270508,80192.65864450797,2981600.635414386
Áncash,Andes,1987,33.77530950317381,80947.77229305534,2981600.6354143536
Áncash,Andes,1988,45.76631979370119,80813.68584243838,2981600.6354143554
Áncash,Andes,1989,49.99771317749024,80655.73676534527,2981600.6354143396
Áncash,Andes,1990,49.74535640258787,81317.295380476,2981600.6354143796
Áncash,Andes,1991,53.62532321166984,81298.08364716925,2981600.6354144067
Áncash,Andes,1992,55.29759301757806,82136.69026139035,2981600.6354143987
Áncash,Andes,1993,62.08792346801755,82015.59727791272,2981600.6354143657
Áncash,Andes,1994,83.2572133239745,82938.29582487301,2981600.6354143643
Áncash,Andes,1995,106.1869670654298,82458.28705462159,2981600.63541434
Áncash,Andes,1996,140.2234947387697,81132.79664110187,2981600.6354143634
Áncash,Andes,1997,167.2054184204102,81250.62698742162,2981600.635414421
Áncash,Andes,1998,295.7248640197749,78730.78917902918,2981600.6354144043
Áncash,Andes,1999,447.951195324707,77773.44036643808,2981600.6354143643
Áncash,Andes,2000,808.5220167785641,78390.0111809705,2981600.6354143554
Áncash,Andes,2001,995.1536640441864,77830.75737249921,2981600.635414354
Áncash,Andes,2002,1129.753180133062,76448.39373565823,2981600.6354143606
Áncash,Andes,2003,1287.27862824708,74718.15116546777,2981600.6354143545
Áncash,Andes,2004,1421.072838940432,76542.2906290239,2981600.635414339
Áncash,Andes,2005,1556.2832300171,76582.10214032172,2981600.6354143443
Áncash,Andes,2006,1708.599539501965,75354.35146165908,2981600.635414346
Áncash,Andes,2007,1763.898696362316,75873.63970899818,2981600.6354143694
Áncash,Andes,2008,1807.457936041264,75990.73241055472,2981600.635414357
Áncash,Andes,2009,1831.531548406985,76076.75546938674,2981600.635414364
Áncash,Andes,2010,1965.397533563218,77750.40706334966,2981600.635414358
Áncash,Andes,2011,1975.197804205319,78493.42944800541,2981600.6354143447
Áncash,Andes,2012,1969.638745092763,79353.49370156944,2981600.6354143573
Áncash,Andes,2013,2020.222885137933,80192.4753579118,2981600.6354143564
Áncash,Andes,2014,1873.127117327889,81421.58060941915,2981600.635414358
Áncash,Andes,2015,1917.528687298576,83203.03319013822,2981600.635414381
Áncash,Andes,2016,2122.041101007071,85186.25919743175,2981600.6354143787
Áncash,Andes,2017,2124.172851708981,85462.45892730217,2981600.635414392
Áncash,Andes,2018,2147.560796520999,86272.28674954321,2981600.6354143852
Áncash,Andes,2019,2233.549377404785,87079.0817853714,2981600.6354143787
Áncash,Andes,2020,2341.23143508911,86158.07394545426,2981600.635414381
Áncash,Andes,2021,2544.478906335433,85213.00436826919,2981600.6354143857
Áncash,Andes,2022,2557.851001190202,84563.70893051293,2981600.6354143973
Áncash,Andes,2023,2699.660638061509,84814.54594373319,2981600.6354144164
Áncash,Andes,2024,2666.488470605489,86941.4312316482,2981600.6354143964
Áncash,Andes,2025,2717.506504632535,86051.04189967192,2981600.635414398
Áncash,Desierto costero,1985,1.942893981933593,165.98543146362215,609186.3645575024
Áncash,Desierto costero,1986,1.589642199707031,165.63305158080965,609186.3645574985
Áncash,Desierto costero,1987,3.532568780517579,171.00857720947138,609186.3645574875
Áncash,Desierto costero,1988,5.387153466796875,177.26483623657128,609186.3645574868
Áncash,Desierto costero,1989,1.854590545654297,181.06348909912018,609186.3645574846
Áncash,Desierto costero,1990,0.794826806640625,170.6552018859851,609186.3645574906
Áncash,Desierto costero,1991,0.4415315856933594,167.65864931640525,609186.364557492
Áncash,Desierto costero,1992,3.797772741699219,165.2739063537587,609186.3645574925
Áncash,Desierto costero,1993,0.0,167.8298597045886,609186.3645574956
Áncash,Desierto costero,1994,0.0,172.8526698486318,609186.3645574973
Áncash,Desierto costero,1995,14.65306267700195,173.4688317749014,609186.3645575007
Áncash,Desierto costero,1996,14.21149514160156,187.86789422607328,609186.3645575006
Áncash,Desierto costero,1997,19.50771114501956,192.99157391967682,609186.3645575014
Áncash,Desierto costero,1998,19.50771114501956,216.655269744872,609186.3645575059
Áncash,Desierto costero,1999,19.50771114501956,247.11518224487236,609186.3645575108
Áncash,Desierto costero,2000,55.62841105957007,303.1131609741202,609186.3645575067
Áncash,Desierto costero,2001,19.50771114501956,319.808429821777,609186.3645575015
Áncash,Desierto costero,2002,29.31204899902347,373.78758216552615,609186.3645575009
Áncash,Desierto costero,2003,19.86133083496097,340.320495532226,609186.3645574885
Áncash,Desierto costero,2004,21.71536640625002,321.0709297302242,609186.3645574867
Áncash,Desierto costero,2005,38.48953570556644,293.51329337768493,609186.3645574882
Áncash,Desierto costero,2006,40.87272725219723,288.2161708801259,609186.3645574829
Áncash,Desierto costero,2007,41.40315687866207,305.6016537597651,609186.3645574768
Áncash,Desierto costero,2008,114.0861994201646,256.6548133056634,609186.3645574887
Áncash,Desierto costero,2009,111.7902380249013,359.5477827087402,609186.3645574882
Áncash,Desierto costero,2010,146.1288302673315,505.3794926696776,609186.3645574851
Áncash,Desierto costero,2011,176.9354282836907,442.1560289611823,609186.3645574864
Áncash,Desierto costero,2012,182.056651983642,540.5479981994602,609186.3645574882
Áncash,Desierto costero,2013,242.2664648681686,473.07214370116833,609186.3645574802
Áncash,Desierto costero,2014,274.9413837402375,580.397229663085,609186.3645574768
Áncash,Desierto costero,2015,277.2377990783723,582.081625018309,609186.3645574733
Áncash,Desierto costero,2016,306.7026805419958,525.2834028686477,609186.3645574818
Áncash,Desierto costero,2017,313.7664447326694,453.4624844970693,609186.3645574909
Áncash,Desierto costero,2018,330.8911033752451,584.3120940063465,609186.3645574802
Áncash,Desierto costero,2019,340.0304492675793,705.9775356994585,609186.3645574806
Áncash,Desierto costero,2020,363.6428352783175,727.9871789306611,609186.3645574877
Áncash,Desierto costero,2021,371.2379555725069,869.1677903808527,609186.3645574932
Áncash,Desierto costero,2022,415.4225920532188,750.4136414123547,609186.3645574972
Áncash,Desierto costero,2023,530.3337537292324,613.7531371826127,609186.3645574993
Áncash,Desierto costero,2024,679.2074545165822,590.7783939025812,609186.3645574925
Áncash,Desierto costero,2025,957.247560186752,512.3227745605434,609186.3645574871
